id,name,type,category,power,accuracy,pp,priority,target,description
ABSORB,Absorb,GRASS,Physical,35,100,25,0,NearOther,A nutrient-draining attack. The user's HP is restored by half the damage taken by the target.
ACCELEROCK,Accelerock,ROCK,,40,100,20,1,NearOther,The user smashes into the target at high speed. This move always goes first.
ACID,Acid,POISON,Physical,40,100,30,0,AllNearFoes,The foe is attacked with a spray of harsh acid. It may also lower the target's Sp. Def stat.
ACIDARMOR,Acid Armor,POISON,Special,0,0,20,0,User,"The user alters its cellular structure to liquefy itself, sharply raising its Defense stat."
ACIDRAIN,Acid Rain,POISON,Special,0,0,10,0,BothSides,"The user generates an acid rain that damages all the Pokémon, except Poison-Type Pokémon."
ACIDSPRAY,Acid Spray,POISON,Physical,40,100,20,0,NearOther,The user spits fluid that works to melt the target. This harshly reduces the target's Sp. Def stat.
ACROBATICS,Acrobatics,FLYING,,55,100,15,0,Other,The user nimbly strikes the foe. This attack does more damage if the user is not holding an item.
ACUPRESSURE,Acupressure,NORMAL,Special,0,0,30,0,UserOrNearAlly,"The user applies pressure to stress points, sharply boosting one of its stats."
AERIALACE,Aerial Ace,FLYING,,60,0,20,0,Other,"The user confounds the foe with speed, then slashes. The attack lands without fail."
AEROBLAST,Aeroblast,FLYING,Physical,100,95,5,0,Other,A vortex of air is shot at the target to inflict damage. Critical hits land more easily.
AFROBREAK,Afro Break,NORMAL,,120,100,15,0,NearOther,"The user charges its head into the foe, using its powerful guard hair. The user also takes damage."
AFTERYOU,After You,NORMAL,Special,0,0,15,0,NearOther,The user helps the target and makes it use its move right after the user.
AGILITY,Agility,PSYCHIC,Special,0,0,30,0,User,The user relaxes and lightens its body to move faster. It sharply boosts the Speed stat.
AIRCUTTER,Air Cutter,FLYING,Physical,60,100,25,0,AllNearFoes,The user launches razor-like wind to slash the opposing team. Critical hits land more easily.
AIRSLASH,Air Slash,FLYING,Physical,85,95,15,0,Other,The user attacks with a blade of air that slices even the sky. It may also make the target flinch.
ALLURINGVOICE,Alluring Voice,FAIRY,Physical,80,100,10,0,NearOther,Attacks using an angelic voice. This confuses the target if its stats have been raised this turn.
ALLYSWITCH,Ally Switch,PSYCHIC,Special,0,0,15,2,User,The user teleports using a strange power and switches its place with one of its allies.
AMNESIA,Amnesia,PSYCHIC,Special,0,0,20,0,User,The user temporarily empties its mind to forget its concerns. It sharply raises the user's Sp. Def stat.
ANCHORSHOT,Anchor Shot,STEEL,,80,100,20,0,NearOther,The user entangles the target with its anchor chain. The target becomes unable to flee.
ANCIENTPOWER,Ancient Power,ROCK,Physical,60,100,5,0,NearOther,The user attacks with a prehistoric power. It may also raise all the user's stats at once.
ANGERWAVE,Anger Wave,NORMAL,,1,100,20,0,NearOther,The user vents out its frustration. The attack grows more powerful the less the user likes its Trainer.
APPLEACID,Apple Acid,GRASS,Physical,80,100,10,0,NearOther,Attacks with an acidic liquid created from tart apples. This also lowers the target's Sp. Def.
AQUACUTTER,Aqua Cutter,WATER,,70,100,20,0,NearOther,The user expels pressurized water to cut at the target like a blade. Critical hits land more easily.
AQUAJET,Aqua Jet,WATER,,40,100,20,1,NearOther,The user lunges at the target at a speed that makes it almost invisible. It is sure to strike first.
AQUARING,Aqua Ring,WATER,Special,0,0,20,0,User,The user envelops itself in a veil made of water. It regains some HP on every turn.
AQUASTEP,Aqua Step,WATER,,80,100,10,0,NearOther,The user attacks the target using light and fluid dance steps. This also boosts the user’s Speed stat.
AQUATAIL,Aqua Tail,WATER,,90,90,10,0,NearOther,The user attacks by swinging its tail as if it were a vicious wave in a raging storm.
ARMORCANNON,Armor Cannon,FIRE,Physical,120,100,5,0,NearOther,The user shoots its own armor out as blazing projectiles. This lowers the user’s Defense and Sp. Def.
ARMTHRUST,Arm Thrust,FIGHTING,,15,100,20,0,NearOther,The user looses a flurry of open-palmed arm thrusts that hit two to five times in a row.
AROMATHERAPY,Aromatherapy,GRASS,Special,0,0,5,0,UserAndAllies,The user releases a soothing scent that heals all status problems affecting the user's party.
AROMATICMIST,Aromatic Mist,FAIRY,Special,0,0,20,0,NearAlly,The user raises the Sp. Def stat of an ally Pokémon by using a mysterious aroma.
ASSIST,Assist,NORMAL,Special,0,0,20,0,User,The user hurriedly and randomly uses a move among those known by other Pokémon in the party.
ASSURANCE,Assurance,DARK,,60,100,10,0,NearOther,"If the target has already taken damage in the same turn, this attack's power is doubled."
ASTONISH,Astonish,GHOST,,30,100,15,0,NearOther,The user attacks the target while shouting in a startling fashion. It may also make the target flinch.
ASTRALBARRAGE,Astral Barrage,GHOST,Physical,120,100,5,0,AllNearFoes,The user attacks by sending a frightful amount of small ghosts at opposing Pokémon.
ATTACKORDER,Attack Order,BUG,Physical,90,100,15,0,NearOther,"The user calls out its underlings to pummel the target, hitting its Defense. This move has a heightened chance of landing a critical hit."
ATTRACT,Attract,NORMAL,Special,0,100,15,0,NearOther,"If it is the opposite gender of the user, the target becomes infatuated and less likely to attack."
AURASPHERE,Aura Sphere,FIGHTING,Physical,80,0,20,0,Other,The user looses a blast of aura power from deep within its body. This move is certain to hit.
AURAWHEEL,Aura Wheel,ELECTRIC,,110,100,10,0,NearOther,Morpeko attacks and raises its Speed with energy stored in its cheeks. Type changes with the user's form.
AURORABEAM,Aurora Beam,ICE,Physical,65,100,20,0,NearOther,The target is hit with a rainbow-colored beam. This may also lower the target's Attack stat.
AURORAVEIL,Aurora Veil,ICE,Special,0,0,20,0,UserSide,This move reduces damage from attacks for five turns. This can be used only in a hailstorm.
AUTOTOMIZE,Autotomize,STEEL,Special,0,0,15,0,User,The user sheds part of its body to make itself lighter and sharply raise its Speed stat.
AVALANCHE,Avalanche,ICE,,60,100,10,-4,NearOther,An attack move that inflicts double the damage if the user has been hurt by the foe in the same turn.
AXEKICK,Axe Kick,FIGHTING,,120,90,10,0,NearOther,Performs a downward kick which may confuse the target. The user takes damage if it misses.
BABBLE,Babble,SOUND,Physical,45,100,25,0,NearOther,The user attacks the target by shouting incoherently at it.
BABYDOLLEYES,Baby-Doll Eyes,FAIRY,Special,0,100,30,1,NearOther,"The user stares with its baby-doll eyes, which lowers the target's Attack stat. Always goes first."
BANEFULBUNKER,Baneful Bunker,POISON,Special,0,0,10,4,User,Protects the user from attacks. Also poisons any attacker that makes contact with the user.
BARBBARRAGE,Barb Barrage,POISON,,60,100,10,0,NearOther,Fires toxic barbs which may poison the target. Power is doubled if the target is poisoned.
BARRAGE,Barrage,NORMAL,,15,85,20,0,NearOther,Round objects are hurled at the target to strike two to five times in a row.
BARRIER,Barrier,PSYCHIC,Special,0,0,20,0,User,The user throws up a sturdy wall that sharply raises its Defense stat.
BATONPASS,Baton Pass,NORMAL,Special,0,0,40,0,User,"The user switches places with a party Pokémon in waiting, passing along any stat changes."
BEAKBLAST,Beak Blast,FLYING,,100,100,15,-3,NearOther,The user heats up its beak before attacking. Making contact in this time results in a burn.
BEATUP,Beat Up,DARK,,1,100,10,0,NearOther,"The user gets all the party Pokémon to attack the foe. The more party Pokémon, the more damage."
BEHEMOTHBASH,Behemoth Bash,STEEL,,100,100,5,0,NearOther,The user becomes a gigantic shield and slams into the target.
BEHEMOTHBLADE,Behemoth Blade,STEEL,,100,100,5,0,NearOther,The user becomes a gigantic sword and cuts the target.
BELCH,Belch,POISON,Physical,120,90,10,0,NearOther,The user lets out a damaging belch at the target. The user must eat a held Berry to use this move.
BELLYDRUM,Belly Drum,NORMAL,Special,0,0,10,0,User,The user maximizes its Attack stat in exchange for HP equal to half its max HP.
BENEVOLENCE,Benevolence,FAIRY,Special,0,0,15,0,NearOther,"The user resets the stat changes of the target. If it lands, heals 1/4 max HP."
BERRYPUNCH,Berry Punch,GRASS,,75,100,15,0,NearOther,The user eats their berry before rushing fist-first to eat the target's.
BESTOW,Bestow,NORMAL,Special,0,0,15,0,NearOther,The user passes its held item to the target when the target isn't holding an item.
BIDE,Bide,NORMAL,,1,0,10,1,None,"The user endures attacks for two turns, then strikes back to cause double the damage taken."
BIND,Bind,NORMAL,,15,85,20,0,NearOther,Things such as long bodies or tentacles are used to bind and squeeze the foe for four to five turns.
BITE,Bite,DARK,,60,100,25,0,NearOther,The target is bitten with viciously sharp fangs. It may make the target flinch.
BITTERBLADE,Bitter Blade,FIRE,,90,100,10,0,NearOther,A spiteful slashing attack. The user’s HP is restored by up to half the damage taken by the target.
BITTERMALICE,Bitter Malice,GHOST,Physical,75,100,10,0,NearOther,The user attacks the target with spine-chilling resentment. This also lowers the target’s Attack stat.
BLASTBURN,Blast Burn,FIRE,Physical,150,90,5,0,NearOther,The target is razed by a fiery explosion. This move can’t be used twice in a row.
BLAZEKICK,Blaze Kick,FIRE,,85,90,10,0,NearOther,The user launches a kick with a high critical-hit ratio. It may also leave the target with a burn.
BLAZINGTORQUE,Blazing Torque,FIRE,,80,100,10,0,NearOther,This move is only used by a Starmobile. It may leave the target with a burn.
BLEAKWINDSTORM,Bleakwind Storm,FLYING,Physical,100,80,10,0,AllNearFoes,The user attacks with cold winds that cause opposing Pokémon to tremble. This may lower their Speed stats.
BLIZZARD,Blizzard,ICE,Physical,110,70,5,0,AllNearFoes,A howling blizzard is summoned to strike the target. This may also leave the target with frostbite.
BLOCK,Block,NORMAL,Special,0,0,5,0,NearOther,The user blocks the target's way with arms spread wide to prevent escape.
BLOODMOON,Blood Moon,NORMAL,Physical,140,100,5,0,NearOther,The user unleashes the full brunt of its spirit from a blood moon. This move can't be used twice in a row.
BLUEFLARE,Blue Flare,FIRE,Physical,130,85,5,0,NearOther,"The user attacks by engulfing the foe in a beautiful, yet intense, blue flame. It may also burn the foe."
BLUENOTE,Blue Note,SOUND,Special,0,75,10,0,AllNearFoes,Opposing Pokémon are hit by a relaxing music that makes them sleep.
BODYPRESS,Body Press,FIGHTING,,80,100,10,0,NearOther,The user attacks by slamming its body into the target. Power increases the higher the user's Defense is.
BODYSLAM,Body Slam,NORMAL,,85,100,15,0,NearOther,The user drops onto the target with its full body weight. It may leave the target with paralysis.
BOLTBEAK,Bolt Beak,ELECTRIC,,85,100,10,0,NearOther,Stabs the target with an electrified beak. Power is doubled if the user attacks first.
BOLTSTRIKE,Bolt Strike,ELECTRIC,,130,85,5,0,NearOther,"The user charges at its foe, surrounding itself with lightning. It may also leave the target paralyzed."
BONECLUB,Bone Club,FIGHTING,,85,100,20,0,NearOther,The user clubs the target with an expertly wielded bone. It may also make the target flinch.
BONEMERANG,Bonemerang,GROUND,,50,90,10,0,NearOther,"The user throws the bone it holds, hitting the target twice as it comes and goes. Hits airborne targets and grounds them."
BONERUSH,Bone Rush,GROUND,,25,90,10,0,NearOther,The user strikes the target with a hard bone two to five times in a row.
BOOMBURST,Boomburst,SOUND,Physical,110,95,10,0,AllNearOthers,"The user attacks everything around it with the destructive power of a terrible, explosive sound."
BOUNCE,Bounce,FLYING,,85,85,5,0,Other,"The user bounces up high, then drops on the foe on the second turn. It may also paralyze the foe."
BRAINSTORM,Brainstorm,PSYCHIC,Physical,120,95,5,0,AllNearFoes,"The user unleashes a storm of uncontrolled psychic energy upon the field, hitting everyone. The strain sharply reduces the user's Sp.Atk."
BRANCHPOKE,Branch Poke,GRASS,,40,100,40,0,NearOther,The user attacks the target by poking it with a sharply pointed branch.
BRAVEBIRD,Brave Bird,FLYING,,120,100,15,0,Other,The user tucks in its wings and charges from a low altitude. The user also takes serious damage.
BREAKINGSWIPE,Breaking Swipe,DRAGON,,60,100,15,0,AllNearFoes,The user swings its tough tail wildly and attacks all foes. This also lowers their Attack stats.
BREMANDRHAPSODY,Bremand Rhapsody,SOUND,Physical,65,95,15,0,AllNearFoes,The user attacks with a song. Other Bremand can join in the Raphsody and make the attack do more damage.
BRICKBREAK,Brick Break,FIGHTING,,70,100,15,0,NearOther,"The user attacks with a swift chop, breaking any barrier such as Reflect, dealing extra damage if it does."
BRINE,Brine,WATER,Physical,65,100,10,0,NearOther,"If the target's HP is down to about half, this attack will hit with double the power."
BRUISINGBASH,Bruising Bash,DARK,,60,90,25,0,NearOther,The user bashes the opponent so hard it leaves a bruise. The opponent takes more physical damage until they switch out.
BRUTALSWING,Brutal Swing,DARK,,60,100,20,0,AllNearOthers,The user swings its body around violently to inflict damage on everything in its vicinity.
BUBBLE,Bubble,WATER,Physical,40,100,30,0,AllNearFoes,A spray of countless bubbles is jetted at the opposing team. It may also lower the targets' Speed stats.
BUBBLEBEAM,Bubble Beam,WATER,Physical,65,100,20,0,NearOther,A spray of bubbles is forcefully ejected at the target. It may also lower its Speed stat.
BUGBITE,Bug Bite,BUG,,60,100,20,0,NearOther,"The user attacks by biting the target. If the target is holding a Berry, the user eats it and gains its effect."
BUGBUZZ,Bug Buzz,BUG,Physical,90,100,10,0,NearOther,The user vibrates to generate a damaging sound wave. This may also lower the target’s Sp. Def stat.
BULKUP,Bulk Up,FIGHTING,Special,0,0,20,0,User,"The user tenses its muscles to bulk up its body, boosting its Attack and Defense stats."
BULLDOZE,Bulldoze,GROUND,,60,100,20,0,AllNearOthers,The user strikes everything around it by stomping on the ground. It reduces hit Pokémon's Speed.
BULLETPUNCH,Bullet Punch,STEEL,,40,100,30,1,NearOther,The user strikes the target with tough punches as fast as bullets. This move always goes first.
BULLETSEED,Bullet Seed,GRASS,,25,100,30,0,NearOther,The user attacks by forcefully shooting seeds at the target. This move hits two to five times in a row.
BURNINGBULWARK,Burning Bulwark,FIRE,Special,0,0,10,4,User,Protects the user from attacks. Also burns any attacker that makes contact with the user.
BURNINGJEALOUSY,Burning Jealousy,FIRE,Physical,70,100,5,0,AllNearFoes,The user attacks with energy from jealousy. This burns all foes that had their stats boosted this turn.
BURNUP,Burn Up,FIRE,Physical,130,100,5,0,NearOther,"To inflict massive damage, the user burns itself out. The user will no longer be Fire type."
CALMMIND,Calm Mind,PSYCHIC,Special,0,0,20,0,User,The user quietly focuses its mind and calms its spirit to boost its Sp. Atk and Sp. Def stats.
CAMOUFLAGE,Camouflage,NORMAL,Special,0,0,20,0,User,"The user's type is changed depending on its environment, such as at water's edge, in grass, or in a cave."
CAPTIVATE,Captivate,NORMAL,Special,0,100,20,0,AllNearFoes,"If it is the opposite gender of the user, the target is charmed into harshly lowering its Sp. Atk stat."
CATTAILRIPPLE,Cattail Ripple,POISON,,80,100,15,0,NearOther,The user hits the opponent with a venom-infused tail strike. The toxins will either poison or paralyze them.
CEASELESSEDGE,Ceaseless Edge,DARK,,65,90,15,0,NearOther,The user slashes the opponent with its shell blade. May leave spikes around the target.
CELEBRATE,Celebrate,NORMAL,Special,0,0,40,0,User,The Pokémon congratulates you on your special day!
CHARGE,Charge,ELECTRIC,Special,0,0,20,0,User,The user boosts the power of the Electric move it uses next. It also raises the user's Sp. Def stat.
CHARGEBEAM,Charge Beam,ELECTRIC,Physical,50,90,10,0,NearOther,The user fires a concentrated bundle of electricity. It may also raise the user's Sp. Atk stat.
CHARM,Charm,FAIRY,Special,0,100,20,0,NearOther,"The user charmingly gazes at the foe, making it less wary. The target's Attack is harshly lowered."
CHATTER,Chatter,SOUND,Physical,65,100,20,0,Other,The user attacks using a sound wave based on words it has learned. It may also confuse the target.
CHEERING,Cheering,SOUND,Special,0,0,15,5,NearAlly,"The user begins cheering for their ally, allowing their ally's move to have high priority."
CHILLINGWATER,Chilling Water,WATER,Physical,70,100,20,0,NearOther,The user showers the target with frigid water. This may also inflict Frostbite
CHILLYRECEPTION,Chilly Reception,ICE,Special,0,0,10,0,BothSides,The user tells a chillingly bad joke and switches out. This summons a snowstorm lasting five turns.
CHIPAWAY,Chip Away,NORMAL,,70,100,20,0,NearOther,"Seeking an opening, the user strikes continually. The foe's stat changes don't affect the damage."
CHLOROBLAST,Chloroblast,GRASS,Physical,150,95,5,0,NearOther,The user launches its amassed chlorophyll to inflict damage on the target. This also halves the user's HP.
CIRCLETHROW,Circle Throw,FIGHTING,,60,90,10,-6,NearOther,"The user throws the target and drags out another Pokémon in its party. In the wild, the battle ends."
CLAMP,Clamp,WATER,,35,85,15,0,NearOther,The target is clamped and squeezed by the user's very thick and sturdy shell for four to five turns.
CLANGINGSCALES,Clanging Scales,DRAGON,Physical,110,100,5,0,AllNearFoes,The user rubs its scales and makes a huge noise. Also lowers the user's Defense stat.
CLANGOROUSSOUL,Clangorous Soul,DRAGON,Special,0,0,5,0,User,The user raises all its stats by using some of its HP.
CLEARSMOG,Clear Smog,POISON,Physical,50,0,15,0,NearOther,The user attacks by throwing a clump of special mud. All status changes are returned to normal.
CLOSECOMBAT,Close Combat,FIGHTING,,120,100,5,0,NearOther,The user fights the foe up close without guarding itself. It also cuts the user's Defense and Sp. Def.
COACHING,Coaching,FIGHTING,Special,0,0,10,0,AllAllies,"The user properly coaches its ally Pokémon, boosting their Attack and Defense stats."
COIL,Coil,POISON,Special,0,0,20,0,User,The user coils up and concentrates. This raises its Attack and Defense stats as well as its accuracy.
COLLISIONCOURSE,Collision Course,FIGHTING,,100,100,5,0,NearOther,A massive prehistoric explosion. This move’s power is boosted more than usual if it’s a supereffective hit.
COLORCLAW,Color Claw,NORMAL,,85,100,15,0,NearOther,The user slices the opponent with its colorful claws. More likely to score a Critical Hit. Type changes with the user's type.
COMBATTORQUE,Combat Torque,FIGHTING,,100,100,10,0,NearOther,This move is only used by a Starmobile. It may paralyze the target.
COMETPUNCH,Comet Punch,FAIRY,,25,100,15,0,NearOther,The target is hit with a flurry of punches that strike two to five times in a row.
COMEUPPANCE,Comeuppance,DARK,,1,100,10,0,None,The user retaliates with much greater force against the opponent that last inflicted damage on it.
CONFIDE,Confide,SOUND,Special,0,0,20,0,NearOther,The user tells the target a secret. The target loses focus and its Sp. Atk stat is lowered.
CONFUSERAY,Confuse Ray,GHOST,Special,0,100,10,0,NearOther,The target is exposed to a sinister ray that triggers confusion.
CONFUSION,Confusion,PSYCHIC,Physical,50,100,25,0,NearOther,The target is hit by a weak telekinetic force. It may also leave the target confused.
CONSTRICT,Constrict,NORMAL,,10,100,35,0,NearOther,"The foe is attacked with long, creeping tentacles or vines. It may also lower the target's Speed."
CONVERSION,Conversion,NORMAL,Special,0,0,30,0,User,The user changes its type to become the same type as one of its moves.
CONVERSION2,Conversion 2,NORMAL,Special,0,0,30,0,NearOther,The user changes its type to make itself resistant to the type of the attack the opponent used last.
COPYCAT,Copycat,NORMAL,Special,0,0,20,0,User,The user mimics the move used immediately before it. The move fails if no other move has been used yet.
COREENFORCER,Core Enforcer,DRAGON,Physical,100,100,10,0,AllNearFoes,"If the target has already moved this turn, the effect of its Ability is negated."
CORRODINGACID,Corroding Acid,POISON,Physical,70,100,20,0,NearOther,The user shoots a corrosive substance that hits Steel types. Is super-effective under Acid Rain. This may burn the target.
CORROSIVEGAS,Corrosive Gas,POISON,Physical,65,100,40,0,AllNearOthers,The user surrounds everything around it with highly acidic gas and melts away items they hold.
COSMICPOWER,Cosmic Power,PSYCHIC,Special,0,0,20,0,User,The user absorbs a mystical power from space to raise its Defense and Sp. Def stats.
COTTONGUARD,Cotton Guard,GRASS,Special,0,0,10,0,User,"The user protects itself by wrapping its body in soft cotton, drastically raising its Defense stat."
COTTONSPORE,Cotton Spore,GRASS,Special,0,100,40,0,AllNearFoes,"The user releases cotton-like spores that cling to the foe, harshly reducing its Speed stat."
COUNTER,Counter,FIGHTING,,1,100,20,-5,None,"A retaliation move that counters any physical attack, inflicting double the damage taken."
COURTCHANGE,Court Change,NORMAL,Special,0,0,10,0,BothSides,"With its mysterious power, the user swaps the effects on either side of the field."
COVET,Covet,FAIRY,,60,100,25,0,NearOther,"The user endearingly approaches the target, then steals the target's held item."
CRABHAMMER,Crabhammer,WATER,,90,90,10,0,NearOther,The target is hammered with a large pincer. Critical hits land more easily.
CRAFTYSHIELD,Crafty Shield,FAIRY,Special,0,0,10,3,UserSide,The user protects itself and its allies from status moves with a mysterious power.
CRAGSHOT,Cragshot,ROCK,,120,100,10,-1,NearOther,"The user charges up and boosts Defense in the first turn, then shoots at the foe on the next turn."
CREAMWHIP,Cream Whip,ICE,,80,100,20,0,NearOther,The user strikes the enemy with a slap of condensed cream that reduces speed
CROSSCHOP,Cross Chop,FIGHTING,,100,80,5,0,NearOther,The user delivers a double chop with its forearms crossed. Critical hits land more easily.
CROSSPOISON,Cross Poison,POISON,,75,100,20,0,NearOther,A slashing attack with a poisonous blade that may also poison the foe. Critical hits land more easily.
CRUNCH,Crunch,DARK,,80,100,15,0,NearOther,The user crunches up the target with sharp fangs. It may also lower the target's Defense stat.
CRUSHCLAW,Crush Claw,NORMAL,,75,95,10,0,NearOther,The user slashes the target with hard and sharp claws. It may also lower the target's Defense.
CRUSHGRIP,Crush Grip,NORMAL,,1,100,5,0,NearOther,The target is crushed with great force. The attack is more powerful the more HP the target has left.
CRYSTALSHINE,Crystal Shine,ROCK,Physical,80,100,10,0,AllNearFoes,The user amplifies the light that hits their reflective crystals and damages the opponents.
CURSE,Curse,GHOST,Special,0,0,10,0,User,A move that works differently for the Ghost type than for all the other types.
CUT,Cut,STEEL,,70,95,30,0,NearOther,The target is cut with a scythe or a claw. It has a higher Critical Hit Rate.
DARKENINGBOLT,Darkening Bolt,DARK,Physical,100,100,15,0,AllNearFoes,The user creates an ominous storm of black lightning that hits all opponents. It may also paralyze them.
DARKESTLARIAT,Darkest Lariat,DARK,,85,100,10,0,NearOther,The user swings both arms and hits the target. This attack ignores the target's stat changes.
DARKPULSE,Dark Pulse,DARK,Physical,80,100,15,0,Other,The user releases a horrible aura imbued with dark thoughts. It may also make the target flinch.
DARKVOID,Dark Void,DARK,Special,0,50,10,0,AllNearFoes,Opposing Pokémon are dragged into a world of total darkness that makes them sleep.
DAZZLINGGLEAM,Dazzling Gleam,FAIRY,Physical,80,100,10,0,AllNearFoes,The user damages opposing Pokémon by emitting a powerful flash.
DEATHNAIL,Death Nail,GHOST,,64,100,15,0,AllNearFoes,The user strikes all foes with cursed nails that binds them to the ground.
DECORATE,Decorate,FAIRY,Special,0,0,15,0,NearOther,The user sharply raises the target's Attack and Sp. Atk stats by decorating the target.
DEFENDORDER,Defend Order,BUG,Special,0,0,10,0,User,"The user calls out its underlings to shield its body, boosting its Defense and Sp. Def stats."
DEFENSECURL,Defense Curl,NORMAL,Special,0,0,40,0,User,The user curls up to conceal weak spots and raise its Defense stat.
DEFOG,Defog,FLYING,Special,0,0,15,0,NearOther,A strong wind blows away the foe's obstacles such as Light Screen. It also lowers their evasion.
DESTINYBOND,Destiny Bond,GHOST,Special,0,0,5,0,User,"When this move is used, if the user faints, the foe that landed the knockout hit also faints."
DETECT,Detect,FIGHTING,Special,0,0,5,4,User,It enables the user to evade all attacks. Increases the user's accuracy by 1. Its chance of failing rises if it is used in succession.
DIAMONDSTORM,Diamond Storm,ROCK,,100,95,5,0,AllNearFoes,The user whips up a storm of diamonds to damage foes. This may also sharply raise the user's Defense stat.
DIG,Dig,GROUND,,80,100,10,0,NearOther,"The user burrows, then attacks on the second turn. It can also be used to exit dungeons."
DIRECLAW,Dire Claw,POISON,,80,100,15,0,NearOther,"The user may critically hit with its ruinous claws. May also leave the target poisoned, paralyzed, or frostbitten."
DISABLE,Disable,NORMAL,Special,0,100,20,0,NearOther,"For four turns, this move prevents the target from using the move it last used."
DISARMINGVOICE,Disarming Voice,FAIRY,Physical,40,0,15,0,AllNearFoes,"Letting out a charming cry, the user does emotional damage to foes. This attack never misses."
DISCHARGE,Discharge,ELECTRIC,Physical,80,100,15,0,AllNearOthers,A flare of electricity is loosed to strike the area around the user. It may also cause paralysis.
DISCOFEVER,Disco Fever,SOUND,Special,0,85,15,0,AllNearFoes,"The user sings a song that compels both opponents to dance until they feel the heat, leaving them burned."
DIVE,Dive,WATER,,80,100,10,0,NearOther,"Diving on the first turn, the user rises and hits on the next turn. It can be used to dive in the ocean."
DIZZYPUNCH,Dizzy Punch,NORMAL,,70,100,10,0,NearOther,The target is hit with rhythmically launched punches that may also leave it confused.
DOODLE,Doodle,NORMAL,Special,0,100,10,0,NearFoe,"The user captures a quick sketch, changing the Abilities of the user and its allies to the target's."
DOOMDESIRE,Doom Desire,STEEL,Physical,140,100,5,0,NearOther,"Two turns after this move is used, the user blasts the target with a concentrated bundle of light."
DOUBLEEDGE,Double-Edge,NORMAL,,120,100,15,0,NearOther,"A reckless, life-risking tackle. It also damages the user by a fairly large amount, however."
DOUBLEHIT,Double Hit,NORMAL,,35,90,10,0,NearOther,"The user slams the target with a long tail, vines, or tentacle. The target is hit twice in a row."
DOUBLEIRONBASH,Double Iron Bash,STEEL,,60,100,5,0,NearOther,"The user rotates, centering the hex nut in its chest, and then strikes twice. May cause flinching."
DOUBLEKICK,Double Kick,FIGHTING,,30,100,30,0,NearOther,The target is quickly kicked twice in succession using both feet.
DOUBLESHOCK,Double Shock,ELECTRIC,,120,100,5,0,NearOther,The user attacks by discharging all of its electricity. The user will no longer be Electric type.
DOUBLESLAP,Double Slap,NORMAL,,15,85,10,0,NearOther,"The target is slapped repeatedly, back and forth, two to five times in a row."
DOUBLETEAM,Double Team,NORMAL,Special,0,0,15,0,User,"By moving rapidly, the user makes illusory copies of itself to raise its evasiveness."
DRACOMETEOR,Draco Meteor,DRAGON,Physical,130,90,5,0,NearOther,Comets are summoned down from the sky. The attack's recoil harshly reduces the user's Sp. Atk stat.
DRAGONASCENT,Dragon Ascent,FLYING,,120,100,5,0,NearOther,The user soars upward and drops at high speeds. Its Defense and Sp. Def stats are lowered.
DRAGONBREATH,Dragon Breath,DRAGON,Physical,60,100,20,0,NearOther,The user exhales a mighty gust that inflicts damage. It may also leave the target with paralysis.
DRAGONCHEER,Dragon Cheer,DRAGON,Special,0,0,15,0,AllAllies,The user raises its allies’ critical hit ratio with a draconic cry. This rouses Dragon types more.
DRAGONCLAW,Dragon Claw,DRAGON,,80,100,15,0,NearOther,"The user slashes the target with huge, sharp claws to inflict damage."
DRAGONDANCE,Dragon Dance,DRAGON,Special,0,0,20,0,User,"The user vigorously performs a mystic, powerful dance that boosts its Attack and Speed stats."
DRAGONDARTS,Dragon Darts,DRAGON,,50,100,10,0,NearOther,"The user attacks twice using Dreepy. If there are two targets, this move hits each one once."
DRAGONENERGY,Dragon Energy,DRAGON,Physical,150,100,5,0,AllNearFoes,"Converts the user's life-force into power to attack. The higher the user's HP, the higher the move's power."
DRAGONHAMMER,Dragon Hammer,DRAGON,,90,100,15,0,NearOther,The user uses its body like a hammer to attack the target and inflict damage.
DRAGONPLEDGE,Dragon Pledge,DRAGON,Physical,70,100,10,0,NearOther,Blasts the target with a powerful wave of draconic energy. Uses the higher attack stat.
DRAGONPULSE,Dragon Pulse,DRAGON,Physical,85,100,10,0,Other,The target is attacked with a shock wave generated by the user's gaping mouth.
DRAGONRAGE,Dragon Rage,DRAGON,Physical,1,100,10,0,NearOther,This attack hits the target with a shock wave of pure rage. This attack always inflicts 40 HP damage.
DRAGONRUSH,Dragon Rush,DRAGON,,100,90,10,0,NearOther,"The user recklessly tackles the foe while exhibiting overwhelming menace. The user takes some recoil, but it may also make the target flinch."
DRAGONSBLESSING,Dragon's Blessing,DRAGON,Special,0,0,15,0,AllBattlers,"The user bestows dragon scales to reinforce all Dragon-type Pokémon on the field, increasing Defense. If a Pokémon isn't Dragon-type, it gains that Type."
DRAGONTAIL,Dragon Tail,DRAGON,,60,90,10,-6,NearOther,"The user knocks away the target and drags out another Pokémon in its party. In the wild, the battle ends."
DRAININGKISS,Draining Kiss,FAIRY,Physical,50,100,10,0,NearOther,The user steals the target's HP with a kiss. The user's HP is restored by over half of the damage dealt.
DRAINPUNCH,Drain Punch,FIGHTING,,75,100,10,0,NearOther,An energy-draining punch. The user's HP is restored by half the damage taken by the target.
DREAMEATER,Dream Eater,PSYCHIC,Physical,100,100,15,0,NearOther,The user eats the dreams of a sleeping foe. It absorbs half the damage caused to heal the user's HP.
DRILLPECK,Drill Peck,FLYING,,80,100,20,0,Other,A corkscrewing attack with the sharp beak acting as a drill.
DRILLRUN,Drill Run,GROUND,,80,95,10,0,NearOther,The user crashes into its target while rotating its body like a drill. Critical hits land more easily.
DRUMBEATING,Drum Beating,GRASS,,80,100,10,0,NearOther,"The user plays its drum, controlling roots to attack. This also lowers the target's Speed stat."
DUALCHOP,Dual Chop,DRAGON,,40,90,15,0,NearOther,The user attacks its target by hitting it with brutal strikes. The target is hit twice in a row.
DUALWINGBEAT,Dual Wingbeat,FLYING,,45,90,10,0,NearOther,The user slams the target with its wings. The target is hit twice in a row.
DUSTPOUND,Dust Pound,GROUND,,40,100,30,0,NearOther,"The user takes a pound of dust or sand into its fists, and hits the opponent."
DYNAMAXCANNON,Dynamax Cannon,DRAGON,Physical,100,100,5,0,NearOther,The user unleashes a strong beam from its core.
DYNAMICPUNCH,Dynamic Punch,FIGHTING,,100,50,5,0,NearOther,"The user punches the target with full, concentrated power. It confuses the target if it hits."
EARCLAP,Earclap,SOUND,,85,90,20,0,NearOther,The user hits the targets' ears with a powerful clap. It may flinch the target.
EARTHPOWER,Earth Power,GROUND,Physical,90,100,10,0,NearOther,The user makes the ground under the foe erupt with power. It may also lower the target's Sp. Def.
EARTHQUAKE,Earthquake,GROUND,,100,100,10,0,AllNearOthers,The user sets off an earthquake that strikes every Pokémon around it.
ECHOEDVOICE,Echoed Voice,SOUND,Physical,40,100,15,0,NearOther,"The user attacks the foe with an echoing voice. If this move is used every turn, it does greater damage."
EERIEIMPULSE,Eerie Impulse,ELECTRIC,Special,0,100,15,0,NearOther,The user's body generates an eerie impulse. Harshly lowers the target's Sp. Atk stat.
EERIESPELL,Eerie Spell,PSYCHIC,Physical,80,100,5,0,NearOther,The user attacks with tremendous psychic power. This also removes 3 PP from the target's last move.
EGGBOMB,Egg Bomb,NORMAL,,100,75,10,0,NearOther,A large egg is hurled at the target with maximum force to inflict damage.
ELECTRICTERRAIN,Electric Terrain,ELECTRIC,Special,0,0,10,0,BothSides,The user electrifies the ground for five turns. Pokémon on the ground no longer fall asleep.
ELECTRIFY,Electrify,ELECTRIC,Special,0,0,20,0,NearOther,"If the target uses a move after being electrified, that move becomes Electric-type."
ELECTROBALL,Electro Ball,ELECTRIC,Physical,1,100,10,0,NearOther,The user hurls an electric orb at the foe. It does more damage the faster the user is.
ELECTRODRIFT,Electro Drift,ELECTRIC,Physical,100,100,5,0,NearOther,A futuristic electric strike. This move’s power is boosted more than usual if it’s a supereffective hit.
ELECTROSHOT,Electro Shot,ELECTRIC,Physical,105,100,10,0,NearOther,A two-turn attack. The user boosts its Sp. Atk and then fires a high-voltage shot. Acts immediately in rain.
ELECTROSWING,Electro Swing,ELECTRIC,Special,0,100,20,0,NearOther,"The user sings an energetic song, that leaves the target paralyzed."
ELECTROWEB,Electroweb,ELECTRIC,Physical,55,95,15,0,AllNearFoes,The user captures opposing Pokémon in an electric net to inflict damage. This also lowers their Speed stats.
EMBARGO,Embargo,DARK,Special,0,100,15,0,NearOther,It prevents the target from using its held item. Its Trainer is also prevented from using items on it.
EMBER,Ember,FIRE,Physical,40,100,25,0,NearOther,The target is attacked with small flames. It may also leave the target with a burn.
ENCORE,Encore,NORMAL,Special,0,100,5,0,NearOther,The user compels the target to keep using only the move it last used for three turns.
ENDEAVOR,Endeavor,NORMAL,,1,100,5,0,NearOther,An attack move that cuts down the target's HP to equal the user's HP.
ENDURE,Endure,NORMAL,Special,0,0,10,4,User,The user endures any attack with at least 1 HP. Its chance of failing rises if it is used in succession.
ENERBEAM,Enerbeam,NORMAL,Physical,90,95,15,0,NearOther,"The user shoots a powerful beam made of pure elemental energy, dealing damage."
ENERGYBALL,Energy Ball,GRASS,Physical,90,100,10,0,NearOther,The user draws power from nature and fires it at the target. It may also lower the target's Sp. Def.
ENERSTORM,Enerstorm,NORMAL,Physical,110,90,10,0,AllNearFoes,The user creates a powerful storm of elemental energy that hits both opponents.
ENTRAINMENT,Entrainment,NORMAL,Special,0,100,15,0,NearOther,"The user dances to compel the target to mimic it, making the target's Ability the same as the user's."
ERUPTION,Eruption,FIRE,Physical,150,100,5,0,AllNearFoes,"The user attacks in an explosive fury. The lower the user's HP, the less powerful this attack becomes."
ESPERWING,Esper Wing,PSYCHIC,,80,100,10,0,NearOther,The user slashes with aura-enriched wings which boosts its Speed stat. Critical hits land more easily.
ETERNABEAM,Eternabeam,DRAGON,Physical,160,90,5,0,NearOther,This is Eternatus's most powerful attack in its original form. The user can't move on the next turn.
EXPANDINGFORCE,Expanding Force,PSYCHIC,Physical,80,100,10,0,NearOther,The user attacks the target with psychic power. Powers up and hits all foes on Psychic Terrain.
EXPLOSION,Explosion,NORMAL,,250,100,5,0,AllNearOthers,The user explodes to inflict damage on those around it. The user faints upon using this move.
EXTRASENSORY,Extrasensory,PSYCHIC,Physical,80,100,20,0,NearOther,"The user attacks with an odd, unseeable power. It may also make the target flinch."
EXTREMESPEED,Extreme Speed,NORMAL,,80,100,5,2,NearOther,The user charges the target at blinding speed. This attack always goes before any other move.
FACADE,Facade,NORMAL,,70,100,20,0,NearOther,"An attack move that doubles its power if the user is poisoned, burned, or has paralysis."
FAIRYLOCK,Fairy Lock,FAIRY,Special,0,0,10,0,BothSides,"By locking down the battlefield, the user keeps all Pokémon from fleeing during the next turn."
FAIRYPLEDGE,Fairy Pledge,FAIRY,Physical,70,100,10,0,NearOther,Blasts the target with a strong wave of fairy energy. Uses the higher attack stat.
FAIRYWIND,Fairy Wind,FAIRY,Physical,40,100,30,0,NearOther,The user stirs up a fairy wind and strikes the target with it.
FAKEOUT,Fake Out,NORMAL,,40,100,10,3,NearOther,An attack that hits first and makes the target flinch. It only works the first turn the user is in battle.
FAKETEARS,Fake Tears,DARK,Special,0,100,20,0,NearOther,"The user feigns crying to fluster the target, harshly lowering its Sp. Def stat."
FALSESURRENDER,False Surrender,DARK,,80,0,10,0,NearOther,"The user pretends to bow its head, but then it stabs the target with its disheveled hair. Never misses."
FALSESWIPE,False Swipe,NORMAL,,40,100,40,0,NearOther,A restrained attack that prevents the target from fainting. The target is left with at least 1 HP.
FEATHERDANCE,Feather Dance,FLYING,Special,0,100,15,0,NearOther,The user covers the target's body with a mass of down that harshly lowers its Attack stat.
FEINT,Feint,NORMAL,,30,100,10,2,NearOther,An attack that hits a target using Protect or Detect. It also lifts the effects of those moves.
FEINTATTACK,Feint Attack,DARK,,60,0,20,0,NearOther,"The user draws up to the foe disarmingly, then throws a sucker punch. It hits without fail."
FELLSTINGER,Fell Stinger,BUG,,50,100,25,0,NearOther,"When the user knocks out a target with this move, the user’s Attack stat is boosted drastically."
FICKLEBEAM,Fickle Beam,DRAGON,Physical,80,100,5,0,NearOther,"Sometimes all of the user's heads shoot beams in unison, doubling this move's power."
FIERYDANCE,Fiery Dance,FIRE,Physical,80,100,10,0,NearOther,"Cloaked in flames, the user dances and flaps its wings. It may also raise the user's Sp. Atk stat."
FIERYWRATH,Fiery Wrath,DARK,Physical,90,100,10,0,AllNearFoes,The user transforms its wrath into a fire-like aura to attack. This may also make foes flinch.
FILLETAWAY,Fillet Away,NORMAL,Special,0,0,10,0,NearOther,"The user sharply boosts its Attack, Sp. Atk, and Speed stats by using its own HP."
FINALGAMBIT,Final Gambit,FIGHTING,Physical,1,100,5,0,NearOther,The user risks all to attack the foe. The user faints but does damage equal to its HP.
FIREBLAST,Fire Blast,FIRE,Physical,110,85,5,0,NearOther,The foe is attacked with an intense blast of all-consuming fire. It may also leave the target with a burn.
FIREFANG,Fire Fang,FIRE,,65,95,15,0,NearOther,The user bites with flame-cloaked fangs. It may also make the target flinch or leave it burned.
FIREKUNAI,Fire Kunai,FIRE,,80,100,5,2,NearOther,The user always goes first and hits the target by throwing flaming kunai.
FIRELASH,Fire Lash,FIRE,,80,100,15,0,NearOther,The user strikes the target with a burning lash. This also lowers the target's Defense stat.
FIREPLEDGE,Fire Pledge,FIRE,Physical,80,100,10,0,NearOther,"A column of fire hits opposing Pokémon. When used with its Grass equivalent, it makes a sea of fire."
FIREPUNCH,Fire Punch,FIRE,,75,100,15,0,NearOther,The target is punched with a fiery fist. It may leave the target with a burn.
FIRESPIN,Fire Spin,FIRE,Physical,35,85,15,0,NearOther,The target becomes trapped within a fierce vortex of fire that rages for four to five turns.
FIRSTIMPRESSION,First Impression,BUG,,90,100,10,2,NearOther,The user instinctively attacks with great power and speed. It only works the first turn the user is in battle.
FISHIOUSREND,Fishious Rend,WATER,,85,100,10,0,NearOther,The user rends the target with its hard gills. Power doubles if the user moves first.
FISSURE,Fissure,GROUND,,1,30,5,0,NearOther,The user opens up a fissure in the ground and drops the foe in. The target instantly faints if it hits.
FLAIL,Flail,NORMAL,,1,100,15,0,NearOther,The user flails about aimlessly to attack. It becomes more powerful the less HP the user has.
FLAMEBURST,Flame Burst,FIRE,Physical,70,100,15,0,NearOther,The user attacks the foe with a bursting flame. It also damages Pokémon next to the target.
FLAMECHARGE,Flame Charge,FIRE,,50,100,20,0,NearOther,"The user cloaks itself in flame and attacks. Building up more power, it raises the user's Speed stat."
FLAMETHROWER,Flamethrower,FIRE,Physical,90,100,15,0,NearOther,The target is scorched with an intense blast of fire. It may also leave the target with a burn.
FLAMEWHEEL,Flame Wheel,FIRE,,60,100,25,0,NearOther,The user cloaks itself in fire and charges at the target. It may also leave the target with a burn.
FLAREBLITZ,Flare Blitz,FIRE,,120,100,15,0,NearOther,The user cloaks itself in fire and charges at the foe. The user also takes damage and may burn the target.
FLASH,Flash,ELECTRIC,Physical,60,100,20,0,AllNearFoes,The user flashes a blinding light at the opponents. It can also lower accuracy.
FLASHCANNON,Flash Cannon,STEEL,Physical,80,100,10,0,NearOther,The user gathers all its light energy and releases it at once. It may also lower the target's Sp. Def stat.
FLATTER,Flatter,DARK,Special,0,100,15,0,NearOther,"Flattery is used to confuse the target. However, it also raises the target's Sp. Atk stat."
FLAVORTEST,Flavor Test,FAIRY,,75,95,10,0,Other,"The user tries to taste the enemy like a sweet, while also recovering a bit of health. The move is also Ice type."
FLEURCANNON,Fleur Cannon,FAIRY,Physical,130,90,5,0,NearOther,The user unleashes a strong beam. The attack's recoil harshly lowers the user's Sp. Atk stat.
FLING,Fling,DARK,,1,100,10,0,NearOther,The user flings its held item at the target to attack. Its power and effects depend on the item.
FLIPTURN,Flip Turn,WATER,,60,100,20,0,NearOther,"After making its attack, the user rushes back to switch places with a party Pokémon in waiting."
FLOORFEAST,Floor Feast,GROUND,Special,0,100,10,0,User,"The user eats the hazards on the floor, healing its HP. Fails if there're none."
FLORALECHO,Floral Echo,SOUND,Physical,20,90,10,0,NearOther,A scream repeated up to three times by flowers that are part of the user's body. Gets stronger with each hit.
FLORALHEALING,Floral Healing,FAIRY,Special,0,0,10,0,NearOther,The user restores the target's HP by up to half of its max HP. It restores more HP when the terrain is grass.
FLOWERSHIELD,Flower Shield,FAIRY,Special,0,0,10,0,AllBattlers,The user raises the Defense stats of all Grass-type Pokémon in battle with a mysterious power.
FLOWERTRICK,Flower Trick,GRASS,,70,0,10,0,NearOther,"The user throws a rigged bouquet of flowers at the target, which always hits and lands a critical hit."
FLUTTERKICKS,Flutter Kicks,FLYING,,25,95,20,0,NearOther,The target is struck with a series of flying kicks two to five times in a row.
FLY,Fly,FLYING,,90,100,15,0,Other,"The user soars, then strikes on the second turn. It can also be used for flying to any familiar town."
FLYINGPRESS,Flying Press,FIGHTING,,100,95,10,0,Other,The user dives down onto the target from the sky. This move is Fighting and Flying type simultaneously.
FOCUSBLAST,Focus Blast,FIGHTING,Physical,110,85,5,0,NearOther,The user heightens its mental focus and unleashes its power. It may also lower the target's Sp. Def.
FOCUSENERGY,Focus Energy,NORMAL,Special,0,0,30,0,User,The user takes a deep breath and focuses so that critical hits land more easily.
FOCUSPUNCH,Focus Punch,FIGHTING,,150,100,20,-3,NearOther,The user focuses its mind before launching a punch. It will fail if the user is hit before it is used.
FOLLOWME,Follow Me,NORMAL,Special,0,0,20,2,User,"The user draws attention to itself, making all targets take aim only at the user."
FORCEPALM,Force Palm,FIGHTING,,60,100,10,0,NearOther,The target is attacked with a shock wave. It may also leave the target with paralysis.
FORESIGHT,Foresight,NORMAL,Special,0,0,40,0,NearOther,Enables the user to hit a Ghost type with any kind of move. It also enables the user to hit an evasive foe.
FORESTSCURSE,Forest's Curse,GRASS,Special,0,100,20,0,NearOther,The user puts a forest curse on the target. The target is now Grass type as well.
FOULPLAY,Foul Play,DARK,,95,100,15,0,NearOther,The user turns the foe's power against it. It does more damage the higher the target's Attack stat.
FREEZEDRY,Freeze-Dry,ICE,Physical,70,100,20,0,NearOther,The user rapidly cools the target. This may freeze the target. Is super-effective on Water types.
FREEZESHOCK,Freeze Shock,ICE,,140,90,5,0,NearOther,"On the second turn, the user hits the foe with electrically charged ice. It may also paralyze the foe."
FREEZINGGLARE,Freezing Glare,PSYCHIC,Physical,90,100,10,0,NearOther,The user shoots its psychic power from its eyes to attack. This may also leave the target frozen.
FRENZYPLANT,Frenzy Plant,GRASS,Physical,150,90,5,0,NearOther,The user slams the target with an enormous tree. This move can’t be used twice in a row.
FRIGHTWAIL,Fright Wail,GHOST,Physical,60,90,10,-6,NearOther,"The user scares away the target and drags out another Pokémon in its party. In the wild, the battle ends."
FROSTBREATH,Frost Breath,ICE,Physical,60,90,10,0,NearOther,The user blows a cold breath on the target. This attack always results in a critical hit.
FROSTCALL,Frostcall,ICE,Special,0,90,15,0,NearOther,"The user blasts the target with super-cold air, leaving them with frostbite."
FRUSTRATION,Frustration,NORMAL,,1,100,20,0,NearOther,A full-power attack that grows more powerful the less the user likes its Trainer.
FULLSALVO,Full Salvo,STEEL,,25,100,20,0,AllNearFoes,The user unleashes a rain of metal bullets against all opponents. This move hits two to five times in a row.
FURCHARGE,Fur Charge,ELECTRIC,Special,0,0,20,0,User,"The user charges up its fur, boosting Attack, Defense and Special Defense."
FURYATTACK,Fury Attack,NORMAL,,30,90,20,0,NearOther,The target is jabbed repeatedly with a horn or beak two to five times in a row.
FURYCUTTER,Fury Cutter,BUG,,40,95,20,0,NearOther,"The user attacks by slashing the target with scythes, claws, or the like. This move's power doubles each time it hits in succession."
FURYSWIPES,Fury Swipes,NORMAL,,25,100,15,0,NearOther,The target is raked with sharp claws or scythes for two to five times in quick succession.
FUSIONBOLT,Fusion Bolt,ELECTRIC,,100,100,5,0,NearOther,The user throws down a giant thunderbolt. It does more damage if influenced by an enormous flame.
FUSIONFLARE,Fusion Flare,FIRE,Physical,100,100,5,0,NearOther,The user brings down a giant flame. It does more damage if influenced by an enormous thunderbolt.
FUTURESIGHT,Future Sight,PSYCHIC,Physical,120,100,10,0,NearOther,"Two turns after this move is used, a hunk of psychic energy attacks the target."
GASTROACID,Gastro Acid,POISON,Special,0,100,10,0,NearOther,The user hurls up its stomach acids on the foe. The fluid negates the effect of the target's Ability.
GEARGRIND,Gear Grind,STEEL,,50,85,15,0,NearOther,The user attacks by throwing two steel gears at its target.
GEARUP,Gear Up,STEEL,Special,0,0,20,0,UserAndAllies,The user engages its gears to raise the Attack and Sp. Atk of allies with the Plus or Minus Ability.
GEOMANCY,Geomancy,FAIRY,Special,0,0,10,0,User,"The user absorbs energy and sharply raises its Sp. Atk, Sp. Def, and Speed stats on the next turn."
GIGADRAIN,Giga Drain,GRASS,Physical,75,100,10,0,NearOther,A nutrient-draining attack. The user's HP is restored by up to half the damage taken by the target.
GIGAIMPACT,Giga Impact,NORMAL,,180,90,5,0,NearOther,The user charges at the target using every bit of its power. The user must rest on the next turn.
GIGATONHAMMER,Gigaton Hammer,STEEL,,160,100,5,0,NearOther,The user attacks with its huge hammer. This move can’t be used twice in a row.
GLACIALLANCE,Glacial Lance,ICE,,130,100,5,0,AllNearFoes,The user attacks by hurling a blizzard-cloaked icicle lance at opposing Pokémon.
GLACIATE,Glaciate,ICE,Physical,65,95,10,0,AllNearFoes,The user attacks by blowing freezing cold air at the foe. This attack reduces the targets' Speed stat.
GLAIVERUSH,Glaive Rush,DRAGON,,120,100,5,0,NearOther,The user becomes highly vulnerable to attacks until its next turn after using this move.
GLARE,Glare,NORMAL,Special,0,100,30,0,NearOther,The user intimidates the target with the pattern on its belly to cause paralysis.
GRASSKNOT,Grass Knot,GRASS,Physical,1,100,20,0,NearOther,"The user snares the target with grass and trips it. The heavier the target, the greater the damage."
GRASSPLEDGE,Grass Pledge,GRASS,Physical,80,100,10,0,NearOther,"A column of grass hits the foes. When used with its water equivalent, it creates a vast swamp."
GRASSWHISTLE,Grass Whistle,GRASS,Special,0,55,15,0,NearOther,The user plays a pleasant melody that lulls the target into a deep sleep.
GRASSYGLIDE,Grassy Glide,GRASS,,70,100,20,0,NearOther,"Gliding on the ground, the user attacks the target. This move always goes first on Grassy Terrain."
GRASSYTERRAIN,Grassy Terrain,GRASS,Special,0,0,10,0,BothSides,The user turns the ground to grass for five turns. Grounded Pokémon restore a little HP every turn.
GRAVAPPLE,Grav Apple,GRASS,,80,100,10,0,NearOther,The user inflicts damage by dropping an apple from high above. This also lowers the target's Defense.
GRAVITY,Gravity,PSYCHIC,Special,0,0,5,0,BothSides,"Gravity is intensified for five turns, making moves involving flying unusable and negating Levitation."
GROWL,Growl,SOUND,Special,0,100,40,0,AllNearFoes,"The user growls in an endearing way, making the foe less wary. The foe's Attack stat is lowered."
GROWTH,Growth,NORMAL,Special,0,0,20,0,User,"The user's body grows all at once, raising the Atk and Sp. Atk stats."
GRUDGE,Grudge,GHOST,Special,0,0,5,0,User,"If the user faints, the user's grudge fully depletes the PP of the foe's move that knocked it out."
GUARDSPLIT,Guard Split,PSYCHIC,Special,0,0,10,0,NearOther,The user employs its psychic power to average its Defense and Sp. Def stats with those of its target.
GUARDSWAP,Guard Swap,PSYCHIC,Special,0,0,10,0,NearOther,The user employs its psychic power to switch changes to its Defense and Sp. Def with the target.
GUILLOTINE,Guillotine,NORMAL,,1,30,5,0,NearOther,"A vicious, tearing attack with big pincers. The target will faint instantly if this attack hits."
GUNKSHOT,Gunk Shot,POISON,,120,80,5,0,NearOther,The user shoots filthy garbage at the target to attack. It may also poison the target.
GUST,Gust,FLYING,Physical,40,100,35,0,Other,A gust of wind is whipped up by wings and launched at the target to inflict damage.
GYROBALL,Gyro Ball,STEEL,,1,100,5,0,NearOther,"The user tackles the target with a high-speed spin. The slower the user, the greater the damage."
HAIL,Hail,ICE,Special,0,0,10,0,BothSides,The user summons a hail storm lasting five turns. It damages all Pokémon except the Ice type.
HAMMERARM,Hammer Arm,FIGHTING,,100,90,10,0,NearOther,"The user swings and hits with its strong and heavy fist. It lowers the user's Speed, however."
HAPPYHOUR,Happy Hour,NORMAL,Special,0,0,30,0,UserSide,Using Happy Hour doubles the amount of prize money received after battle.
HARDEN,Harden,NORMAL,Special,0,0,30,0,User,The user stiffens all the muscles in its body to raise its Defense stat.
HARDPRESS,Hard Press,STEEL,,1,100,10,0,NearOther,The target is crushed with great force. The attack is more powerful the more HP the target has left.
HAWTHORNS,Hawthorns,GRASS,Special,0,0,15,0,UserSide,"The user creates a field of Hawthorn at their feet, which heals 20% of the health of any ally that switches in."
HAYWIREKICK,Haywire Kick,ELECTRIC,,95,80,10,0,NearOther,The user builds up a charge and delivers an electric kick. It may also leave the target paralyzed.
HAZE,Haze,ICE,Special,0,0,30,0,BothSides,The user creates a haze that eliminates every stat change among all the Pokémon engaged in battle.
HEADBUTT,Headbutt,NORMAL,,70,100,15,0,NearOther,The user sticks out its head and attacks by charging into the foe. It may also make the target flinch.
HEADLONGRUSH,Headlong Rush,GROUND,,120,100,5,0,NearOther,The user rams into the target in a full-body tackle. This lowers the user’s Defense and Sp. Def stats.
HEADSMASH,Head Smash,ROCK,,150,80,5,0,NearOther,"The user attacks the foe with a hazardous, full-power headbutt. The user also takes terrible damage."
HEALBELL,Heal Bell,SOUND,Special,0,0,5,0,UserAndAllies,The user makes a soothing bell chime to heal the status problems of all the party Pokémon.
HEALBLOCK,Heal Block,PSYCHIC,Special,0,100,15,0,AllNearFoes,"For five turns, the foe is prevented from using any moves, Abilities, or held items that recover HP."
HEALINGWISH,Healing Wish,PSYCHIC,Special,0,0,10,0,User,"The user faints. In return, the Pokémon taking its place will have its HP restored and status cured."
HEALORDER,Heal Order,BUG,Special,0,0,10,0,User,The user calls out its underlings to heal it. The user regains up to half of its max HP.
HEALPULSE,Heal Pulse,PSYCHIC,Special,0,0,10,0,Other,The user emits a healing pulse which restores the target's HP by up to half of its max HP.
HEARTSTAMP,Heart Stamp,PSYCHIC,,60,100,25,0,NearOther,The user unleashes a vicious blow after its cute act makes the foe less wary. It may also cause flinching.
HEARTSWAP,Heart Swap,PSYCHIC,Special,0,0,10,0,NearOther,The user employs its psychic power to switch stat changes with the target.
HEATCRASH,Heat Crash,FIRE,,1,100,10,0,NearOther,"The user slams the foe with its flaming body. The heavier the user is, the greater the damage."
HEATWAVE,Heat Wave,FIRE,Physical,95,90,10,0,AllNearFoes,The user attacks by exhaling hot breath on the opposing team. It may also leave targets with a burn.
HEAVYSLAM,Heavy Slam,STEEL,,1,100,10,0,NearOther,"The user slams into the foe with its heavy body. The heavier the user, the greater the damage."
HELPINGHAND,Helping Hand,NORMAL,Special,0,0,20,5,NearAlly,The user assists an ally by boosting the power of its attack.
HEX,Hex,GHOST,Physical,65,100,10,0,NearOther,This relentless attack does massive damage to a target affected by status problems.
HIDDENPOWER,Hidden Power,NORMAL,Physical,60,100,15,0,NearOther,A unique special attack that varies in type depending on the Pokémon using it.
HIGHHORSEPOWER,High Horsepower,GROUND,,95,95,10,0,NearOther,The user fiercely attacks the target using its entire body.
HIGHJUMPKICK,High Jump Kick,FIGHTING,,130,90,10,0,NearOther,"The target is attacked with a knee kick from a jump. If it misses, the user is hurt instead."
HISS,Hiss,SOUND,Special,0,0,40,0,NearOther,The user intimidates the opponent by emitting a hiss that reduces their Defense and Special Defense.
HOLDBACK,Hold Back,NORMAL,,40,100,40,0,NearOther,"The user holds back when it attacks, and the target is left with at least 1 HP."
HOLDHANDS,Hold Hands,NORMAL,Special,0,0,40,0,NearAlly,The user and an ally hold hands. This makes them very happy.
HOLOPROJECTION,Holo Projection,ELECTRIC,Special,0,0,5,0,User,The user makes an holographic copy using 1/8 of its HP. The copy takes 1 hit instead of the user.
HONECLAWS,Hone Claws,DARK,Special,0,0,15,0,User,The user sharpens its claws to boost its Attack stat and accuracy.
HORNATTACK,Horn Attack,NORMAL,,65,100,25,0,NearOther,The target is jabbed with a sharply pointed horn to inflict damage.
HORNDRILL,Horn Drill,NORMAL,,1,30,5,0,NearOther,"The user stabs the foe with a horn that rotates like a drill. If it hits, the target faints instantly."
HORNLEECH,Horn Leech,GRASS,,75,100,10,0,NearOther,The user drains the foe's energy with its horns. The user's HP is restored by half the damage inflicted.
HOTCHILIPEPPER,Hot Chili Pepper,GRASS,Physical,80,100,15,0,NearOther,"The user throws spicy seeds at the enemy, which can also burn it."
HOWL,Howl,SOUND,Special,0,0,40,0,UserAndAllies,"The user howls loudly to raise the spirit of itself and allies, boosting their Attack stats."
HURRICANE,Hurricane,FLYING,Physical,110,70,10,0,Other,The user wraps its foe in a fierce wind that flies up into the sky. It may also confuse the foe.
HYDROCANNON,Hydro Cannon,WATER,Physical,150,90,5,0,NearOther,The target is hit with a watery blast. This move can’t be used twice in a row.
HYDROFANG,Hydro Fang,WATER,,65,95,15,0,NearOther,The user crunches up the target with the power of water currents.
HYDROPUMP,Hydro Pump,WATER,Physical,110,80,5,0,NearOther,The target is blasted by a huge volume of water launched under great pressure.
HYDROSTEAM,Hydro Steam,WATER,Physical,80,100,15,0,NearOther,The user blasts the target with boiling-hot water whose power is boosted in harsh sunlight.
HYPERBEAM,Hyper Beam,NORMAL,Physical,180,90,5,0,NearOther,The foe is attacked with a powerful beam. The user must rest on the next turn to regain its energy.
HYPERDRILL,Hyper Drill,NORMAL,,90,100,10,0,NearOther,The user spins the pointed part of its body at high speed to pierce the target and any screens that protect them.
HYPERFANG,Hyper Fang,NORMAL,,80,90,15,0,NearOther,The user bites hard on the target with its sharp front fangs. It may also make the target flinch.
HYPERSPACEFURY,Hyperspace Fury,DARK,,100,0,5,0,NearOther,"Unleashes a barrage of multi-arm attacks, skipping protections. This lowers the user's Defense stat."
HYPERSPACEHOLE,Hyperspace Hole,PSYCHIC,Physical,80,0,5,0,NearOther,"Using a hyperspace hole, the user appears right next to the target and strikes. Skips protections."
HYPERVOICE,Hyper Voice,SOUND,Physical,90,100,10,0,AllNearFoes,"The user attacks by letting loose a horribly loud, resounding cry."
HYPNOSIS,Hypnosis,PSYCHIC,Special,0,60,20,0,NearOther,The user employs hypnotic suggestion to make the target fall into a deep sleep.
ICEBALL,Ice Ball,ICE,,30,90,20,0,NearOther,The user continually rolls into the target over five turns. It becomes stronger each time it hits.
ICEBEAM,Ice Beam,ICE,Physical,90,100,10,0,NearOther,The target is struck with an icy-cold beam of energy. This may also leave the target with frostbite.
ICEBURN,Ice Burn,ICE,Physical,140,90,5,0,NearOther,"On the second turn, an ultracold, freezing wind surrounds the foe. This may leave it with a burn."
ICEFANG,Ice Fang,ICE,,65,95,15,0,NearOther,The user bites with cold-infused fangs. It may also make the target flinch or leave it frozen.
ICEHAMMER,Ice Hammer,ICE,,100,90,10,0,NearOther,"The user swings and hits with its strong, heavy fist. It lowers the user's Speed, however."
ICEPUNCH,Ice Punch,ICE,,75,100,15,0,NearOther,The target is punched with an icy fist. It may also leave the target frozen.
ICESHARD,Ice Shard,ICE,,40,100,30,1,NearOther,The user flash freezes chunks of ice and hurls them at the target. This move always goes first.
ICESPINNER,Ice Spinner,ICE,,80,100,15,0,NearOther,The user spins into the target with feet covered in thin ice. This also destroys the terrain.
ICICLECRASH,Icicle Crash,ICE,,85,90,10,0,NearOther,The user attacks by harshly dropping an icicle onto the foe. It may also make the target flinch.
ICICLESPEAR,Icicle Spear,ICE,,25,100,30,0,NearOther,The user launches sharp icicles at the target. It strikes two to five times in a row.
ICYWIND,Icy Wind,ICE,Physical,55,95,15,0,AllNearFoes,The user attacks with a gust of chilled air. This also lowers opposing Pokémon's Speed stats.
IMPRISON,Imprison,PSYCHIC,Special,0,0,10,0,User,"If the foe knows any move also known by the user, the foe is prevented from using it."
INCINERATE,Incinerate,FIRE,Physical,60,100,15,0,AllNearFoes,The user attacks the foe with fire. The target's held Berry becomes burnt up and unusable.
INFERNALPARADE,Infernal Parade,GHOST,Physical,60,100,15,0,NearOther,Hurls fireballs which may cause burns. Power is doubled if the target has a status condition.
INFERNO,Inferno,FIRE,Physical,100,50,5,0,NearOther,The user attacks by engulfing the target in an intense fire. It leaves the target with a burn.
INFESTATION,Infestation,BUG,Physical,20,100,20,0,NearOther,The target is infested and attacked for four to five turns. The target can’t flee during this time.
INGRAIN,Ingrain,GRASS,Special,0,0,20,0,User,"The user lays roots that restore its HP on every turn. Because it is rooted, it can't switch out."
INSTRUCT,Instruct,PSYCHIC,Special,0,0,15,0,NearOther,The user instructs the target to use the target's last move again.
IONDELUGE,Ion Deluge,ELECTRIC,Special,0,0,25,1,BothSides,The user disperses electrically charged particles. Normal-type moves become Electric-type.
IRONDEFENSE,Iron Defense,STEEL,Special,0,0,15,0,User,"The user hardens its body's surface like iron, sharply raising its Defense stat."
IRONHEAD,Iron Head,STEEL,,80,100,15,0,NearOther,The foe slams the target with its steel-hard head. It may also make the target flinch.
IRONTAIL,Iron Tail,STEEL,,100,85,15,0,NearOther,The target is slammed with a steel-hard tail. This may also lower the target's Defense stat.
IVYCUDGEL,Ivy Cudgel,GRASS,,100,100,10,0,NearOther,An ivy-wrapped cudgel strike with a high critical-hit ratio. Type changes based on the user's Mask.
JAWLOCK,Jaw Lock,DARK,,80,100,10,0,NearOther,"The user grabs the target with its jaws, preventing the user and the target from switching out until either of them faints."
JETPUNCH,Jet Punch,WATER,,60,100,15,1,NearOther,The user summons a torrent around its fist and punches at blinding speed. Always goes first.
JETSTRIKE,Jet Strike,SOUND,,40,100,20,1,NearOther,The user lunges at the target at the speed of sound. It is sure to strike first.
JOYFORCE,Joy Force,NORMAL,Physical,1,100,20,0,NearOther,The user sends a friendship beam that grows more powerful the more the user likes its Trainer.
JUDGMENT,Judgment,NORMAL,Physical,100,100,10,0,NearOther,The user releases countless shots of light. Its type varies with the kind of Plate the user is holding.
JUMPKICK,Jump Kick,FIGHTING,,100,95,10,0,NearOther,"The user jumps up high, then strikes with a kick. If the kick misses, the user hurts itself."
JUMPSCARE,Jumpscare,GHOST,,40,100,10,3,NearOther,An attack that hits first and makes the target flinch with fear. Only works the first turn the user switches in.
JUNGLEHEALING,Jungle Healing,GRASS,Special,0,0,10,0,UserAndAllies,"The user becomes one with the jungle, and restores HP and cures status conditions of itself and allies."
KARATECHOP,Karate Chop,FIGHTING,,50,100,25,0,NearOther,The target is attacked with a sharp chop. Critical hits land more easily.
KINESIS,Kinesis,PSYCHIC,Special,0,80,15,0,NearOther,The user distracts the target by bending a spoon. It lowers the target's accuracy.
KINGSSHIELD,King's Shield,STEEL,Special,0,0,10,4,User,Protects itself from damage. It also harshly lowers the Attack of attackers that make contact.
KNOCKOFF,Knock Off,DARK,,65,100,20,0,NearOther,"The user slaps down the target's held item, preventing that item from being used in the battle."
KOWTOWCLEAVE,Kowtow Cleave,DARK,,85,0,10,0,NearOther,"The user kowtows to make the target lower its guard, then slashes. This attack never misses."
LANDSWRATH,Land's Wrath,GROUND,,90,100,10,0,AllNearFoes,The user gathers the energy of the land and focuses that power on foes to damage them.
LASERFOCUS,Laser Focus,NORMAL,Special,0,0,30,0,User,The user focuses intensely. The attack on the next turn always results in a critical hit.
LASHOUT,Lash Out,DARK,,75,100,5,0,NearOther,The user lashes out to vent its frustration. Power is doubled if its stats dropped this turn.
LASTRESORT,Last Resort,NORMAL,,140,100,5,0,NearOther,This move can be used only after the user has used all the other moves it knows in the battle.
LASTRESPECTS,Last Respects,GHOST,,50,100,10,0,NearOther,The user attacks to avenge its allies. The move’s power increases for each defeated ally.
LAVAPLUME,Lava Plume,FIRE,Physical,80,100,15,0,AllNearOthers,An inferno of scarlet flames torches everything around the user. It may leave targets with a burn.
LEAFAGE,Leafage,GRASS,,40,100,40,0,NearOther,The user attacks by pelting the target with leaves.
LEAFBLADE,Leaf Blade,GRASS,,90,100,15,0,NearOther,The user handles a sharp leaf like a sword and attacks by slashing. It has a high critical-hit ratio.
LEAFSTORM,Leaf Storm,GRASS,Physical,130,90,5,0,NearOther,A storm of sharp is whipped up. The attack's recoil harshly reduces the user's Sp. Atk stat.
LEAFTORNADO,Leaf Tornado,GRASS,Physical,65,90,10,0,NearOther,The user attacks its foe by encircling it in sharp leaves. This attack may also lower the foe's accuracy.
LEECHLIFE,Leech Life,BUG,,80,100,10,0,NearOther,The user drains the target’s blood. The user’s HP is restored by up to half the damage taken by the target.
LEECHSEED,Leech Seed,GRASS,Special,0,90,10,0,NearOther,A seed is planted on the target. It steals some HP from the target every turn.
LEER,Leer,NORMAL,Special,0,100,30,0,AllNearFoes,The user gains an intimidating leer with sharp eyes. The target's Defense stat is reduced.
LICK,Lick,GHOST,,30,100,30,0,NearOther,"The target is licked with a long tongue, causing damage. It may also leave the target with paralysis."
LIFEDEW,Life Dew,WATER,Special,0,0,10,0,UserAndAllies,The user scatters mysterious water around and restores the HP of itself and its allies.
LIGHTOFRUIN,Light of Ruin,FAIRY,Physical,140,90,5,0,NearOther,Fires a powerful beam of light drawn from the Eternal Flower. It also damages the user a lot.
LIGHTSCREEN,Light Screen,PSYCHIC,Special,0,0,30,0,UserSide,A wondrous wall of light is put up to reduce damage from special moves for five turns.
LIQUIDATION,Liquidation,WATER,,85,100,10,0,NearOther,The user slams into the target using a full-force blast of water. May lower the target's Defense.
LIQUIDSAW,Liquid Saw,STEEL,Physical,85,100,10,0,NearOther,"The user spins its liquid metal body into a saw and slices the opponent. If Electric Terrain is up, it will always deal critical hits."
LOCKON,Lock-On,NORMAL,Special,0,0,5,0,NearOther,The user takes sure aim at the target. It ensures the next attack does not fail to hit the target.
LOVELYKISS,Lovely Kiss,NORMAL,Special,0,75,10,0,NearOther,"With a scary face, the user tries to force a kiss on the target. If it suceeds, the target falls asleep."
LOWKICK,Low Kick,FIGHTING,,1,100,20,0,NearOther,A powerful low kick that makes the foe fall over. It inflicts greater damage on heavier foes.
LOWSWEEP,Low Sweep,FIGHTING,,65,100,20,0,NearOther,"The user attacks the target's legs swiftly, reducing the target's Speed stat."
LUCKYCHANT,Lucky Chant,NORMAL,Special,0,0,30,0,UserSide,"The user chants an incantation toward the sky, preventing the foe from landing critical hits."
LUMINACRASH,Lumina Crash,PSYCHIC,Physical,80,100,10,0,NearOther,"The user attacks by unleashing a peculiar, mind-bending light that harshly lowers the target’s Sp. Def."
LUNARBLESSING,Lunar Blessing,PSYCHIC,Special,0,0,5,0,UserAndAllies,"The user is blessed by the moon, restoring HP and curing status conditions of itself and allies."
LUNARDANCE,Lunar Dance,PSYCHIC,Special,0,0,10,0,User,"The user faints. In return, the Pokémon taking its place will have its status and HP fully restored."
LUNGE,Lunge,BUG,,80,100,15,0,NearOther,"The user makes a lunge at the target, attacking with full force. This also lowers the target’s Attack stat."
LUSTERPURGE,Luster Purge,PSYCHIC,Physical,70,100,5,0,NearOther,The user lets loose a damaging burst of light. It may also reduce the target's Sp. Def stat.
MACHDIVE,Mach Dive,FLYING,,1,100,10,0,NearOther,"The user dives towards the target and attacks at incredible speed. The faster the user is than the target, the greater the move's power."
MACHPUNCH,Mach Punch,FIGHTING,,40,100,30,1,NearOther,The user throws a punch at blinding speed. It is certain to strike first.
MAGICALLEAF,Magical Leaf,GRASS,Physical,60,0,20,0,NearOther,The user scatters curious leaves that chase the target. This attack will not miss.
MAGICALTORQUE,Magical Torque,FAIRY,,100,100,10,0,NearOther,This move is only used by a Starmobile. It may confuse the target.
MAGICCOAT,Magic Coat,PSYCHIC,Special,0,0,15,4,User,A barrier reflects back to the target moves like Leech Seed and moves that damage status.
MAGICPOWDER,Magic Powder,PSYCHIC,Special,0,100,20,0,NearOther,The user scatters a cloud of magic powder that changes the target to Psychic type.
MAGICROOM,Magic Room,PSYCHIC,Special,0,0,10,0,BothSides,The user creates a bizarre area in which Pokémon's held items lose their effects for five turns.
MAGICWALL,Magic Wall,FAIRY,Special,0,0,5,0,UserSide,The user creates a wall under misty terrain that weakens moves for five turns.
MAGMAHURL,Magma Hurl,FIRE,,80,90,15,0,AllNearFoes,"Chunks of solid, red-hot magma rain down on all opponents. It may also flinch the target."
MAGMASTORM,Magma Storm,FIRE,Physical,100,75,5,0,NearOther,The target becomes trapped within a maelstrom of fire that rages for four to five turns.
MAGNETBOMB,Magnet Bomb,STEEL,,60,0,20,0,NearOther,The user launches steel bombs that stick to the target. This attack will not miss.
MAGNETICFLUX,Magnetic Flux,ELECTRIC,Special,0,0,20,0,UserAndAllies,Manipulates magnetic fields to raise the Defense and Sp. Def stats of allies with Plus or Minus Abilities.
MAGNETRISE,Magnet Rise,ELECTRIC,Special,0,0,10,0,User,The user levitates using electrically generated magnetism for five turns.
MAGNITUDE,Magnitude,GROUND,,1,100,30,0,AllNearOthers,The user looses a ground-shaking quake affecting everyone around the user. Its power varies.
MAKEITRAIN,Make It Rain,STEEL,Physical,120,100,5,0,AllNearFoes,"The user throws out a huge mass of coins, lowering its Sp. Atk stat. Money is earned after the battle."
MALIGNANTCHAIN,Malignant Chain,POISON,Physical,100,100,5,0,NearOther,"Wraps the target in a toxic, corrosive chain. This may also leave the target badly poisoned."
MATBLOCK,Mat Block,FIGHTING,Special,0,0,10,0,UserSide,"Using a pulled-up mat as a shield, the user protects itself and its allies from damaging moves."
MATCHAGOTCHA,Matcha Gotcha,GRASS,Physical,80,90,15,0,AllNearFoes,Blasts opponents with hot tea. Heals the user by half the damage dealt and may also burn targets.
MEANLOOK,Mean Look,NORMAL,Special,0,0,5,0,NearOther,"The user pins the target with a dark, arresting look. The target becomes unable to flee."
MEDITATE,Meditate,PSYCHIC,Special,0,0,40,0,User,The user meditates to awaken the power deep within its body and raise its Attack and Special Attack stat.
MEFIRST,Me First,NORMAL,Special,0,0,20,0,NearFoe,The user tries to cut ahead of the foe to steal and use the foe's intended move with greater power.
MEGADRAIN,Mega Drain,GRASS,Physical,55,100,15,0,NearOther,A nutrient-draining attack. The user's HP is restored by half the damage taken by the target.
MEGAHORN,Megahorn,BUG,,120,85,10,0,NearOther,"Using its tough and impressive horn, the user rams into the target with no letup."
MEGAKICK,Mega Kick,NORMAL,,120,75,5,0,NearOther,The target is attacked by a kick launched with muscle-packed power.
MEGAPUNCH,Mega Punch,NORMAL,,100,85,20,0,NearOther,The target is slugged by a punch thrown with muscle-packed power.
MEMENTO,Memento,DARK,Special,0,100,10,0,NearOther,"The user faints when using this move. In return, it harshly lowers the target's Attack and Sp. Atk."
METALBURST,Metal Burst,STEEL,,1,100,10,0,None,The user retaliates with much greater power against the target that last inflicted damage on it.
METALCLAW,Metal Claw,STEEL,,50,95,35,0,NearOther,The target is raked with steel claws. It may also raise the user's Attack stat.
METALSOUND,Metal Sound,STEEL,Special,0,85,40,0,NearOther,A horrible sound like scraping metal harshly reduces the target's Sp. Def stat.
METEORASSAULT,Meteor Assault,FIGHTING,,150,100,5,0,NearOther,The user attacks wildly with its thick leek. This move can’t be used twice in a row.
METEORBEAM,Meteor Beam,ROCK,Physical,120,90,10,0,NearOther,"Gathers space power and boosts its Sp. Atk stat on the first turn, attacks on the next turn."
METEORMASH,Meteor Mash,STEEL,,90,90,10,0,NearOther,The target is hit with a hard punch fired like a meteor. It may also raise the user's Attack.
METRONOME,Metronome,NORMAL,Special,0,0,10,0,User,The user waggles a finger and stimulates its brain into randomly using nearly any move.
MIGHTYCLEAVE,Mighty Cleave,ROCK,,95,100,5,0,NearOther,The user cleaves the target. This move hits even if the target protects itself.
MIGRAINE,Migraine,PSYCHIC,Physical,70,100,10,0,NearOther,The user gives the opponent a migraine. Always results in a critical hit if used a second time on the same target.
MILKDRINK,Milk Drink,NORMAL,Special,0,0,10,0,User,The user restores its own HP by up to half of its maximum HP. May also be used in the field to heal HP.
MIMIC,Mimic,NORMAL,Special,0,0,10,0,NearOther,The user copies the move last used by the foe. The move can be used until the user is switched out.
MINDBLOWN,Mind Blown,FIRE,Physical,150,100,5,0,AllNearOthers,The user attacks everything by causing its own head to explode. This also damages the user.
MINDCRUSH,Mind Crush,PSYCHIC,Physical,80,100,10,0,NearOther,User overwhelms the foe with its superior mental fortitude. Uses Sp. Defence to calculate damage.
MINDREADER,Mind Reader,NORMAL,Special,0,0,5,0,NearOther,The user senses the foe's movements with its mind to ensure its next attack does not miss the foe.
MINIMIZE,Minimize,NORMAL,Special,0,0,10,0,User,"The user compresses its body to make itself look smaller, which sharply raises its evasiveness."
MIRACLEEYE,Miracle Eye,PSYCHIC,Special,0,0,40,0,NearOther,Enables the user to hit a Dark type with any type of move. It also enables the user to hit an evasive foe.
MIRRORCOAT,Mirror Coat,PSYCHIC,Physical,1,100,20,-5,None,"A retaliation move that counters any special attack, inflicting double the damage taken."
MIRRORMOVE,Mirror Move,FLYING,Special,0,0,20,0,NearOther,The user counters the target by mimicking the target's last move.
MIRRORSHOT,Mirror Shot,STEEL,Physical,65,85,10,0,NearOther,The user looses a flash of energy from its polished body. It may also lower the target's accuracy.
MIST,Mist,ICE,Special,0,0,30,0,UserSide,The user cloaks its body with a white mist that prevents any of its stats from being cut for five turns.
MISTBALL,Mist Ball,PSYCHIC,Physical,70,100,5,0,NearOther,A mistlike flurry of down envelops and damages the target. It may also lower the target's Sp. Atk.
MISTYEXPLOSION,Misty Explosion,FAIRY,Physical,100,100,5,0,AllNearOthers,"The user unleashes an explosion of mist that hits everyone, at massive damage to itself. Power increases on Misty Terrain."
MISTYTERRAIN,Misty Terrain,FAIRY,Special,0,0,10,0,BothSides,The user covers the ground with mist for five turns. Grounded Pokémon can't gain status conditions.
MOONBLAST,Moonblast,FAIRY,Physical,95,100,15,0,NearOther,The user attacks by borrowing the power of the moon. This may also lower the target's Sp. Atk stat.
MOONGEISTBEAM,Moongeist Beam,GHOST,Physical,100,100,5,0,NearOther,The user emits a sinister ray. This move can be used on the target regardless of its Abilities.
MOONLIGHT,Moonlight,FAIRY,Special,0,0,5,0,User,The user restores its own HP. The amount of HP regained varies with the weather.
MOONSSAKE,Moon's Sake,FAIRY,Special,0,0,15,0,NearAlly,The user heals an ally and increases its Attack and Special Attack. Confuses them if not under sunlight.
MORNINGSUN,Morning Sun,NORMAL,Special,0,0,5,0,User,The user restores its own HP. The amount of HP regained varies with the weather.
MORTALSPIN,Mortal Spin,POISON,,30,100,15,0,AllNearFoes,Performs a spin that eliminates certain traps and hazards. This also poisons opposing Pokémon.
MOUNTAINGALE,Mountain Gale,ICE,,60,85,10,1,NearOther,The user hurls giant chunks of ice at the target. This goes first and may also make the target flinch.
MUDBOMB,Mud Bomb,GROUND,Physical,65,85,10,0,NearOther,The user launches a hard-packed mud ball to attack. It may also lower the target's accuracy.
MUDDYWATER,Muddy Water,WATER,Physical,90,85,10,0,AllNearFoes,The user attacks by shooting muddy water at the opposing team. It may also lower the target's accuracy.
MUDSHOT,Mud Shot,GROUND,Physical,55,95,15,0,NearOther,The user attacks by hurling a blob of mud at the target. It also reduces the target's Speed.
MUDSLAP,Mud-Slap,GROUND,Physical,20,100,10,0,NearOther,The user hurls mud in the target's face to inflict damage and lower its accuracy.
MUDSPORT,Mud Sport,GROUND,Special,0,0,15,0,BothSides,The user covers itself with mud. It weakens Electric-type moves while the user is in the battle.
MULTIATTACK,Multi-Attack,NORMAL,,120,100,10,0,NearOther,"Cloaking itself in high energy, the user slams into the target. This move's type depends on the held memory."
MYSTERYFORCE,Mystery Force,NORMAL,Physical,60,100,15,0,NearOther,"Inflicts physical or special damage, whichever will be more effective. Always super effective."
MYSTICALFIRE,Mystical Fire,FIRE,Physical,75,100,10,0,NearOther,"The user attacks by breathing a special, hot fire. This also lowers the target's Sp. Atk stat."
MYSTICALPOWER,Mystical Power,PSYCHIC,Physical,70,90,10,0,NearOther,The user attacks by emitting a mysterious power. This also boosts the user’s Sp. Atk stat.
MYSTICCLUTCH,Mystic Clutch,FAIRY,Physical,80,95,20,0,NearOther,"The user conjures a magic bind, which constricts the opponent for 5 turns"
NASTYPLOT,Nasty Plot,DARK,Special,0,0,20,0,User,The user stimulates its brain by thinking bad thoughts. It sharply raises the user's Sp. Atk.
NATURALGIFT,Natural Gift,NORMAL,,1,100,15,0,NearOther,The user draws power to attack by using its held Berry. The Berry determines its type and power.
NATUREPOWER,Nature Power,NORMAL,Special,0,0,20,0,NearOther,An attack that makes use of nature's power. Its effects vary depending on the user's environment.
NATURESMADNESS,Nature's Madness,FAIRY,Physical,1,90,10,0,NearOther,The user hits the target with the force of nature. It halves the target's HP.
NECTARBURST,Nectar Burst,GRASS,Physical,90,100,10,2,NearOther,The user launches a ball of nectar that explodes in the enemy's face. It only works the first turn the user is in battle
NEEDLEARM,Needle Arm,GRASS,,60,100,15,0,NearOther,The user attacks by wildly swinging its thorny arms. It may also make the target flinch.
NIGHTDAZE,Night Daze,DARK,Physical,85,95,10,0,NearOther,The user lets loose a pitch-black shock wave at its target. It may also lower the target's accuracy.
NIGHTMARE,Nightmare,GHOST,Special,0,100,15,0,NearOther,A sleeping target sees a nightmare that inflicts some damage every turn.
NIGHTSHADE,Night Shade,GHOST,Physical,1,100,15,0,NearOther,The user makes the foe see a frightening mirage. It inflicts damage matching the user's level.
NIGHTSLASH,Night Slash,DARK,,70,100,15,0,NearOther,The user slashes the target the instant an opportunity arises. Critical hits land more easily.
NOBLEROAR,Noble Roar,SOUND,Special,0,0,30,0,AllNearFoes,"Letting out a noble roar, the user intimidates the target and lowers its Attack and Sp. Atk."
NOISEBURST,Noise Burst,SOUND,Physical,140,90,5,0,NearOther,"The user unleashes a deafening scream with all their might. Afterwards, the user loses their Sound typing."
NORETREAT,No Retreat,FIGHTING,Special,0,0,5,0,User,This move raises all the user's stats but prevents the user from switching out or fleeing.
NOXIOUSTORQUE,Noxious Torque,POISON,,100,100,10,0,NearOther,This move is only used by a Starmobile. It may poison the target.
NUZZLE,Nuzzle,ELECTRIC,,40,100,20,0,NearOther,The user nuzzles its electrified cheeks against the target. This also leaves the target with paralysis.
OBLIVIONWING,Oblivion Wing,FLYING,Physical,80,100,10,0,Other,The user absorbs its target's HP. The user's HP is restored by over half of the damage dealt.
OBSTRUCT,Obstruct,DARK,Special,0,0,10,4,User,The user protects itself from all attacks. Direct contact lowers the attacker's Defense.
OCTAZOOKA,Octazooka,WATER,Physical,90,85,10,0,NearOther,The user attacks by shooting a ball of ink that explodes in the target's face. Also damages the target's ally.
OCTOLOCK,Octolock,FIGHTING,Special,0,100,15,0,NearOther,Locks the target in and prevents it from fleeing. Also lowers the target's Defense and Sp. Def each turn.
ODORSLEUTH,Odor Sleuth,NORMAL,Special,0,0,40,0,NearOther,Enables the user to hit a Ghost type with any type of move. It also enables the user to hit an evasive foe.
OMINOUSWIND,Ominous Wind,GHOST,Physical,60,100,5,0,NearOther,The user blasts the target with a gust of repulsive wind. It may also raise all the user's stats at once.
ORDERUP,Order Up,DRAGON,,80,100,10,0,NearOther,"If used when the user has a Tatsugiri in its mouth, a boost occurs based on its form."
ORIGINPULSE,Origin Pulse,WATER,Physical,110,85,10,0,AllNearFoes,The user attacks opposing Pokémon with countless beams of light that glow a deep and brilliant blue.
OUTRAGE,Outrage,DRAGON,,120,100,10,0,RandomNearFoe,"The user rampages and attacks for two to three turns. It then becomes confused, however."
OVERDRIVE,Overdrive,ELECTRIC,Physical,80,100,10,0,AllNearFoes,"The user attacks all foes by twanging a guitar or bass guitar, causing a huge echo and strong vibration."
OVERHEAT,Overheat,FIRE,Physical,130,90,5,0,NearOther,The user attacks the target at full power. The attack's recoil sharply reduces the user's Sp. Atk stat.
PAINSPLIT,Pain Split,NORMAL,Special,0,0,20,0,NearOther,"The user adds its HP to the target's HP, then equally shares the combined HP with the target."
PALEOFANGS,Paleo Fangs,ROCK,,85,100,10,0,NearOther,The user bites the target using prehistoric rage. This can also destroy Light Screen and Reflect.
PAPERCUT,Paper Cut,STEEL,,75,95,20,0,NearOther,The target is slashed with razor-sharp paper blades that can more easily land Critical Hits. Heals the user by half of the damage dealt.
PARABOLICCHARGE,Parabolic Charge,ELECTRIC,Physical,65,100,20,0,AllNearOthers,The user attacks everything around it. The user's HP is restored by half the damage dealt.
PARTINGSHOT,Parting Shot,DARK,Special,0,100,20,0,NearOther,"With a parting threat, the user lowers the target's Attack and Sp. Atk stats. Then it switches out."
PAYBACK,Payback,DARK,,50,100,10,0,NearOther,"If the user moves after the target, this attack's power will be doubled."
PAYDAY,Pay Day,NORMAL,,40,100,20,0,NearOther,Numerous coins are hurled at the target to inflict damage. Money is earned after battle.
PECK,Peck,FLYING,,35,100,35,0,Other,The target is jabbed with a sharply pointed beak or horn.
PERFECTGLARE,Perfect Glare,DRAGON,Special,0,100,30,1,NearOther,"The user intimidates the target with a fearsome gaze, paralyzing the opponent."
PERISHSONG,Perish Song,SOUND,Special,0,0,5,0,AllBattlers,"Any Pokémon that hears this song faints in three turns, unless it switches out of battle."
PETALBLIZZARD,Petal Blizzard,GRASS,,90,100,15,0,AllNearOthers,The user stirs up a violent petal blizzard and attacks everything around it.
PETALDANCE,Petal Dance,GRASS,Physical,120,100,10,0,RandomNearFoe,The user attacks by scattering petals for two to three turns. The user then becomes confused.
PHANTOMFORCE,Phantom Force,GHOST,,90,100,10,0,NearOther,"The user vanishes somewhere, then strikes on the next turn. Hits through protections."
PHEROMONECHARGE,Pheromone Charge,BUG,Special,0,100,5,0,UserAndAllies,"The user releases a charge of pheromones. Grants itself and a Bug Type ally a boost to Attack, Special Attack and Speed."
PHOTONGEYSER,Photon Geyser,PSYCHIC,Physical,100,100,5,0,NearOther,The user attacks with a pillar of light. This move the higher of the user's Attack or Sp. Atk stat.
PINMISSILE,Pin Missile,BUG,,25,100,20,0,NearOther,The user attacks by shooting sharp spikes at the target. This move hits two to five times in a row.
PLASMAFISTS,Plasma Fists,ELECTRIC,,100,100,15,0,NearOther,The user attacks with electrically charged fists. Normal-type moves become Electric-type.
PLAYNICE,Play Nice,NORMAL,Special,0,0,20,0,NearOther,"The user and target become friends. The target loses its will to fight, lowering its Attack stat."
PLAYROUGH,Play Rough,FAIRY,,90,90,10,0,NearOther,The user plays rough with the target and attacks it. This may also lower the target's Attack stat.
PLUCK,Pluck,FLYING,,60,100,20,0,Other,"The user pecks the target. If the target is holding a Berry, the user eats it and gains its effect."
POISONFANG,Poison Fang,POISON,,60,100,15,0,NearOther,The user bites the target with toxic fangs. It may also leave the target badly poisoned.
POISONGAS,Poison Gas,POISON,Special,0,90,40,0,AllNearFoes,A cloud of poison gas is sprayed in the face of opposing Pokémon. It may poison those hit.
POISONJAB,Poison Jab,POISON,,80,100,20,0,NearOther,The target is stabbed with a tentacle or arm seeped with poison. It may also poison the target.
POISONPOWDER,Poison Powder,POISON,Special,0,75,35,0,NearOther,The user scatters a cloud of poisonous dust on the target. It may poison the target.
POISONSTING,Poison Sting,POISON,,40,100,35,0,NearOther,The user stabs the target with a poisonous stinger. This may also poison the target.
POISONTAIL,Poison Tail,POISON,,85,90,25,0,NearOther,The user hits the target with its tail. It may also poison the target. Critical hits land more easily.
POISONTREATS,Poison Treats,POISON,Special,0,90,15,1,NearOther,The user launches poisonous treats to badly poison the target and lower the target's Defense stat.
POLLENPUFF,Pollen Puff,BUG,Physical,90,100,15,0,NearOther,"The user attacks the enemy with a pollen puff that explodes. If the target is an ally, it gives them a pollen puff that restores its HP instead."
POLTERGEIST,Poltergeist,GHOST,,110,90,5,0,NearOther,Attacks the target by controlling its item. The move fails if the target doesn't have an item.
POPULATIONBOMB,Population Bomb,NORMAL,,20,90,10,0,NearOther,The user’s fellows gather in droves to perform a combo attack that hits one to ten times in a row.
POUNCE,Pounce,BUG,,50,100,20,0,NearOther,The user attacks by pouncing on the target. This also lowers the target’s Speed stat.
POUND,Pound,NORMAL,,40,100,35,0,NearOther,"The target is physically pounded with a long tail or a foreleg, etc."
POWDER,Powder,BUG,Special,0,100,20,0,NearOther,"The user covers the target in a combustible powder. If the target uses a Fire-type move, the powder explodes and damages the target."
POWDERSNOW,Powder Snow,ICE,Physical,40,100,25,0,AllNearFoes,The user attacks with a chilling gust of powdery snow. It may also freeze the targets.
POWERGEM,Power Gem,ROCK,Physical,90,100,20,0,NearOther,The user attacks with a ray of light that sparkles as if it were made of gemstones.
POWERSHIFT,Power Shift,NORMAL,Special,0,0,10,0,User,The user swaps its Attack and Defense stats.
POWERSPLIT,Power Split,PSYCHIC,Special,0,0,10,0,NearOther,The user employs its psychic power to average its Attack and Sp. Atk stats with those of the target.
POWERSWAP,Power Swap,PSYCHIC,Special,0,0,10,0,NearOther,The user employs its psychic power to switch changes to its Attack and Sp. Atk with the target.
POWERTRICK,Power Trick,PSYCHIC,Special,0,0,10,0,User,The user employs its psychic power to switch its Attack with its Defense stat.
POWERTRIP,Power Trip,DARK,,20,100,10,0,NearOther,The user boasts of its strength. Power increases the more the user's stats are raised.
POWERUPPUNCH,Power-Up Punch,FIGHTING,,40,100,20,0,NearOther,"Striking opponents repeatedly makes the user's fists harder, raising the user's Attack stat."
POWERWHIP,Power Whip,GRASS,,120,85,10,0,NearOther,The user violently whirls its vines or tentacles to harshly lash the target.
PRECIPICEBLADES,Precipice Blades,GROUND,,120,85,10,0,AllNearFoes,The user attacks its foes by manifesting the power of the land in fearsome blades of stone.
PRESENT,Present,NORMAL,,90,90,15,0,NearOther,"The user attacks by giving the target a gift with a hidden trap. If the target is an ally, it restores its HP instead."
PRESSURESTRIKE,Pressure Strike,FIGHTING,,50,100,10,0,NearOther,"The user strikes the target's pressure points, always results in a critical hit."
PRIMALREVERB,Primal Reverb,SOUND,,80,100,15,0,AllNearFoes,The user slams the ground with primal fury and makes a lot of noise. The shockwaves hit both opponents and may reduce attack.
PRISMATICLASER,Prismatic Laser,PSYCHIC,Physical,160,100,10,0,NearOther,The user shoots powerful lasers using the power of a prism. The user can't move on the next turn.
PROTECT,Protect,NORMAL,Special,0,0,10,4,User,This move enables the user to protect itself from all attacks. Its chance of failing rises if it is used in succession.
PSYBEAM,Psybeam,PSYCHIC,Physical,65,100,20,0,NearOther,The target is attacked with a peculiar ray of light. It may also cause confusion.
PSYBLADE,Psyblade,PSYCHIC,,80,100,15,0,NearOther,The user rends the target with an ethereal blade whose power is boosted on Electric Terrain.
PSYCHIC,Psychic,PSYCHIC,Physical,90,100,10,0,NearOther,The target is hit by a strong telekinetic force. It may also reduce the target's Sp. Def stat.
PSYCHICFANGS,Psychic Fangs,PSYCHIC,,85,100,10,0,NearOther,"The user bites the target using psychic capabilities. This can also destroy Light Screen and Reflect, and it increases its power."
PSYCHICNOISE,Psychic Noise,PSYCHIC,Physical,75,100,10,0,NearOther,Attacks the target with unpleasant sound waves. Prevents the target from healing for two turns.
PSYCHICTERRAIN,Psychic Terrain,PSYCHIC,Special,0,0,10,0,BothSides,Protects grounded Pokémon from priority moves and powers up Psychic-type moves for five turns.
PSYCHOBOOST,Psycho Boost,PSYCHIC,Physical,140,90,5,0,NearOther,The user attacks the target at full power. The attack's recoil harshly reduces the user's Sp. Atk stat.
PSYCHOCUT,Psycho Cut,PSYCHIC,,70,100,20,0,NearOther,The user tears at the target with blades formed by psychic power. Critical hits land more easily.
PSYCHOSHIFT,Psycho Shift,PSYCHIC,Special,0,100,10,0,NearOther,"Using its psychic power of suggestion, the user transfers its status problems to the target."
PSYCHUP,Psych Up,NORMAL,Special,0,0,10,0,NearOther,The user hypnotizes itself into copying any stat change made by the target.
PSYSHIELDBASH,Psyshield Bash,PSYCHIC,,60,90,10,0,NearOther,"Cloaking itself in psychic energy, the user slams into the target. This raises the user’s Defense and Special Defense."
PSYSHOCK,Psyshock,PSYCHIC,Physical,80,100,10,0,NearOther,The user materializes an odd psychic wave to attack the target. This attack does physical damage.
PSYSTRIKE,Psystrike,PSYCHIC,Physical,100,100,10,0,NearOther,The user materializes an odd psychic wave to attack the target. This attack does physical damage.
PSYWAVE,Psywave,PSYCHIC,Physical,1,100,15,0,NearOther,The target is attacked with an odd psychic wave. The attack varies in intensity.
PUNISHMENT,Punishment,DARK,,1,100,5,0,NearOther,This attack's power increases the more the target has powered up with stat changes.
PURIFY,Purify,POISON,Special,0,0,20,0,NearOther,"The user heals the target's status condition. If so, it also restores the user's own HP."
PURSUIT,Pursuit,DARK,,40,100,20,0,NearOther,An attack move that inflicts double damage if used on a target that is switching out of battle.
PYROBALL,Pyro Ball,FIRE,,120,90,5,0,NearOther,Attacks by igniting a small stone and launching it as a fiery ball. May also burn the target.
QUASH,Quash,DARK,Special,0,100,15,0,NearOther,The user suppresses the target and makes its move go last.
QUICKATTACK,Quick Attack,NORMAL,,40,100,30,1,NearOther,The user lunges at the target at a speed that makes it almost invisible. It is sure to strike first.
QUICKGUARD,Quick Guard,FIGHTING,Special,0,0,15,3,UserSide,The user protects itself and its allies from priority moves. If may fail if used in succession.
QUIVERDANCE,Quiver Dance,BUG,Special,0,0,20,0,User,"The user lightly performs a beautiful, mystic dance. This boosts the user’s Sp. Atk, Sp. Def, and Speed stats."
RAGE,Rage,NORMAL,,40,100,20,0,NearOther,"As long as this move is in use, the user's Attack rises each time the user is hit in battle."
RAGEFIST,Rage Fist,GHOST,,50,100,10,0,NearOther,The user converts its rage into energy to attack. The move’s power increases every time the user is hit.
RAGEPOWDER,Rage Powder,BUG,Special,0,0,20,2,User,The user scatters a cloud of irritating powder to draw attention to itself. Opposing Pokémon aim only at the user.
RAGINGBULL,Raging Bull,NORMAL,,90,100,10,0,NearOther,The user charges and destroys enemy barriers. This move’s type depends on the user’s form.
RAGINGFURY,Raging Fury,FIRE,,120,100,10,0,RandomNearFoe,The user rampages around spewing flames for two to three turns. The user then becomes confused.
RAINBOWGALLOP,Rainbow Gallop,FAIRY,,80,90,10,0,NearOther,The user rams into the opponent and leaves a magical rainbow trail behind them. This trail heals the user and their partner.
RAINDANCE,Rain Dance,WATER,Special,0,0,5,0,BothSides,"The user summons a heavy rain that falls for five turns, powering up Water-type attacks. The rain also lowers the power of Fire-type attacks."
RAPIDSPIN,Rapid Spin,NORMAL,,50,100,40,0,NearOther,"A spin attack that raises the user's Speed and eliminates the effects of Bind, Spikes, etc."
RAZORLEAF,Razor Leaf,GRASS,,55,95,25,0,AllNearFoes,Sharp-edged leaves are launched to slash at the opposing team. Critical hits land more easily.
RAZORSHELL,Razor Shell,WATER,,75,95,10,0,NearOther,The user cuts the foe with sharp shells. It may also lower the target's Defense stat.
RAZORWIND,Razor Wind,FLYING,Physical,100,100,10,0,AllNearFoes,A two-turn attack. Blades of wind hit the foe on the second turn. Only one if under Tailwind.
RECHARGE,Recharge,ELECTRIC,Special,0,0,5,0,User,"The user restores half of its own HP. The healing increases with Electric terrain, and reduces with any other terrain."
RECOVER,Recover,NORMAL,Special,0,0,10,0,User,"Restoring its own cells, the user restores its own HP by half of its max HP."
RECYCLE,Recycle,NORMAL,Special,0,0,10,0,User,The user recycles a held item that has been used in battle so it can be used again.
REFLECT,Reflect,PSYCHIC,Special,0,0,20,0,UserSide,A wondrous wall of light is put up to reduce damage from physical moves for five turns.
REFLECTTYPE,Reflect Type,NORMAL,Special,0,0,15,0,NearOther,"The user reflects the target's type, making it the same type as the target."
REFRESH,Refresh,NORMAL,Special,0,0,20,0,User,"The user rests to cure itself of a poisoning, burn, or paralysis."
RELICSONG,Relic Song,SOUND,Physical,75,100,10,0,AllNearFoes,An ancient song appeals to the hearts of those listening. It may also induce sleep.
REST,Rest,PSYCHIC,Special,0,0,10,0,User,The user goes to sleep for two turns. It fully restores the user's HP and heals any status problem.
RETALIATE,Retaliate,NORMAL,,70,100,5,0,NearOther,"Gets revenge for a fainted ally. If an ally fainted in the last turn, this attack's damage increases."
RETURN,Return,NORMAL,,1,100,20,0,NearOther,A full-power attack that grows more powerful the more the user likes its Trainer.
REVELATIONDANCE,Revelation Dance,NORMAL,Physical,90,100,15,0,NearOther,The user attacks the target by dancing very hard. The user's type determines the type of this move.
REVENGE,Revenge,FIGHTING,,60,100,10,-4,NearOther,An attack move that inflicts double the damage if the user has been hurt by the foe in the same turn.
REVERSAL,Reversal,FIGHTING,,1,100,15,0,NearOther,An all-out attack that becomes more powerful the less HP the user has.
REVIVALBLESSING,Revival Blessing,NORMAL,Special,0,0,1,0,User,The user revives a party Pokémon that has fainted and restores half their max HP.
REVUP,Rev Up,SOUND,,60,100,20,0,NearOther,"The user charges up sonic energy to boost himself and launch straight at the enemy, raising its Speed stat by 1 stage."
RISINGVOLTAGE,Rising Voltage,ELECTRIC,Physical,70,100,20,0,NearOther,The user attacks with electric voltage rising from the ground. Power is doubled on Electric Terrain.
ROAR,Roar,SOUND,Special,0,0,20,-6,NearOther,"The target is scared off, and a different Pokémon is dragged out. In the wild, this ends a battle against a single Pokémon."
ROAROFTIME,Roar of Time,DRAGON,Physical,150,90,5,0,NearOther,The user blasts the target with power that distorts even time. The user must rest on the next turn.
ROCKBLAST,Rock Blast,ROCK,,25,90,10,0,NearOther,The user hurls hard rocks at the target. Two to five rocks are launched in quick succession.
ROCKCLIMB,Rock Climb,GROUND,,100,85,20,0,NearOther,The user attacks the target by smashing into it with incredible force. It may also confuse the target.
ROCKINGON,Rocking On,SOUND,Special,0,0,5,0,User,"The user rocks out with all their passion, rising their Attack, Special Attack and Speed."
ROCKPOLISH,Rock Polish,ROCK,Special,0,0,20,0,User,The user polishes its body to reduce drag. It can sharply raise the Speed stat.
ROCKSLIDE,Rock Slide,ROCK,,75,90,10,0,AllNearFoes,Large boulders are hurled at the foes to inflict damage. It may also make the targets flinch.
ROCKSMASH,Rock Smash,FIGHTING,,60,100,15,0,NearOther,The user attacks with a punch that can shatter a rock. It may also lower the foe's Defense stat.
ROCKTHROW,Rock Throw,ROCK,,50,90,15,0,NearOther,The user picks up and throws a small rock at the target to attack.
ROCKTOMB,Rock Tomb,ROCK,,60,95,15,0,NearOther,Boulders are hurled at the target. It also lowers the target's Speed by preventing its movement.
ROCKWRECKER,Rock Wrecker,ROCK,,165,90,5,0,NearOther,"The user launches a huge boulder at the target to attack. It must rest on the next turn, however."
ROLEPLAY,Role Play,PSYCHIC,Special,0,0,10,0,NearOther,"The user mimics the target completely, copying the target's natural Ability."
ROLLINGKICK,Rolling Kick,FIGHTING,,70,85,15,0,NearOther,"The user lashes out with a quick, spinning kick. It may also make the target flinch."
ROLLOUT,Rollout,ROCK,,30,90,20,0,NearOther,The user continually rolls into the target over five turns. It becomes stronger each time it hits.
ROOST,Roost,FLYING,Special,0,0,10,0,User,The user lands and rests its body. It restores the user's HP by up to half of its max HP.
ROTOTILLER,Rototiller,GROUND,Special,0,0,10,0,AllBattlers,The user tills the soil to encourage plant growth. This raises the Attack and Sp. Atk of Grass types.
ROUND,Round,SOUND,Physical,60,100,15,0,NearOther,The user attacks with a song. Others can join in the Round and make the attack do greater damage.
RUINATION,Ruination,DARK,Physical,1,90,10,0,NearOther,The user summons a ruinous disaster. This cuts the target’s HP in half.
SACREDFIRE,Sacred Fire,FIRE,,100,95,5,0,NearOther,The target is razed with a mystical fire of great intensity. It may also leave the target with a burn.
SACREDSWORD,Sacred Sword,FIGHTING,,90,100,15,0,NearOther,The user attacks by slicing with its long horns. The target's stat changes don't affect the damage.
SAFEGUARD,Safeguard,NORMAL,Special,0,0,25,0,UserSide,The user creates a protective field that prevents status problems for five turns.
SAFEROOM,Safe Room,PSYCHIC,Special,0,0,10,-7,BothSides,The user creates a bizarre area in which Pokémon don't take indirect damage for 5 turns.
SALTCURE,Salt Cure,ROCK,,40,100,15,0,NearOther,"The user salt cures the target, inflicting damage every turn. Steel and Water types take more damage."
SANDATTACK,Sand Attack,GROUND,Special,0,100,15,0,NearOther,"Sand is hurled in the target's face, reducing its accuracy."
SANDBLAST,Sandblast,GROUND,Physical,120,70,10,0,NearOther,The user blasts the target with a powerful stream of sand. Always hits while a sandstorm rages.
SANDSEARSTORM,Sandsear Storm,GROUND,Physical,100,80,10,0,AllNearFoes,The user wraps fierce winds and hot sand around opponents. This may leave them with a burn.
SANDSTORM,Sandstorm,ROCK,Special,0,0,10,0,BothSides,"Summons a five-turn sandstorm to hurt all combatants except the Rock, Ground, and Steel types."
SANDTOMB,Sand Tomb,GROUND,,55,95,15,0,NearOther,The user traps the target inside a harshly raging sandstorm for four to five turns.
SCALD,Scald,WATER,Physical,70,100,15,0,NearOther,The user shoots boiling hot water at its target. It may also leave the target with a burn.
SCALESHOT,Scale Shot,DRAGON,,25,90,20,0,NearOther,Attacks by shooting scales two to five times in a row. Boosts the user's Speed but lowers its Defense.
SCARYFACE,Scary Face,NORMAL,Special,0,100,10,0,NearOther,The user frightens the target with a scary face to harshly reduce its Speed stat.
SCORCHEDASHES,Scorched Ashes,FIRE,Special,0,0,15,0,FoeSide,"The user scatters burning hot ash the opponents' feet, reducing the attack of enemies who take to the field."
SCORCHEDEARTH,Scorched Earth,FIRE,Physical,60,100,10,0,AllNearFoes,"The user burns the ground under the opponent, landing a critical hit if there's a terrain active. Can't touch airborne Pokemon."
SCORCHINGSANDS,Scorching Sands,GROUND,Physical,70,100,10,0,NearOther,The user throws scorching sand at the target to attack. This may also burn the target.
SCRATCH,Scratch,NORMAL,,40,100,35,0,NearOther,"Hard, pointed, and sharp claws rake the target to inflict damage."
SCREECH,Screech,SOUND,Special,0,85,40,0,NearOther,An earsplitting screech harshly reduces the target's Defense stat.
SEANCEPYRE,Seance Pyre,FIRE,Special,0,0,15,0,AllBattlers,"The user burns themselves, while burning everybody else."
SEARINGSHOT,Searing Shot,FIRE,Physical,100,100,5,0,AllNearOthers,An inferno of scarlet flames torches everything around the user. It may leave the foe with a burn.
SECRETPOWER,Secret Power,NORMAL,,60,100,15,0,NearOther,A unique physical attack that varies in type depending on the Pokémon using it.
SECRETSWORD,Secret Sword,FIGHTING,Physical,85,100,10,0,NearOther,The user cuts with its long horn. The odd power contained in it does physical damage to the foe.
SEEDBOMB,Seed Bomb,GRASS,,80,100,15,0,AllNearFoes,The user slams a barrage of hard-shelled seeds down on the targets from above.
SEEDFLARE,Seed Flare,GRASS,Physical,120,85,5,0,NearOther,The user generates a shock wave from within its body. It may harshly lower the target's Sp. Def.
SEISMICTOSS,Seismic Toss,FIGHTING,,1,100,20,0,NearOther,The target is thrown using the power of gravity. It inflicts damage equal to the user's level.
SELFDESTRUCT,Self-Destruct,NORMAL,,200,100,5,0,AllNearOthers,The user blows up to inflict damage on all Pokémon in battle. The user faints upon using this move.
SENSORYJAM,Sensory Jam,PSYCHIC,Special,0,90,15,0,AllNearFoes,"The user uses its psychic powers to mess up all the foes' senses, paralyzing them."
SHADOWBALL,Shadow Ball,GHOST,Physical,80,100,15,0,NearOther,The user hurls a shadowy blob at the target. It may also lower the target's Sp. Def stat.
SHADOWBONE,Shadow Bone,GHOST,,85,100,10,0,NearOther,The user beats the target with a bone containing a spirit. May lower the target's Defense stat.
SHADOWCLAW,Shadow Claw,GHOST,,70,100,15,0,NearOther,The user slashes with a sharp claw made from shadows. Critical hits land more easily.
SHADOWFORCE,Shadow Force,GHOST,,120,100,5,0,NearOther,"The user disappears, then strikes the foe on the second turn. It hits even if the foe protects itself."
SHADOWPUNCH,Shadow Punch,GHOST,,75,0,20,0,NearOther,The user throws a punch from the shadows. The punch lands without fail.
SHADOWSNEAK,Shadow Sneak,GHOST,,40,100,30,1,NearOther,The user extends its shadow and attacks the target from behind. This move always goes first.
SHARPEN,Sharpen,ROCK,Special,0,0,10,0,User,"The user sharpens their body on a grindstone to become more deadly, raising their Attack and accuracy."
SHEDTAIL,Shed Tail,NORMAL,Special,0,0,10,0,User,The user creates a substitute and switches places with a party Pokémon in waiting.
SHEERCOLD,Sheer Cold,ICE,Physical,1,30,5,0,NearOther,The foe is attacked with a blast of absolute-zero cold. The target instantly faints if it hits.
SHELLSIDEARM,Shell Side Arm,POISON,Physical,90,100,10,0,NearOther,"Inflicts physical or special damage, whichever will be more effective. May also poison the target."
SHELLSMASH,Shell Smash,NORMAL,Special,0,0,15,0,User,"The user breaks its shell, lowering its defenses but sharply raising attacking and Speed stats."
SHELLTRAP,Shell Trap,FIRE,Physical,150,100,5,-3,AllNearFoes,"The user sets a shell trap. If it is hit by a physical move, the trap explodes and hurt the attacker."
SHELTER,Shelter,STEEL,Special,0,0,10,0,User,"The user makes its skin as hard as an iron shield, sharply boosting its Defense stat."
SHIFTGEAR,Shift Gear,STEEL,Special,0,0,10,0,User,"The user rotates its gears, raising its Attack and sharply raising its Speed."
SHOCKWAVE,Shock Wave,ELECTRIC,Physical,60,0,20,0,NearOther,The user strikes the target with a quick jolt of electricity. This attack cannot be evaded.
SHOREUP,Shore Up,GROUND,Special,0,0,10,0,User,The user regains up to half of its max HP. It restores more HP in a sandstorm.
SIGNALBEAM,Signal Beam,BUG,Physical,75,100,15,0,NearOther,The user attacks with a sinister beam of light. This may also confuse the target.
SILKTERRAIN,Silky Terrain,BUG,Special,0,0,10,0,BothSides,Protects the battlefield from weather effects for five turns and makes Bug-type Pokémon take less damage.
SILKTRAP,Silk Trap,BUG,Special,0,0,10,4,User,User spins a silken trap to protect itself. Lowers the Speed of any that make direct contact.
SILVERWIND,Silver Wind,BUG,Physical,60,100,5,0,NearOther,The target is attacked with powdery scales blown by the wind. It gets stronger and hits both foes under Silky Terrain
SIMPLEBEAM,Simple Beam,NORMAL,Special,0,100,15,0,NearOther,The user's mysterious psychic wave changes the target's Ability to Simple.
SING,Sing,SOUND,Special,0,55,15,0,NearOther,A soothing lullaby is sung in a calming voice that puts the target into a deep slumber.
SKETCH,Sketch,NORMAL,Special,0,0,1,0,NearOther,"It enables the user to permanently learn the move last used by the foe. Once used, Sketch disappears."
SKILLSWAP,Skill Swap,PSYCHIC,Special,0,0,10,0,NearOther,The user employs its psychic power to exchange Abilities with the target.
SKITTERSMACK,Skitter Smack,BUG,,70,90,10,0,NearOther,The user skitters behind the target to attack. This also lowers the target's Sp. Atk stat.
SKULLBASH,Skull Bash,NORMAL,,130,100,10,0,NearOther,"The user tucks in its head to raise its Defense in the first turn, then rams the foe on the next turn."
SKYATTACK,Sky Attack,FLYING,,140,90,5,0,Other,"A two-turns attack move. The user glows, increasing its speed, and then launches a powerful attack."
SKYDROP,Sky Drop,FLYING,,80,100,10,0,Other,"The user takes the foe into the sky, then drops it on the next turn. The foe cannot attack while airborne."
SKYUPPERCUT,Sky Uppercut,FIGHTING,,85,90,15,0,NearOther,The user attacks the target with an uppercut thrown skyward with force.
SLACKOFF,Slack Off,NORMAL,Special,0,0,10,0,User,"The user slacks off, restoring its own HP by up to half of its maximum HP."
SLAM,Slam,NORMAL,,80,75,20,0,NearOther,"The target is slammed with a long tail, vines, etc., to inflict damage."
SLASH,Slash,NORMAL,,70,100,20,0,NearOther,The target is attacked with a slash of claws or blades. Critical hits land more easily.
SLEEPPOWDER,Sleep Powder,GRASS,Special,0,75,15,0,NearOther,The user scatters a big cloud of sleep-inducing dust around the target.
SLEEPTALK,Sleep Talk,NORMAL,Special,0,0,10,0,User,"While it is asleep, the user randomly uses one of the moves it knows."
SLUDGE,Sludge,POISON,Physical,65,100,20,0,NearOther,Unsanitary sludge is hurled at the target. It may also poison the target.
SLUDGEBOMB,Sludge Bomb,POISON,Physical,90,100,10,0,NearOther,Unsanitary sludge is hurled at the target. It may also poison the target.
SLUDGEWAVE,Sludge Wave,POISON,Physical,95,100,10,0,AllNearOthers,It swamps the area around the user with a giant sludge wave. It may also poison those hit.
SMACKDOWN,Smack Down,ROCK,,50,100,15,0,NearOther,The user throws a stone or projectile to attack. A flying Pokémon will fall to the ground when hit.
SMARTSTRIKE,Smart Strike,STEEL,,70,0,10,0,NearOther,The user stabs the target with a sharp horn. This attack never misses.
SMELLINGSALTS,Smelling Salts,NORMAL,,70,100,10,0,NearOther,"This attack inflicts double damage on a paralyzed foe. It also cures the target's paralysis, however."
SMOG,Smog,POISON,Physical,30,70,20,0,NearOther,The target is attacked with a discharge of filthy gases. It may also poison the target.
SMOKESCREEN,Smokescreen,NORMAL,Special,0,100,20,0,NearOther,The user releases an obscuring cloud of smoke or ink. It reduces the target's accuracy.
SMOOTHEN,Smoothen,ROCK,Special,0,0,20,0,User,"The user smooths their body, becoming more reflective and boosting its Sp. Atk and Sp. Def stats."
SNAPTRAP,Snap Trap,GRASS,,35,100,15,0,NearOther,The user snares the target in a snap trap for four to five turns.
SNARL,Snarl,DARK,Physical,55,95,15,0,AllNearFoes,"The user yells as if it is ranting about something, making the foes' Sp. Atk stat decrease."
SNATCH,Snatch,DARK,Special,0,0,10,4,User,The user steals the effects of any healing or stat-changing move the foe attempts to use.
SNIPESHOT,Snipe Shot,WATER,Physical,80,100,15,0,NearOther,"The user ignores any effects that redirect moves, allowing this move to hit the chosen target."
SNORE,Snore,SOUND,Physical,50,100,15,0,NearOther,An attack that can be used only if the user is asleep. The harsh noise may also make the target flinch.
SNOWBRINGER,Snowbringer,ICE,Physical,120,100,10,0,NearOther,"The user gathers snow around itself, then blasts a cold beam on the next turn. Requires only 1 turn under snow."
SNOWSCAPE,Snowscape,ICE,Special,0,0,10,0,BothSides,Summons a five-turn snowstorm that boosts the Defense of Ice-type Pokémon.
SNUGGLE,Snuggle,FAIRY,,45,100,30,0,NearOther,The user strikes the foe with a big and unexpected hug.
SOAK,Soak,WATER,Special,0,100,20,0,NearOther,The user shoots a torrent of water at the target and changes the target's type to Water.
SOFTBOILED,Soft-Boiled,NORMAL,Special,0,0,10,0,User,The user restores its own HP by up to half of its maximum HP. May also be used in the field to heal HP.
SOLARBEAM,Solar Beam,GRASS,Physical,120,100,10,0,NearOther,"The user gathers light on the first turn, then blasts a bundled beam on the next turn."
SOLARBLADE,Solar Blade,GRASS,,125,100,10,0,NearOther,"The user gathers light energy into a blade, attacking the target on the next turn."
SONICBOOM,Sonic Boom,SOUND,Physical,40,90,20,1,AllNearFoes,"A loud, sudden shockwave hits the foes and deals damage."
SOULDRAIN,Soul Drain,GHOST,Physical,80,90,20,0,NearOther,"Inflicts physical or special damage, whichever will be more effective, and heals the user"
SOUNDBARRIER,Sound Barrier,SOUND,Special,0,0,10,1,UserSide,"The user creates a wall that weakens Water and Fairy-type moves for five turns, and blocks sound-based moves."
SOUNDPLEDGE,Sound Pledge,SOUND,Physical,70,100,10,0,NearOther,Blasts the target with a strong wave of sonic energy. Uses the higher attack stat.
SPACIALREND,Spacial Rend,DRAGON,Physical,100,95,5,0,NearOther,The user tears the target along with the space around it. Critical hits land more easily.
SPARK,Spark,ELECTRIC,,65,100,20,0,NearOther,The user throws an electrically charged tackle at the target. It may also leave the target with paralysis.
SPARKLINGARIA,Sparkling Aria,WATER,Physical,90,100,10,0,AllNearOthers,"The user bursts into song, emitting many bubbles. Any burnt Pokémon will be healed by these bubbles."
SPECTRALTHIEF,Spectral Thief,GHOST,,90,100,10,0,NearOther,"The user hides in the target's shadow, steals the target's stat boosts, and then attacks."
SPEEDSWAP,Speed Swap,PSYCHIC,Special,0,0,10,0,NearOther,The user exchanges Speed stats with the target.
SPICYEXTRACT,Spicy Extract,GRASS,Special,0,0,15,0,NearOther,Emits a spicy extract which raises the target’s Attack and lowers Defense by two stages each.
SPIDERWEB,Spider Web,BUG,Special,0,0,10,0,NearOther,"The user ensnares the target with thin, gooey silk so it can’t flee from battle."
SPIKECANNON,Spike Cannon,STEEL,,25,100,15,0,NearOther,Sharp spikes are shot at the target in rapid succession. They hit two to five times in a row.
SPIKES,Spikes,GROUND,Special,0,0,20,0,FoeSide,The user lays a trap of spikes at the foe's feet. The trap hurts foes that switch into battle.
SPIKYSHIELD,Spiky Shield,GRASS,Special,0,0,10,4,User,Protects the user from attacks. Also damages attackers that make contact with the user.
SPINECHILL,Spine Chill,GHOST,Physical,70,100,15,0,NearOther,"This ghost move strikes fear into the target, with a chance to cause Frostbite."
SPINOUT,Spin Out,STEEL,,100,100,5,0,NearOther,The user inflicts damage on the target with a furious spin. This harshly lowers the user’s Speed.
SPIRITBREAK,Spirit Break,FAIRY,,75,100,15,0,NearOther,The user attacks the target with immense force. This also lowers the target's Sp. Atk stat.
SPIRITSHACKLE,Spirit Shackle,GHOST,,90,100,10,0,NearOther,The user attacks while also stitching the target's shadow to the ground to prevent it fleeing.
SPITE,Spite,GHOST,Special,0,100,10,0,NearOther,The user unleashes its grudge on the move last used by the target by cutting 4 PP from it.
SPITUP,Spit Up,NORMAL,Physical,1,100,10,0,NearOther,The power stored using the move Stockpile is released all at once in an attack.
SPLASH,Splash,NORMAL,Special,0,0,40,0,User,The user just flops and splashes around to no effect at all...
SPORE,Spore,GRASS,Special,0,100,15,0,NearOther,The user scatters bursts of spores that induce sleep.
SPOTLIGHT,Spotlight,NORMAL,Special,0,0,15,3,NearOther,The user shines a spotlight on the target so that only it will be attacked during the turn.
SPRINGTIDESTORM,Springtide Storm,FAIRY,Physical,100,80,5,0,AllNearFoes,The user wraps winds of fierce emotion around opponents. This may lower their Attack stats.
STARBURSTD,Star Burst,DRAGON,Physical,110,90,5,0,NearOther,"The user unleashes a stellar explosion using its higher attack stat, dealing half damage if the target protects itself."
STARBURSTF,Star Burst,FAIRY,Physical,110,90,5,0,NearOther,"The user unleashes a stellar explosion using its higher attack stat, dealing half damage if the target protects itself."
STARBURSTS,Star Burst,SOUND,Physical,110,90,5,0,NearOther,"The user unleashes a stellar explosion using its higher attack stat, dealing half damage if the target protects itself."
STEALTHROCK,Stealth Rock,ROCK,Special,0,0,20,0,FoeSide,The user lays a trap of levitating stones around the foe. The trap hurts foes that switch into battle.
STEAMERUPTION,Steam Eruption,WATER,Physical,110,95,5,0,NearOther,The user immerses the target in superheated steam. This may also leave the target with a burn.
STEAMROLLER,Steamroller,BUG,,65,100,20,0,NearOther,The user crushes its target by rolling over the target with its rolled-up body. This may also make the target flinch.
STEELBEAM,Steel Beam,STEEL,Physical,140,95,5,0,NearOther,The user fires a beam of steel that it collected from its entire body. This also damages the user.
STEELROLLER,Steel Roller,STEEL,,130,100,5,0,NearOther,The user attacks while destroying the terrain. This move fails when the ground isn't a terrain.
STEELWING,Steel Wing,STEEL,,70,90,25,0,NearOther,The target is hit with wings of steel. It may also raise the user's Defense stat.
STICKYWEB,Sticky Web,BUG,Special,0,0,20,0,FoeSide,"The user weaves a sticky net around the opposing team, which lowers the Speed stats of grounded foes switching into battle."
STINGFREEZE,Sting Freeze,ELECTRIC,,70,100,10,0,NearOther,"The user attacks the target's with a shocking and freezing sting, likely inflicting them with frostbite."
STOCKPILE,Stockpile,NORMAL,Special,0,0,20,0,User,"The user charges power and increases Defense, sp. Def and weight. The move can be used three times."
STOMP,Stomp,NORMAL,,65,100,20,0,NearOther,The target is stomped with a big foot. It may also make the target flinch.
STOMPINGTANTRUM,Stomping Tantrum,GROUND,,75,100,10,0,NearOther,The user attacks driven by frustration. Power increases if the user's previous move failed.
STONEAXE,Stone Axe,ROCK,,65,95,15,0,NearOther,The user swings at the opponent with its stone axes. May leave floating rocks around the target.
STONEEDGE,Stone Edge,ROCK,,100,80,5,0,NearOther,The user stabs the foe with sharpened stones from below. It has a high critical-hit ratio.
STOREDPOWER,Stored Power,PSYCHIC,Physical,20,100,10,0,NearOther,"The user attacks with stored power. The more the user's stats are raised, the greater the damage."
STORMTHROW,Storm Throw,FIGHTING,,70,95,10,0,NearOther,The user strikes the target with a fierce blow. This attack always results in a critical hit.
STRANGESTEAM,Strange Steam,FAIRY,Physical,90,95,10,0,NearOther,The user attacks the target by emitting steam. This may also confuse the target.
STREAMSLICER,Stream Slicer,WATER,Physical,80,100,10,0,NearOther,The user gathers water and uses it to form a blade. This attack does physical damage.
STRENGTH,Strength,NORMAL,,80,100,15,-6,NearOther,"The target is slugged with a punch thrown at maximum power and drags out another Pokémon in its party. In the wild, the battle ends."
STRENGTHSAP,Strength Sap,GRASS,Special,0,100,10,0,NearOther,The user restores its HP by the target's Attack stat amount. Then lowers the target's Attack stat.
STRINGSHOT,String Shot,BUG,Special,0,95,40,0,AllNearFoes,The user blows silk from its mouth that binds opposing Pokémon and harshly lowers their Speed stats.
STRUGGLEBUG,Struggle Bug,BUG,Physical,50,100,20,0,AllNearFoes,The user attacks by struggling against opposing Pokémon. This also lowers their Sp. Atk stats.
STUFFCHEEKS,Stuff Cheeks,NORMAL,Special,0,0,10,0,User,"The user eats its held Berry, then sharply raises its Defense stat."
STUNSPORE,Stun Spore,GRASS,Special,0,75,30,0,NearOther,The user scatters a cloud of paralyzing powder. It may leave the target with paralysis.
SUBMISSION,Submission,FIGHTING,,100,85,20,0,NearOther,The user grabs the target and recklessly dives for the ground. It also hurts the user slightly.
SUBSTITUTE,Substitute,NORMAL,Special,0,0,10,0,User,The user makes a copy of itself using some of its HP. The copy serves as the user's decoy.
SUBWOOFER,Subwoofer,SOUND,,60,100,15,0,AllNearFoes,"Low pitched noises reverberate into the foes. If the same targets are hit twice in a row, the second hit will be a critical hit."
SUCKERPUNCH,Sucker Punch,DARK,,70,100,5,1,NearOther,"The user unexpectedly attacks the target at incredible speed. However, this move fails if the target is not readying an attack."
SUGARCRASH,Sugar Crash,FAIRY,,1,100,20,0,NearOther,"The user offers a treat to the opponent, only to trip them over as they reach it. Heavier enemies take more damage."
SUGARRUSH,Sugar Rush,FAIRY,,120,100,15,0,NearOther,"The user charges energetically at the target after having eaten too many sweets. After that, it tires out and defenses lower."
SUNNYDAY,Sunny Day,FIRE,Special,0,0,5,0,BothSides,"The user intensifies the sun for five turns, powering up Fire-type attacks. The sunlight also lowers the power of Water-type attacks."
SUNSTEELSTRIKE,Sunsteel Strike,STEEL,,100,100,5,0,NearOther,The user slams into the target with the force of a meteor. Can't be stopped by the target's Ability.
SUPERCELLSLAM,Supercell Slam,ELECTRIC,,130,95,15,0,NearOther,"The user drops onto the target with its electrified body. If it misses, the user is hurt instead."
SUPERFANG,Super Fang,NORMAL,,1,90,10,0,NearOther,The user chomps hard on the target with its sharp front fangs. It cuts the target's HP to half.
SUPERPOWER,Superpower,FIGHTING,,120,100,5,0,NearOther,"The user attacks the target with great power. However, it also lowers the user's Attack and Defense."
SUPERSONIC,Supersonic,SOUND,Special,0,55,20,0,NearOther,The user generates odd sound waves from its body. It may confuse the target.
SURF,Surf,WATER,Physical,90,100,15,0,AllNearOthers,It swamps the area around the user with a giant wave. It can also be used for crossing water.
SURGINGSTRIKES,Surging Strikes,WATER,,25,100,5,0,NearOther,Hits three times in a row with mastery of the Water style. This attack always deals critical hits.
SWAGGER,Swagger,NORMAL,Special,0,85,15,0,NearOther,"The user enrages and confuses the target. However, it also sharply raises the target's Attack stat."
SWALLOW,Swallow,NORMAL,Special,0,0,10,0,User,The power stored using the move Stockpile is absorbed by the user to heal its HP.
SWARMSTRIKE,Swarm Strike,BUG,,70,100,15,0,NearOther,"The user commands tiny bugs to swarm the opponent, reducing their Speed. Hits all opponents while Silky Terrain is up."
SWEETKISS,Sweet Kiss,FAIRY,Special,0,75,10,0,NearOther,"The user kisses the target with a sweet, angelic cuteness that causes confusion."
SWEETSCENT,Sweet Scent,NORMAL,Special,0,100,20,0,AllNearFoes,"A sweet scent that lowers the foe's evasiveness. It also lures wild Pokémon if used in grass, etc."
SWIFT,Swift,NORMAL,Physical,60,0,20,0,AllNearFoes,Star-shaped rays are shot at the opposing team. This attack never misses.
SWIFTSTINGER,Swift Stinger,BUG,,40,100,30,1,NearOther,The user shoots its sting at the target at light-speed. It has increased priority.
SWITCHEROO,Switcheroo,DARK,Special,0,100,10,0,NearOther,The user trades held items with the target faster than the eye can follow.
SWORDSDANCE,Swords Dance,NORMAL,Special,0,0,10,0,User,A frenetic dance to uplift the fighting spirit. It sharply raises the user's Attack stat.
SYMPHONICMASS,Symphonic Mass,SOUND,Physical,75,90,10,0,AllNearFoes,"The user sings a song that damages all opponents, while soothing themselves and their allies."
SYNCHRONOISE,Synchronoise,PSYCHIC,Physical,120,100,10,0,AllNearOthers,"Using an odd shock wave, the user damages any Pokémon of the same type as the user."
SYNTHESIS,Synthesis,GRASS,Special,0,0,5,0,User,The user restores its own HP. The amount of HP regained varies with the weather.
SYRUPBOMB,Syrup Bomb,GRASS,Physical,60,85,10,0,NearOther,"An explosion of sticky candy syrup, which drop the target's Speed stat each turn for three turns."
TACHYONCUTTER,Tachyon Cutter,STEEL,Physical,50,0,10,0,NearOther,The user attacks by launching particle blades at the target twice in a row. This attack never misses.
TACKLE,Tackle,NORMAL,,40,100,35,0,NearOther,A physical attack in which the user charges and slams into the target with its whole body.
TAILGLOW,Tail Glow,BUG,Special,0,0,20,0,User,"The user stares at flashing lights to focus its mind, drastically raising its Sp. Atk stat."
TAILSLAP,Tail Slap,NORMAL,,25,85,10,0,NearOther,The user attacks by striking the target with its hard tail. It hits the Pokémon two to five times in a row.
TAILWHIP,Tail Whip,NORMAL,Special,0,100,30,0,AllNearFoes,"The user wags its tail cutely, making opposing Pokémon less wary and lowering their Defense stat."
TAILWIND,Tailwind,FLYING,Special,0,0,15,0,UserSide,The user whips up a turbulent whirlwind that ups the Speed of all party Pokémon for four turns.
TAKEDOWN,Take Down,NORMAL,,90,85,20,0,NearOther,"A reckless, full-body charge attack for slamming into the foe. It also damages the user a little."
TAKEHEART,Take Heart,PSYCHIC,Special,0,0,10,0,User,"The user lifts its spirits, curing its own status conditions and boosting its Sp. Atk and Sp. Def stats."
TARSHOT,Tar Shot,ROCK,Special,0,100,15,0,NearOther,"Pours sticky tar over the target, lowering its Speed and making it weaker to Fire-type moves."
TAUNT,Taunt,DARK,Special,0,100,20,0,NearOther,The target is taunted into a rage that allows it to use only attack moves for three turns.
TEARFULLOOK,Tearful Look,NORMAL,Special,0,0,20,0,NearOther,Gets teary eyed to make the target lose its will to fight. Lowers the target's Attack and Sp. Atk.
TEATIME,Teatime,NORMAL,Special,0,0,10,0,AllBattlers,The user has teatime with all the Pokémon in the battle. Each Pokémon eats its held Berry.
TECHNOBLAST,Techno Blast,NORMAL,Physical,120,100,5,0,NearOther,The user fires a beam of light at its target. The type changes depending on the Drive the user holds.
TEETERDANCE,Teeter Dance,NORMAL,Special,0,100,20,0,AllNearOthers,The user performs a wobbly dance that confuses the Pokémon around it.
TELEKINESIS,Telekinesis,PSYCHIC,Special,0,0,15,0,NearOther,The user makes the target float with its psychic power. The target is easier to hit for three turns.
TELEPORT,Teleport,PSYCHIC,Special,0,0,20,-6,User,The user switches place with a party Pokémon. Also warps to the last Pokémon Center visited.
TEMPERFLARE,Temper Flare,FIRE,,75,100,10,0,NearOther,The user attacks driven by frustration. Power increases if the user's previous move failed.
TERASTARSTORM,Tera Starstorm,NORMAL,Physical,120,100,5,0,NearOther,"When used by Terapagos in its Stellar Form, this move damages all opposing Pokémon."
TERRAINPULSE,Terrain Pulse,NORMAL,Physical,50,100,10,0,NearOther,Utilizes the power of the terrain to attack. This move's type and power vary with the terrain.
THIEF,Thief,DARK,,60,100,25,0,NearOther,The user attacks and steals the foe's held item simultaneously. It can't steal if the user holds an item.
THOUSANDARROWS,Thousand Arrows,GROUND,,90,100,10,0,AllNearFoes,This move also hits Pokémon that are in the air. Those Pokémon are knocked down to the ground.
THOUSANDWAVES,Thousand Waves,GROUND,,90,100,10,0,AllNearFoes,The user attacks with a wave that crawls along the ground. Those it hits can't flee from battle.
THRASH,Thrash,NORMAL,,120,100,10,0,RandomNearFoe,"The user rampages and attacks for two to three turns. It then becomes confused, however."
THROATCHOP,Throat Chop,DARK,,80,100,15,0,NearOther,The user attacks the target's throat. The target cannot use sound-based moves for two turns.
THUNDER,Thunder,ELECTRIC,Physical,110,70,10,0,NearOther,A wicked thunderbolt is dropped on the foe to inflict damage. It may also leave the target paralyzed.
THUNDERBOLT,Thunderbolt,ELECTRIC,Physical,90,100,15,0,NearOther,The user attacks the target with a strong electric blast. This may also leave the target with paralysis.
THUNDERCAGE,Thunder Cage,ELECTRIC,Physical,80,90,15,0,NearOther,The user traps the target in a cage of sparking electricity for four to five turns.
THUNDERCLAP,Thunderclap,ELECTRIC,Physical,70,100,5,1,NearOther,"This move enables the user to attack first. It fails if the target is not readying an attack, however."
THUNDERFANG,Thunder Fang,ELECTRIC,,65,95,15,0,NearOther,The user bites with electrified fangs. It may also make the target flinch or leave it with paralysis.
THUNDERHAMMER,Thunder Hammer,ELECTRIC,,150,90,10,0,NearOther,The User strikes the target with a powerful slam using its electrically charged tail. Can't be used twice in a row.
THUNDEROUSKICK,Thunderous Kick,FIGHTING,,90,100,10,0,NearOther,"Overwhelms the target with lightning-like movement, then kicks. Lowers the target's Defense stat."
THUNDERPUNCH,Thunder Punch,ELECTRIC,,75,100,15,0,NearOther,The target is punched with an electrified fist. It may also leave the target with paralysis.
THUNDERSHOCK,Thunder Shock,ELECTRIC,Physical,40,100,30,0,NearOther,A jolt of electricity is hurled at the foe to inflict damage. It may also leave the target with paralysis.
THUNDERSTRIKES,Thunderstrikes,ELECTRIC,,45,95,15,0,NearOther,The user strikes the opponent with two electrically charged blows.
THUNDERWAVE,Thunder Wave,ELECTRIC,Special,0,90,20,0,NearOther,A weak electric charge is launched at the target. It causes paralysis if it hits.
TICKLE,Tickle,NORMAL,Special,0,100,20,0,NearOther,"The user tickles the target into laughing, reducing its Attack and Defense stats."
TIDALDRAGOON,Tidal Dragoon,DRAGON,,25,100,20,0,NearOther,"The user dashes into the opponent up to three times, pushed by a stream of draconic power. Each hit is stronger than the last."
TIDYUP,Tidy Up,NORMAL,Special,0,0,10,0,User,Clears hazards and substitutes from the field. This also boosts the user’s Attack and Speed.
TOPSYTURVY,Topsy-Turvy,DARK,Special,0,0,20,0,NearOther,All stat changes affecting the target turn topsy-turvy and become the opposite of what they were.
TORCHSONG,Torch Song,FIRE,Physical,80,100,10,0,NearOther,The user blows out raging flames as if singing a song. This also boosts the user’s Sp. Atk stat.
TORMENT,Torment,DARK,Special,0,100,15,0,NearOther,"The user torments and enrages the foe, making it incapable of using the same move twice in a row."
TOXIC,Toxic,POISON,Special,0,90,10,0,NearOther,A move that leaves the target badly poisoned. Its poison damage worsens every turn.
TOXICSPIKES,Toxic Spikes,POISON,Special,0,0,20,0,FoeSide,The user lays a trap of poison spikes at the foe's feet. They poison foes that switch into battle.
TOXICTHREAD,Toxic Thread,POISON,Special,0,100,20,1,NearOther,The user shoots venom-imbued threads to poison the target and lower the their Speed stat.
TRAILBLAZE,Trailblaze,GRASS,,50,100,20,0,NearOther,The user attacks suddenly as if leaping out from tall grass. This boosts the user's Speed stat.
TRANSFORM,Transform,NORMAL,Special,0,0,10,0,NearOther,The user transforms into a copy of the target right down to having the same move set.
TRIATTACK,Tri Attack,NORMAL,Physical,80,100,10,0,NearOther,"The user strikes with a simultaneous three-beam attack. May also leave the target burned, paralyzed or frostbitten."
TRICK,Trick,PSYCHIC,Special,0,100,10,0,NearOther,The user catches the target off guard and swaps its held item with its own.
TRICKORTREAT,Trick-or-Treat,GHOST,Special,0,100,20,0,NearOther,The user takes the target trick-or-treating. This adds Ghost type to the target's type.
TRICKROOM,Trick Room,PSYCHIC,Special,0,0,5,-7,BothSides,The user creates a bizarre area in which slower Pokémon get to move first for five turns.
TRIPLEARROWS,Triple Arrows,FIGHTING,,90,100,10,0,NearOther,The user fires arrows which may lower the target’s Defense or make it flinch. Critical hits land more easily.
TRIPLEAXEL,Triple Axel,ICE,,20,90,10,0,NearOther,A consecutive three-kick attack that becomes more powerful with each successful hit.
TRIPLEDIVE,Triple Dive,WATER,,30,95,10,0,NearOther,"The user performs a perfectly timed triple dive, hitting the target three times in a row."
TRIPLEKICK,Triple Kick,FIGHTING,,20,90,10,0,NearOther,A consecutive three-kick attack that becomes more powerful with each successive hit.
TROPKICK,Trop Kick,GRASS,,70,100,15,0,NearOther,The user lands an intense tropical kick on the target. This also lowers the target's Attack stat.
TRUMPCARD,Trump Card,NORMAL,Physical,1,0,5,0,NearOther,"The fewer PP this move has, the greater its attack power."
TWINBEAM,Twin Beam,PSYCHIC,Physical,40,100,10,0,NearOther,The user shoots mystical beams from its eyes to inflict damage. The target is hit twice in a row.
TWINEEDLE,Twineedle,BUG,,45,100,20,0,NearOther,The user damages the target by jabbing it with two spikes. This may also poison the target.
TWISTER,Twister,DRAGON,Physical,40,100,20,0,AllNearFoes,The user whips up a vicious tornado to tear at the opposing team. It may also make targets flinch.
UPPERHAND,Upper Hand,FIGHTING,,65,100,15,3,NearOther,An attack that hits first and makes the target flinch. Fails if the target isn't using a high priority move.
UPROAR,Uproar,SOUND,Physical,75,100,10,0,NearOther,Attacks the target with very loud sounds. Prevents the target from healing for two turns.
UPROOT,Uproot,GRASS,,70,90,10,-6,NearOther,The user uproots the user from the field and sends out another Pokémon in its party. Deals extra damage if the target is seeded or rooted.
UTURN,U-turn,BUG,,70,100,20,0,NearOther,"After making its attack, the user rushes back to switch places with a party Pokémon in waiting."
VACUUMWAVE,Vacuum Wave,FIGHTING,Physical,40,100,30,1,NearOther,The user whirls its fists to send a wave of pure vacuum at the target. This move always goes first.
VCREATE,V-create,FIRE,,180,95,5,0,NearOther,"With a fiery forehead, the user hurls itself at the foe. It lowers the user's Defense, Sp. Def, and Speed."
VELVETSCALES,Velvet Scales,DRAGON,Special,0,0,15,0,FoeSide,The user places a trap with its scales that reduces the highest defense on the opposite side.
VENOMDRENCH,Venom Drench,POISON,Special,0,100,20,0,AllNearFoes,"Foes are drenched in an odd liquid that lowers the Attack, Sp. Atk, and Speed of poisoned Pokémon."
VENOSHOCK,Venoshock,POISON,Physical,65,100,10,0,NearOther,The user drenches the foe in a special poisonous liquid. Its power doubles if the target is affected by a status problem.
VICTORYDANCE,Victory Dance,FIGHTING,Special,0,0,10,0,User,"The user performs an intense dance to usher in victory, raising its Attack, Defense, and Speed."
VINEWHIP,Vine Whip,GRASS,,45,100,25,0,NearOther,"The target is struck with slender, whiplike vines to inflict damage."
VISEGRIP,Vise Grip,NORMAL,,55,100,30,0,NearOther,The target is gripped and squeezed from both sides to inflict damage.
VITALTHROW,Vital Throw,FIGHTING,,70,0,10,-1,NearOther,"The user attacks last. In return, this throw move is guaranteed not to miss."
VOICETUNE,Voice Tune,SOUND,Special,0,0,20,0,User,"The user practices their vocal abilities, boosting special attack and accuracy."
VOLTSWITCH,Volt Switch,ELECTRIC,Physical,70,100,20,0,NearOther,"After making its attack, the user rushes back to switch places with a party Pokémon in waiting."
VOLTTACKLE,Volt Tackle,ELECTRIC,,120,100,15,0,NearOther,"The user electrifies itself, then charges at the foe. It causes considerable damage to the user as well."
WAKEUPSLAP,Wake-Up Slap,FIGHTING,,70,100,10,0,NearOther,"This attack inflicts big damage on a sleeping target. It also wakes the target up, however."
WATERFALL,Waterfall,WATER,,80,100,15,0,NearOther,The user charges at the target and may make it flinch. It can also be used to climb a waterfall.
WATERGUN,Water Gun,WATER,Physical,40,100,25,0,NearOther,The target is blasted with a forceful shot of water.
WATERPLEDGE,Water Pledge,WATER,Physical,80,100,10,0,NearOther,"A column of water strikes the target. When combined with its fire equivalent, it makes a rainbow."
WATERPULSE,Water Pulse,WATER,Physical,60,100,20,0,Other,The user attacks the target with a pulsing blast of water. It may also confuse the target.
WATERSHURIKEN,Water Shuriken,WATER,Physical,15,100,20,1,NearOther,The user hits the target with throwing stars 2-5 times in a row. This move always goes first.
WATERSPORT,Water Sport,WATER,Special,0,0,15,0,BothSides,The user soaks itself with water. The move weakens Fire-type moves while the user is in the battle.
WATERSPOUT,Water Spout,WATER,Physical,150,100,5,0,AllNearFoes,"The user spouts water to damage the foe. The lower the user's HP, the less powerful it becomes."
WAVECRASH,Wave Crash,WATER,,120,100,10,0,NearOther,The user shrouds itself in water and slams into the target. This also damages the user.
WEATHERBALL,Weather Ball,NORMAL,Physical,50,100,10,0,NearOther,An attack move that varies in power and type depending on the weather.
WELLSPRINGSYPHON,Wellspring Syphon,WATER,Physical,85,100,10,0,AllNearFoes,The user syphon water from the opponents' bodies to replenish themself. Restores HP equal to half the damage dealt.
WHIRLPOOL,Whirlpool,WATER,Physical,35,85,15,0,NearOther,Traps foes in a violent swirling whirlpool for four to five turns.
WHIRLWIND,Whirlwind,NORMAL,Special,0,0,20,-6,NearOther,"The foe is blown away, to be replaced by another Pokémon in its party. In the wild, the battle ends."
WICKEDBLOW,Wicked Blow,DARK,,75,100,5,0,NearOther,Strikes with a fierce blow through mastery of the Dark style. Always results in a critical hit.
WICKEDTORQUE,Wicked Torque,DARK,,80,100,10,0,NearOther,This move is only used by a Starmobile. It may put the target to sleep.
WIDEGUARD,Wide Guard,ROCK,Special,0,0,10,3,UserSide,The user and its allies are protected from wide-ranging attacks for a turn. May fail if used in succession.
WILDBOLTSTORM,Wildbolt Storm,ELECTRIC,Physical,100,80,10,0,AllNearFoes,The user attacks opposing Pokémon with a thunderous tempest. This may also leave them paralyzed.
WILDCHARGE,Wild Charge,ELECTRIC,,110,100,15,0,NearOther,The user shrouds itself in electricity and smashes into its foe. It also damages the user a little.
WILDDANCE,Wild Dance,SOUND,,120,100,10,0,NearOther,A reckless dance that tramples over the opponents. It also deals recoil damage to the user.
WILLOWISP,Will-O-Wisp,FIRE,Special,0,85,15,0,NearOther,"The user shoots a sinister, bluish-white flame at the target to inflict a burn."
WINGATTACK,Wing Attack,FLYING,,60,100,35,0,Other,"The target is struck with large, imposing wings spread wide to inflict damage."
WISH,Wish,NORMAL,Special,0,0,10,0,User,"One turn after this move is used, the target's HP is restored by half the user's maximum HP."
WITHDRAW,Withdraw,WATER,Special,0,0,40,0,User,"The user withdraws its body into its hard shell, raising its Defense stat."
WONDERROOM,Wonder Room,PSYCHIC,Special,0,0,10,-7,BothSides,The user creates a bizarre area in which Pokémon's Defense and Sp. Def stats are swapped for 5 turns.
WOODHAMMER,Wood Hammer,GRASS,,120,100,15,0,NearOther,The user slams its rugged body into the target to attack. The user also sustains serious damage.
WORKUP,Work Up,NORMAL,Special,0,0,30,0,User,"The user is roused, and its Attack and Sp. Atk stats increase."
WORRYSEED,Worry Seed,GRASS,Special,0,100,10,0,NearOther,A seed that causes worry is planted on the foe. It prevents sleep by making its Ability Insomnia.
WRAP,Wrap,NORMAL,,15,90,20,0,NearOther,A long body or vines are used to wrap and squeeze the target for four to five turns.
WRINGOUT,Wring Out,NORMAL,Physical,1,100,5,0,NearOther,"The user powerfully wrings the foe. The more HP the foe has, the greater this attack's power."
XSCISSOR,X-Scissor,BUG,,80,100,15,0,NearOther,"The user slashes at the target by crossing its scythes, claws, or the like as if they were a pair of scissors. Critical hits are more frequent"
YAWN,Yawn,NORMAL,Special,0,0,10,0,NearOther,The user lets loose a huge yawn that lulls the target into falling asleep on the next turn.
ZAPCANNON,Zap Cannon,ELECTRIC,Physical,100,75,5,0,NearOther,The user fires an electric blast like a cannon to inflict damage and cause paralysis.
ZENHEADBUTT,Zen Headbutt,PSYCHIC,,80,90,15,0,NearOther,The user focuses its willpower to its head and attacks the foe. It may also make the target flinch.
ZINGZAP,Zing Zap,ELECTRIC,,80,100,10,0,NearOther,A strong electric blast crashes down on the target. This may also make the target flinch.