id,form_id,name,form_name,type1,type2,hp,attack,defense,special_attack,special_defense,speed,bst,ability1,ability2,hidden_ability,egg_group1,egg_group2,growth_rate,catch_rate,base_exp
ABOMASNOW,0,Abomasnow,,GRASS,ICE,90,100,85,100,85,35,495,SNOWWARNING,SOUNDPROOF,GRASSYSURGE,Monster,Grass,Slow,60,173
ABOMASNOW_1,1,Abomasnow,,GRASS,ICE,90,132,105,132,105,30,594,SNOWWARNING,SOUNDPROOF,SNOWWARNING,Monster,Grass,Slow,60,208
ABRA,0,Abra,,PSYCHIC,,25,20,15,105,55,90,310,SYNCHRONIZE,INNERFOCUS,MAGICGUARD,Humanlike,,Parabolic,200,62
ABSOL,0,Absol,,DARK,,75,125,60,60,60,95,475,PRESSURE,SUPERLUCK,JUSTIFIED,Field,,Parabolic,30,163
ABSOL_1,1,Absol,,DARK,FLYING,95,60,80,145,80,115,575,MAGICBOUNCE,,MAGICBOUNCE,Field,,Parabolic,30,198
ACCELGOR,0,Accelgor,,BUG,,80,70,40,100,60,145,495,HYDRATION,STICKYHOLD,UNBURDEN,Bug,,Medium,75,173
AEGISLASH,0,Aegislash,,STEEL,GHOST,60,50,140,50,140,60,500,STANCECHANGE,,,Mineral,,Medium,45,250
AEGISLASHX,0,WIP,,NORMAL,SOUND,1,1,1,1,1,1,6,RUNAWAY,,,Undiscovered,,Slow,1,100
AEGISLASH_1,1,Aegislash,,STEEL,GHOST,60,140,50,140,50,60,500,STANCECHANGE,,,Mineral,,Medium,45,250
AERODACTYL,0,Aerodactyl,,ROCK,FLYING,80,105,65,60,75,130,515,ROCKHEAD,PRESSURE,UNNERVE,Flying,,Slow,45,180
AERODACTYL_1,1,Aerodactyl,,ROCK,FLYING,80,135,85,70,95,150,615,TOUGHCLAWS,,TOUGHCLAWS,Flying,,Slow,45,215
AGGRON,0,Aggron,,STEEL,ROCK,70,110,180,60,60,50,530,FILTER,ROCKHEAD,HEAVYMETAL,Monster,,Slow,45,265
AGGRON_1,1,Aggron,,STEEL,,70,140,230,60,80,50,630,FILTER,,FILTER,Monster,,Slow,45,265
AIPOM,0,Aipom,,NORMAL,,55,70,55,40,55,85,360,RUNAWAY,PICKUP,SKILLLINK,Field,,Fast,45,72
ALAKAZAM,0,Alakazam,,PSYCHIC,,55,50,45,135,95,120,500,SYNCHRONIZE,INNERFOCUS,MAGICGUARD,Humanlike,,Parabolic,50,250
ALAKAZAM_1,1,Alakazam,,PSYCHIC,,55,50,65,175,105,150,600,TRACE,,TRACE,Humanlike,,Parabolic,50,300
ALCREMIE,0,Alcremie,,FAIRY,,65,60,75,110,121,64,495,SWEETVEIL,,AROMAVEIL,Fairy,Amorphous,Medium,100,173
ALOMOMOLA,0,Alomomola,,WATER,,165,75,80,40,45,65,470,HEALER,HYDRATION,REGENERATOR,Water1,Water2,Fast,75,165
ALTARIA,0,Altaria,,DRAGON,FLYING,85,85,90,85,105,80,530,NATURALCURE,CLOUDNINE,FLUFFY,Flying,Dragon,Erratic,45,172
ALTARIA_1,1,Altaria,,DRAGON,FAIRY,85,125,110,125,105,80,630,PIXILATE,,PIXILATE,Flying,Dragon,Erratic,45,207
AMAURA,0,Amaura,,ROCK,ICE,77,59,50,67,63,46,362,REFRIGERATE,,SNOWWARNING,Monster,,Medium,45,72
AMBIPOM,0,Ambipom,,NORMAL,,75,100,66,60,66,115,482,TECHNICIAN,PICKUP,SKILLLINK,Field,,Fast,45,169
AMOONGUSS,0,Amoonguss,,GRASS,POISON,114,85,70,85,80,30,464,EFFECTSPORE,,REGENERATOR,Grass,,Medium,75,162
AMPHAROS,0,Ampharos,,ELECTRIC,,90,75,85,115,90,55,510,ILLUMINATE,,PLUS,Monster,Field,Parabolic,45,255
AMPHAROS_1,1,Ampharos,,ELECTRIC,DRAGON,90,95,105,165,110,45,610,MOLDBREAKER,,MOLDBREAKER,Monster,Field,Parabolic,45,305
ANNIHILAPE,0,Annihilape,,FIGHTING,GHOST,110,115,80,50,90,90,535,VITALSPIRIT,INNERFOCUS,DEFIANT,Field,,Medium,45,268
ANORITH,0,Anorith,,ROCK,BUG,45,95,50,40,50,75,355,BATTLEARMOR,,SWIFTSWIM,Water3,,Erratic,45,71
APPLETUN,0,Appletun,,GRASS,DRAGON,110,85,80,100,80,30,485,RIPEN,GLUTTONY,THICKFAT,Grass,Dragon,Erratic,45,170
APPLIN,0,Applin,,GRASS,DRAGON,40,40,80,40,40,20,260,RIPEN,GLUTTONY,BULLETPROOF,Grass,Dragon,Erratic,255,52
ARAQUANID,0,Araquanid,,WATER,BUG,68,70,92,50,132,42,454,WATERBUBBLE,,WATERABSORB,Water1,Bug,Medium,100,159
ARBOK,0,Arbok,,POISON,SOUND,70,105,79,50,84,80,468,INTIMIDATE,DISHEARTEN,UNNERVE,Field,Dragon,Medium,90,157
ARBOLIVA,0,Arboliva,,GRASS,NORMAL,78,69,90,125,109,39,510,SEEDSOWER,,HARVEST,Grass,,Parabolic,45,255
ARCANINE,0,Arcanine,,FIRE,,90,110,80,100,80,95,555,INTIMIDATE,FLASHFIRE,JUSTIFIED,Field,,Slow,75,194
ARCANINE_1,1,Arcanine,,FIRE,ROCK,90,110,80,100,80,95,555,INTIMIDATE,GUARDDOG,ROCKHEAD,Field,,Slow,75,194
ARCEUS,0,Arceus,,NORMAL,,120,120,120,120,120,120,720,MULTITYPE,,,Undiscovered,,Slow,3,360
ARCEUS_1,1,Arceus,,FIGHTING,,120,120,120,120,120,120,720,MULTITYPE,,,Undiscovered,,Slow,3,360
ARCEUS_10,10,Arceus,,FIRE,,120,120,120,120,120,120,720,MULTITYPE,,,Undiscovered,,Slow,3,360
ARCEUS_11,11,Arceus,,WATER,,120,120,120,120,120,120,720,MULTITYPE,,,Undiscovered,,Slow,3,360
ARCEUS_12,12,Arceus,,GRASS,,120,120,120,120,120,120,720,MULTITYPE,,,Undiscovered,,Slow,3,360
ARCEUS_13,13,Arceus,,ELECTRIC,,120,120,120,120,120,120,720,MULTITYPE,,,Undiscovered,,Slow,3,360
ARCEUS_14,14,Arceus,,PSYCHIC,,120,120,120,120,120,120,720,MULTITYPE,,,Undiscovered,,Slow,3,360
ARCEUS_15,15,Arceus,,ICE,,120,120,120,120,120,120,720,MULTITYPE,,,Undiscovered,,Slow,3,360
ARCEUS_16,16,Arceus,,DRAGON,,120,120,120,120,120,120,720,MULTITYPE,,,Undiscovered,,Slow,3,360
ARCEUS_17,17,Arceus,,DARK,,120,120,120,120,120,120,720,MULTITYPE,,,Undiscovered,,Slow,3,360
ARCEUS_18,18,Arceus,,FAIRY,,120,120,120,120,120,120,720,MULTITYPE,,,Undiscovered,,Slow,3,360
ARCEUS_2,2,Arceus,,FLYING,,120,120,120,120,120,120,720,MULTITYPE,,,Undiscovered,,Slow,3,360
ARCEUS_3,3,Arceus,,POISON,,120,120,120,120,120,120,720,MULTITYPE,,,Undiscovered,,Slow,3,360
ARCEUS_4,4,Arceus,,GROUND,,120,120,120,120,120,120,720,MULTITYPE,,,Undiscovered,,Slow,3,360
ARCEUS_5,5,Arceus,,ROCK,,120,120,120,120,120,120,720,MULTITYPE,,,Undiscovered,,Slow,3,360
ARCEUS_6,6,Arceus,,BUG,,120,120,120,120,120,120,720,MULTITYPE,,,Undiscovered,,Slow,3,360
ARCEUS_7,7,Arceus,,GHOST,,120,120,120,120,120,120,720,MULTITYPE,,,Undiscovered,,Slow,3,360
ARCEUS_8,8,Arceus,,STEEL,,120,120,120,120,120,120,720,MULTITYPE,,,Undiscovered,,Slow,3,360
ARCEUS_9,9,Arceus,,QMARKS,,120,120,120,120,120,120,720,MULTITYPE,,,Undiscovered,,Slow,3,360
ARCHALUDON,0,Archaludon,,STEEL,DRAGON,90,105,130,125,65,85,600,STAMINA,STURDY,STALWART,Mineral,Dragon,Medium,10,300
ARCHEN,0,Archen,,ROCK,FLYING,55,112,45,74,45,70,401,DEFEATIST,,,Flying,Water3,Medium,45,71
ARCHEOPS,0,Archeops,,ROCK,FLYING,75,140,65,112,65,110,567,DEFEATIST,,,Flying,Water3,Medium,45,177
ARCTIBAX,0,Arctibax,,DRAGON,ICE,90,95,66,45,65,62,423,THERMALEXCHANGE,,ICEBODY,Dragon,Mineral,Slow,25,182
ARCTOVISH,0,Arctovish,,WATER,ICE,90,90,100,80,90,55,505,WATERABSORB,ICEBODY,SLUSHRUSH,Undiscovered,,Slow,45,177
ARCTOZOLT,0,Arctozolt,,ELECTRIC,ICE,90,100,90,90,80,55,505,VOLTABSORB,STATIC,SLUSHRUSH,Undiscovered,,Slow,45,177
ARIADOS,0,Ariados,,BUG,POISON,95,115,85,40,85,40,460,INSOMNIA,INTIMIDATE,SNIPER,Bug,,Fast,90,140
ARMALDO,0,Armaldo,,ROCK,BUG,75,125,100,70,80,45,495,BATTLEARMOR,,SWIFTSWIM,Water3,,Erratic,45,173
ARMAROUGE,0,Armarouge,,FIRE,PSYCHIC,85,60,100,125,80,75,525,FLASHFIRE,,MEGALAUNCHER,Humanlike,,Slow,25,263
AROMATISSE,0,Aromatisse,,FAIRY,,101,72,72,99,89,29,462,HEALER,,AROMAVEIL,Fairy,,Medium,140,162
ARON,0,Aron,,STEEL,ROCK,50,70,100,40,40,30,330,STURDY,ROCKHEAD,HEAVYMETAL,Monster,,Slow,180,66
ARROKUDA,0,Arrokuda,,WATER,,41,63,40,40,30,66,280,SWIFTSWIM,,PROPELLERTAIL,Water2,,Slow,255,56
ARTICUNO,0,Articuno,,ICE,FLYING,90,85,100,95,125,85,580,PRESSURE,,SNOWCLOAK,Undiscovered,,Slow,3,290
ARTICUNO_1,1,Articuno,,PSYCHIC,FLYING,90,85,85,125,100,95,580,COMPETITIVE,,COMPETITIVE,Undiscovered,,Slow,3,290
AUDINO,0,Audino,,NORMAL,SOUND,103,60,86,60,86,50,445,FRIENDGUARD,REGENERATOR,KLUTZ,Fairy,,Fast,255,390
AUDINO_1,1,Audino,,NORMAL,FAIRY,103,60,126,80,126,50,545,HEALER,,HEALER,Fairy,,Fast,255,425
AURORUS,0,Aurorus,,ROCK,ICE,123,77,72,99,92,58,521,REFRIGERATE,,SNOWWARNING,Monster,,Medium,45,104
AVALUGG,0,Avalugg,,ICE,,95,117,184,44,46,28,514,FILTER,ICEBODY,STURDY,Monster,Mineral,Medium,55,180
AVALUGG_1,1,Avalugg,,ICE,ROCK,95,127,134,34,46,78,514,STRONGJAW,ICEBODY,STURDY,Monster,Mineral,Medium,55,180
AXEW,0,Axew,,DRAGON,,46,87,60,30,40,57,320,RIVALRY,MOLDBREAKER,SHARPNESS,Monster,Dragon,Parabolic,75,64
AZELF,0,Azelf,,PSYCHIC,,75,125,70,125,70,115,580,LEVITATE,,,Undiscovered,,Slow,3,290
AZUMARILL,0,Azumarill,,WATER,FAIRY,100,50,80,90,80,50,450,THICKFAT,HUGEPOWER,SAPSIPPER,Water1,Fairy,Fast,75,210
AZURILL,0,Azurill,,NORMAL,FAIRY,50,20,40,20,40,20,190,THICKFAT,HUGEPOWER,SAPSIPPER,Undiscovered,,Fast,150,38
BAGON,0,Bagon,,DRAGON,,45,75,60,40,30,50,300,ROCKHEAD,,SHEERFORCE,Dragon,,Slow,45,60
BALTOY,0,Baltoy,,GROUND,PSYCHIC,40,40,55,40,70,55,300,LEVITATE,,,Mineral,,Medium,255,60
BANDEON,0,Bandeon,,SOUND,,130,60,65,95,110,65,525,FILTER,,EQUALIZE,Field,,Medium,45,184
BANETTE,0,Banette,,GHOST,,64,115,65,83,63,65,455,INSOMNIA,FRISK,CURSEDBODY,Amorphous,,Fast,45,159
BANETTE_1,1,Banette,,GHOST,,64,165,75,93,83,75,555,PRANKSTER,,PRANKSTER,Amorphous,,Fast,45,194
BARBARACLE,0,Barbaracle,,ROCK,FIGHTING,72,105,115,54,86,68,500,TOUGHCLAWS,SNIPER,LONGREACH,Water3,,Medium,45,175
BARBOACH,0,Barboach,,WATER,GROUND,50,48,43,46,41,60,288,OBLIVIOUS,ANTICIPATION,HYDRATION,Water2,,Medium,190,58
BARRASKEWDA,0,Barraskewda,,WATER,,61,123,60,60,50,136,490,SWIFTSWIM,,PROPELLERTAIL,Water2,,Slow,60,172
BASCULEGION,0,Basculegion,,WATER,GHOST,120,112,65,80,75,78,530,SWIFTSWIM,ADAPTABILITY,MOLDBREAKER,Water2,,Medium,45,265
BASCULEGION_1,1,Basculegion,,WATER,GHOST,120,92,65,100,75,78,530,SWIFTSWIM,ADAPTABILITY,MOLDBREAKER,Water2,,Medium,45,265
BASCULIN,0,Basculin,,WATER,,70,92,65,80,55,98,460,RECKLESS,ADAPTABILITY,MOLDBREAKER,Water2,,Medium,25,161
BASCULIN_1,1,Basculin,,WATER,,70,92,65,80,55,98,460,ROCKHEAD,ADAPTABILITY,MOLDBREAKER,Water2,,Medium,25,161
BASCULIN_2,2,Basculin,,WATER,,70,92,65,80,55,98,460,RATTLED,ADAPTABILITY,MOLDBREAKER,Water2,,Medium,25,161
BASTIODON,0,Bastiodon,,ROCK,STEEL,60,52,168,47,138,30,495,STURDY,,SOUNDPROOF,Monster,,Erratic,45,173
BATNANA,0,Batnana,,GRASS,FLYING,62,60,63,80,60,80,405,OVERGROW,,UNBURDEN,Grass,Flying,Parabolic,45,100
BAXCALIBUR,0,Baxcalibur,,DRAGON,ICE,115,145,92,75,86,87,600,THERMALEXCHANGE,,ICEBODY,Dragon,Mineral,Slow,10,300
BAYLEEF,0,Bayleef,,GRASS,,60,62,80,63,80,60,405,OVERGROW,,TRIAGE,Monster,Grass,Parabolic,45,142
BEARTIC,0,Beartic,,ICE,,95,130,80,70,80,50,505,SNOWCLOAK,SLUSHRUSH,SWIFTSWIM,Field,,Medium,60,177
BEAUTIFLY,0,Beautifly,,BUG,FLYING,60,70,50,100,50,65,395,SWARM,,RIVALRY,Bug,,Medium,45,198
BEEDRILL,0,Beedrill,,BUG,POISON,65,100,60,30,80,95,430,SWARM,,SNIPER,Bug,,Medium,45,198
BEEDRILL_1,1,Beedrill,,BUG,POISON,65,150,60,30,80,145,530,ADAPTABILITY,,ADAPTABILITY,Bug,,Medium,45,284
BEEFLE,0,Beefle,,BUG,FIGHTING,39,46,28,21,31,21,186,HUSTLE,BATTLEARMOR,UNAWARE,Bug,,Medium,255,60
BEHEEYEM,0,Beheeyem,,PSYCHIC,,95,75,75,125,95,40,505,TELEPATHY,OBLIVIOUS,ANALYTIC,Humanlike,,Medium,90,170
BELDUM,0,Beldum,,STEEL,PSYCHIC,40,55,80,35,60,30,300,CLEARBODY,,LIGHTMETAL,Mineral,,Slow,30,60
BELLIBOLT,0,Bellibolt,,ELECTRIC,,109,64,91,103,83,45,495,ELECTROMORPHOSIS,STATIC,DAMP,Water1,,Medium,50,173
BELLOSSOM,0,Bellossom,,GRASS,,85,70,95,90,100,50,490,CHLOROPHYLL,SWEETVEIL,HEALER,Grass,,Parabolic,45,245
BELLSPROUT,0,Bellsprout,,GRASS,POISON,50,75,35,70,30,40,300,CHLOROPHYLL,,GLUTTONY,Grass,,Parabolic,255,60
BERGMITE,0,Bergmite,,ICE,,55,69,85,32,35,28,304,FILTER,ICEBODY,STURDY,Monster,Mineral,Medium,190,61
BEWEAR,0,Bewear,,NORMAL,FIGHTING,120,125,80,55,60,60,500,FLUFFY,KLUTZ,UNNERVE,Field,,Medium,70,175
BIBAREL,0,Bibarel,,NORMAL,WATER,99,90,70,55,70,76,460,SIMPLE,UNAWARE,MOODY,Water1,Field,Medium,127,144
BIDOOF,0,Bidoof,,NORMAL,,69,55,50,35,50,41,300,SIMPLE,UNAWARE,MOODY,Water1,Field,Medium,255,50
BINACLE,0,Binacle,,ROCK,WATER,42,52,67,39,56,50,306,TOUGHCLAWS,SNIPER,PICKPOCKET,Water3,,Medium,120,61
BIRIGIRI,0,Birigiri,,ELECTRIC,WATER,75,95,80,60,75,100,485,MOTORDRIVE,BATTERY,GALVANIZE,Water2,,Medium,45,151
BISHARP,0,Bisharp,,DARK,STEEL,65,125,100,60,70,70,490,DEFIANT,INNERFOCUS,DISHEARTEN,Humanlike,,Medium,45,172
BISHARPX,0,WIP,,NORMAL,SOUND,1,1,1,1,1,1,6,RUNAWAY,,,Undiscovered,,Slow,1,100
BLACEPHALON,0,Blacephalon,,FIRE,GHOST,53,127,53,151,79,107,570,BEASTBOOST,,,Undiscovered,,Slow,30,285
BLASTOISE,0,Blastoise,,WATER,,79,83,100,85,105,78,530,TORRENT,,RAINDISH,Monster,Water1,Parabolic,45,265
BLASTOISE_1,1,Blastoise,,WATER,,79,103,120,135,115,78,630,MEGALAUNCHER,,MEGALAUNCHER,Monster,Water1,Parabolic,45,315
BLAZIKEN,0,Blaziken,,FIRE,FIGHTING,80,120,70,110,70,80,530,BLAZE,,SPEEDBOOST,Field,,Parabolic,45,265
BLAZIKEN_1,1,Blaziken,,FIRE,FIGHTING,80,160,80,130,80,100,630,SPEEDBOOST,,SPEEDBOOST,Field,,Parabolic,45,315
BLINGRIMM,0,Blingrimm,,STEEL,POISON,50,68,77,30,40,40,305,HYPERCUTTER,POISONTOUCH,TOUGHCLAWS,Mineral,Amorphous,Medium,207,61
BLINGRUDGE,0,Blingrudge,,STEEL,POISON,80,101,109,55,75,45,465,HYPERCUTTER,POISONTOUCH,TOUGHCLAWS,Mineral,Amorphous,Medium,120,173
BLIPBUG,0,Blipbug,,BUG,,25,20,20,25,45,45,180,SWARM,COMPOUNDEYES,TELEPATHY,Bug,,Medium,255,36
BLISSEY,0,Blissey,,NORMAL,,255,10,10,75,135,55,540,NATURALCURE,SERENEGRACE,HEALER,Fairy,,Fast,30,635
BLITZLE,0,Blitzle,,ELECTRIC,NORMAL,45,65,32,40,32,81,295,MOTORDRIVE,STRIKER,GUTS,Field,,Medium,190,59
BOLDORE,0,Boldore,,ROCK,,70,50,105,105,40,20,390,STURDY,WEAKARMOR,SOLARPOWER,Mineral,,Parabolic,120,137
BOLTUND,0,Boltund,,ELECTRIC,,69,90,60,90,60,121,490,STRONGJAW,,COMPETITIVE,Field,,Fast,45,172
BOMBIRDIER,0,Bombirdier,,FLYING,DARK,70,103,85,60,85,82,485,BIGPECKS,KEENEYE,ROCKYPAYLOAD,Flying,,Slow,25,243
BONSLY,0,Bonsly,,ROCK,,50,80,95,10,45,10,290,STURDY,ROCKHEAD,RATTLED,Undiscovered,,Medium,255,58
BOUFFALANT,0,Bouffalant,,NORMAL,,95,110,105,40,95,55,500,RECKLESS,SAPSIPPER,SOUNDPROOF,Field,,Medium,45,172
BOUNSWEET,0,Bounsweet,,GRASS,,42,30,38,30,38,32,210,LEAFGUARD,OBLIVIOUS,SWEETVEIL,Grass,,Parabolic,235,42
BRAIXEN,0,Braixen,,FIRE,,59,59,58,90,70,73,409,BLAZE,,MAGICIAN,Field,,Parabolic,45,143
BRAMBLEGHAST,0,Brambleghast,,GRASS,GHOST,55,115,70,70,70,100,480,WINDRIDER,DRYSKIN,INFILTRATOR,Grass,,Medium,45,168
BRAMBLIN,0,Bramblin,,GRASS,GHOST,45,65,35,25,35,70,275,WINDRIDER,DRYSKIN,INFILTRATOR,Grass,,Medium,190,55
BRAVIARY,0,Braviary,,NORMAL,FLYING,100,123,75,57,75,80,510,KEENEYE,SHEERFORCE,DEFIANT,Flying,,Slow,60,179
BRAVIARY_1,1,Braviary,,PSYCHIC,FLYING,110,112,70,83,70,65,510,KEENEYE,SHEERFORCE,RAPTOR,Flying,,Slow,60,179
BRELOOM,0,Breloom,,GRASS,FIGHTING,60,130,80,60,60,70,460,EFFECTSPORE,POISONHEAL,TECHNICIAN,Fairy,Grass,Fluctuating,90,161
BREMAND,0,Bremand,,GHOST,SOUND,80,100,60,100,80,80,500,MOLDBREAKER,,ADAPTABILITY,Field,,Slow,200,100
BREMAND_1,1,Bremand,,ELECTRIC,SOUND,60,60,80,100,80,100,480,MOLDBREAKER,,ADAPTABILITY,Field,,Slow,200,100
BREMAND_2,2,Bremand,,FIGHTING,SOUND,100,100,80,80,60,60,480,MOLDBREAKER,,ADAPTABILITY,Field,,Slow,200,100
BREMAND_3,3,Bremand,,DARK,SOUND,80,60,100,60,100,80,480,MOLDBREAKER,,ADAPTABILITY,Field,,Slow,200,100
BRIONNE,0,Brionne,,WATER,,60,69,69,91,81,50,420,TORRENT,,LIQUIDVOICE,Water1,Field,Parabolic,45,147
BRONZONG,0,Bronzong,,STEEL,PSYCHIC,67,89,116,79,116,33,500,LEVITATE,HEATPROOF,HEAVYMETAL,Mineral,,Medium,90,175
BRONZOR,0,Bronzor,,STEEL,PSYCHIC,57,24,86,24,86,23,300,LEVITATE,HEATPROOF,HEAVYMETAL,Mineral,,Medium,255,60
BRUTEBONNET,0,Brute Bonnet,,GRASS,DARK,111,127,99,79,99,55,570,PROTOSYNTHESIS,,,Undiscovered,,Slow,50,285
BRUXISH,0,Bruxish,,WATER,PSYCHIC,68,105,70,70,70,92,475,DAZZLING,STRONGJAW,WONDERSKIN,Water2,,Medium,80,166
BUDEW,0,Budew,,GRASS,POISON,40,30,35,50,70,55,280,NATURALCURE,POISONPOINT,LEAFGUARD,Undiscovered,,Parabolic,255,56
BUDEWX,0,WIP,,NORMAL,SOUND,1,1,1,1,1,1,6,RUNAWAY,,,Undiscovered,,Slow,1,100
BUIZEL,0,Buizel,,WATER,,55,65,35,60,30,85,330,SWIFTSWIM,,WATERVEIL,Water1,Field,Medium,190,66
BULBASAUR,0,Bulbasaur,,GRASS,POISON,45,49,49,65,65,45,318,OVERGROW,,CHLOROPHYLL,Monster,Grass,Parabolic,45,64
BULLVERIN,0,Bullverin,,FIRE,,70,75,62,70,63,65,405,BLAZE,,RECKLESS,Field,,Parabolic,45,100
BUNEARY,0,Buneary,,NORMAL,,55,66,44,44,56,85,350,RUNAWAY,KLUTZ,LIMBER,Field,Humanlike,Medium,190,70
BUNNELBY,0,Bunnelby,,NORMAL,,38,36,38,32,36,57,237,PICKUP,CHEEKPOUCH,HUGEPOWER,Field,,Medium,255,47
BURMY,0,Burmy,,BUG,,40,29,45,29,45,36,224,SHEDSKIN,,OVERCOAT,Bug,,Medium,120,45
BURMY_1,1,Burmy,,BUG,,40,29,45,29,45,36,224,SHEDSKIN,,OVERCOAT,Bug,,Medium,120,45
BURMY_2,2,Burmy,,BUG,,40,29,45,29,45,36,224,SHEDSKIN,,OVERCOAT,Bug,,Medium,120,45
BUTTERFREE,0,Butterfree,,BUG,FLYING,60,45,50,90,80,70,395,COMPOUNDEYES,,TINTEDLENS,Bug,,Medium,45,198
BUZZWOLE,0,Buzzwole,,BUG,FIGHTING,107,139,139,53,53,79,570,BEASTBOOST,,,Undiscovered,,Slow,45,285
CACNEA,0,Cacnea,,GRASS,,50,85,40,85,40,35,335,SANDVEIL,,WATERABSORB,Grass,Humanlike,Parabolic,190,67
CACNEAX,0,Cacnea,,GHOST,GROUND,70,85,45,45,15,85,345,IRONBARBS,,CURSEDBODY,Xenoverse,,Parabolic,190,67
CACTURNE,0,Cacturne,,GRASS,DARK,70,115,60,115,60,55,475,SANDVEIL,,WATERABSORB,Grass,Humanlike,Parabolic,60,166
CACTURNEX,0,Cacturne,,GHOST,GROUND,95,105,75,105,75,20,475,IRONBARBS,,DEADEYE,Xenoverse,,Parabolic,60,166
CALYREX,0,Calyrex,,PSYCHIC,GRASS,100,80,80,80,80,80,500,UNNERVE,,,Undiscovered,,Slow,3,250
CALYREX_1,1,Calyrex,,PSYCHIC,ICE,100,165,150,85,130,50,680,ASONECHILLINGNEIGH,,,Undiscovered,,Slow,3,340
CALYREX_2,2,Calyrex,,PSYCHIC,GHOST,100,85,80,165,100,150,680,ASONEGRIMNEIGH,,,Undiscovered,,Slow,3,340
CAMERUPT,0,Camerupt,,FIRE,GROUND,100,60,75,105,80,40,460,MAGMAARMOR,SOLIDROCK,BERSERK,Field,,Medium,150,161
CAMERUPT_1,1,Camerupt,,FIRE,GROUND,120,70,100,145,105,20,560,SHEERFORCE,,SHEERFORCE,Field,,Medium,150,196
CAPSAKID,0,Capsakid,,GRASS,,50,62,40,62,40,50,304,CHLOROPHYLL,INSOMNIA,KLUTZ,Grass,,Medium,190,61
CARBINK,0,Carbink,,ROCK,FAIRY,50,50,150,50,150,50,500,CLEARBODY,,STURDY,Fairy,Mineral,Slow,60,100
CARKOL,0,Carkol,,ROCK,FIRE,80,60,90,60,70,50,410,STEAMENGINE,FLAMEBODY,FLASHFIRE,Mineral,,Parabolic,120,144
CARNIVINE,0,Carnivine,,GRASS,,74,100,72,90,72,46,454,LEVITATE,,,Grass,,Slow,200,159
CARRACOSTA,0,Carracosta,,WATER,ROCK,74,108,133,83,65,32,495,SOLIDROCK,STURDY,SWIFTSWIM,Water1,Water3,Medium,45,173
CARVANHA,0,Carvanha,,WATER,DARK,45,90,20,65,20,65,305,ROUGHSKIN,,SPEEDBOOST,Water2,,Slow,225,61
CARVANHAX,0,Carvanha,,WATER,GHOST,45,90,20,65,20,65,305,STRONGJAW,INFILTRATOR,NOGUARD,Xenoverse,,Slow,100,61
CASCOON,0,Cascoon,,BUG,,50,35,55,25,25,15,205,SHEDSKIN,,,Bug,,Medium,120,72
CASTFORM,0,Castform,,NORMAL,FLYING,80,80,80,80,80,80,480,FORECAST,,,Fairy,Amorphous,Medium,45,147
CASTFORM_1,1,Castform,,FIRE,FLYING,80,80,80,100,80,100,520,FORECAST,,,Fairy,Amorphous,Medium,45,147
CASTFORM_2,2,Castform,,WATER,FLYING,80,80,80,100,80,100,520,FORECAST,,,Fairy,Amorphous,Medium,45,147
CASTFORM_3,3,Castform,,ICE,FLYING,80,80,80,100,80,100,520,FORECAST,,,Fairy,Amorphous,Medium,45,147
CASTFORM_4,4,Castform,,ROCK,FLYING,80,80,80,100,80,100,520,FORECAST,,,Fairy,Amorphous,Medium,45,147
CASTFORM_5,5,Castform,,POISON,FLYING,80,80,80,100,80,100,520,FORECAST,,,Fairy,Amorphous,Medium,45,147
CATERPIE,0,Caterpie,,BUG,,45,30,35,20,20,45,195,SHIELDDUST,,RUNAWAY,Bug,,Medium,255,39
CATERPIEX,0,Caterpie,,PSYCHIC,STEEL,85,140,112,145,108,90,680,SHACKLEDSOUL,,,Undiscovered,,Parabolic,45,194
CELEBI,0,Celebi,,PSYCHIC,GRASS,100,100,100,100,100,100,600,NATURALCURE,,,Undiscovered,,Parabolic,45,300
CELESTEELA,0,Celesteela,,STEEL,FLYING,97,101,103,107,101,61,570,BEASTBOOST,,,Undiscovered,,Slow,45,285
CENTISKORCH,0,Centiskorch,,FIRE,BUG,100,115,65,90,90,65,525,FLASHFIRE,WHITESMOKE,FLAMEBODY,Bug,,Medium,75,184
CERULEDGE,0,Ceruledge,,FIRE,GHOST,75,125,80,60,100,85,525,FLASHFIRE,,SHARPNESS,Humanlike,,Slow,25,263
CETITAN,0,Cetitan,,ICE,,170,113,65,45,55,73,521,THICKFAT,SLUSHRUSH,SHEERFORCE,Field,,Parabolic,50,182
CETODDLE,0,Cetoddle,,ICE,,108,68,45,30,40,43,334,THICKFAT,SNOWCLOAK,SHEERFORCE,Field,,Parabolic,150,67
CHANDELURE,0,Chandelure,,GHOST,FIRE,60,55,90,145,90,80,520,FLASHFIRE,FLAMEBODY,INFILTRATOR,Amorphous,,Parabolic,45,260
CHANSEY,0,Chansey,,NORMAL,,250,5,5,35,105,50,450,NATURALCURE,SERENEGRACE,HEALER,Fairy,,Fast,30,395
CHARCADET,0,Charcadet,,FIRE,,40,50,40,50,40,35,255,FLASHFIRE,,FLAMEBODY,Humanlike,,Slow,90,51
CHARIZARD,0,Charizard,,FIRE,FLYING,78,84,78,109,85,100,534,BLAZE,,SOLARPOWER,Monster,Dragon,Parabolic,45,267
CHARIZARD_1,1,Charizard,,FIRE,DRAGON,78,130,111,130,85,100,634,TOUGHCLAWS,,TOUGHCLAWS,Monster,Dragon,Parabolic,45,317
CHARIZARD_2,2,Charizard,,FIRE,FLYING,78,104,78,159,115,100,634,DROUGHT,,DROUGHT,Monster,Dragon,Parabolic,45,317
CHARJABUG,0,Charjabug,,BUG,ELECTRIC,57,82,95,55,75,36,400,BATTERY,,ELECTROMORPHOSIS,Bug,,Medium,120,140
CHARMANDER,0,Charmander,,FIRE,,39,52,43,60,50,65,309,BLAZE,,SOLARPOWER,Monster,Dragon,Parabolic,45,62
CHARMELEON,0,Charmeleon,,FIRE,,58,64,58,80,65,80,405,BLAZE,,SOLARPOWER,Monster,Dragon,Parabolic,45,142
CHATOT,0,Chatot,,SOUND,FLYING,76,40,60,96,57,111,440,KEENEYE,EQUALIZE,CACOPHONY,Flying,,Parabolic,30,144
CHERRIM,0,Cherrim,,GRASS,,70,60,70,87,78,85,450,FLOWERGIFT,,,Fairy,Grass,Medium,75,158
CHERRIM_1,1,Cherrim,,GRASS,,70,60,70,87,78,85,450,FLOWERGIFT,,,Fairy,Grass,Medium,75,158
CHERUBI,0,Cherubi,,GRASS,,45,35,45,62,53,35,275,CHLOROPHYLL,,,Fairy,Grass,Medium,190,55
CHESNAUGHT,0,Chesnaught,,GRASS,FIGHTING,88,107,122,74,75,64,530,OVERGROW,,BULLETPROOF,Field,,Parabolic,45,265
CHESPIN,0,Chespin,,GRASS,,56,61,65,48,45,38,313,OVERGROW,,BULLETPROOF,Field,,Parabolic,45,63
CHEWTLE,0,Chewtle,,WATER,,50,64,50,38,38,44,284,STRONGJAW,SHELLARMOR,SWIFTSWIM,Monster,Water1,Medium,255,57
CHIENPAO,0,Chien-Pao,,DARK,ICE,80,120,80,90,65,135,570,SWORDOFRUIN,,,Undiscovered,,Slow,6,285
CHIENTILLY,0,Chientilly,,FAIRY,ICE,78,115,71,52,91,33,440,SWEETVEIL,MISTYSURGE,CREAMSHIELD,Xenoverse,,Fast,45,167
CHIGAMI,0,Chigami,,FAIRY,,40,37,35,27,40,66,245,ROUGHSKIN,,SHARPNESS,Fairy,Dragon,Medium,255,70
CHIKABOO,0,Chikaboo,,GROUND,DARK,40,45,45,35,35,56,256,RUNAWAY,,SANDVEIL,Flying,Field,Slow,255,71
CHIKORITA,0,Chikorita,,GRASS,,45,49,65,49,65,45,318,OVERGROW,,TRIAGE,Monster,Grass,Parabolic,45,64
CHIMAOOZE,0,WIP,,NORMAL,SOUND,1,1,1,1,1,1,6,RUNAWAY,,,Undiscovered,,Slow,1,100
CHIMCHAR,0,Chimchar,,FIRE,,44,58,44,58,44,61,309,BLAZE,,IRONFIST,Field,Humanlike,Parabolic,45,62
CHIMECHO,0,Chimecho,,PSYCHIC,,75,50,80,95,90,65,455,LEVITATE,,,Amorphous,,Fast,45,159
CHIMECHO_1,1,Chimecho,,ICE,SOUND,80,40,65,95,70,105,455,SYNTHESIZER,,FROSTCHIME,Undiscovered,,Fast,70,97
CHINCHOU,0,Chinchou,,WATER,ELECTRIC,75,38,38,56,56,67,330,VOLTABSORB,ILLUMINATE,WATERABSORB,Water2,,Slow,190,66
CHINGLING,0,Chingling,,PSYCHIC,,45,30,50,65,50,45,285,LEVITATE,,,Undiscovered,,Fast,120,57
CHINGLING_1,1,Chingling,,ICE,SOUND,50,25,30,70,50,60,285,SYNTHESIZER,,SNOWWARNING,Amorphous,Fairy,Fast,120,57
CHIRIPE,0,Chiripe,,GRASS,FLYING,45,40,40,65,55,65,310,OVERGROW,,UNBURDEN,Grass,Flying,Parabolic,45,100
CHIYU,0,Chi-Yu,,DARK,FIRE,55,80,80,135,120,100,570,BEADSOFRUIN,,,Undiscovered,,Slow,6,285
CHUBIBURNY,0,Chubiburny,,FIRE,FAIRY,59,63,47,35,43,33,280,THICKFAT,GLUTTONY,MARSHMALLOW,Field,Monster,Medium,120,68
CINCCINO,0,Cinccino,,NORMAL,,75,95,60,65,60,115,470,CUTECHARM,TECHNICIAN,SKILLLINK,Field,,Fast,60,165
CINDERACE,0,Cinderace,,FIRE,,80,116,75,65,75,119,530,BLAZE,,LIBERO,Field,Humanlike,Parabolic,45,265
CLAMPERL,0,Clamperl,,WATER,,35,64,85,74,55,32,345,SHELLARMOR,,RATTLED,Water1,,Erratic,255,69
CLAUNCHER,0,Clauncher,,WATER,,50,53,62,58,63,44,330,MEGALAUNCHER,,QUICKDRAW,Water1,Water3,Slow,225,66
CLAWITZER,0,Clawitzer,,WATER,,71,73,88,120,89,59,500,MEGALAUNCHER,,QUICKDRAW,Water1,Water3,Slow,55,100
CLAYDOL,0,Claydol,,GROUND,PSYCHIC,60,70,105,70,120,75,500,ROOMWARPER,,,Mineral,,Medium,90,175
CLEFABLE,0,Clefable,,FAIRY,,95,70,73,95,90,60,483,CUTECHARM,MAGICGUARD,UNAWARE,Fairy,,Fast,25,242
CLEFAIRY,0,Clefairy,,FAIRY,,70,45,48,60,65,35,323,CUTECHARM,MAGICGUARD,FRIENDGUARD,Fairy,,Fast,150,113
CLEFFA,0,Cleffa,,FAIRY,,50,25,28,45,55,15,218,CUTECHARM,MAGICGUARD,FRIENDGUARD,Undiscovered,,Fast,150,44
CLOBBOPUS,0,Clobbopus,,FIGHTING,,50,68,60,50,50,32,310,LIMBER,,TECHNICIAN,Water1,Humanlike,Parabolic,180,62
CLODSIRE,0,Clodsire,,POISON,GROUND,130,80,70,40,115,20,455,POISONPOINT,WATERABSORB,UNAWARE,Water1,Field,Medium,90,151
CLOYSTER,0,Cloyster,,WATER,ICE,50,95,180,85,45,70,525,SHELLARMOR,SKILLLINK,OVERCOAT,Water3,,Slow,60,184
COALOSSAL,0,Coalossal,,ROCK,FIRE,110,80,120,80,90,30,510,STEAMENGINE,FLAMEBODY,FLASHFIRE,Mineral,,Parabolic,45,255
COBALION,0,Cobalion,,STEEL,FIGHTING,91,90,129,90,72,108,580,JUSTIFIED,,,Undiscovered,,Slow,3,290
COFAGRIGUS,0,Cofagrigus,,GHOST,,58,50,145,95,105,30,483,MUMMY,,OVERCOAT,Mineral,Amorphous,Medium,90,169
COFAGRIGUSX,0,Cofagrigus,,WATER,ROCK,135,53,95,70,100,30,483,STORMDRAIN,HEALER,WATERBUBBLE,Xenoverse,,Medium,60,269
COMBEE,0,Combee,,BUG,FLYING,30,30,42,30,42,70,244,HONEYGATHER,,HUSTLE,Bug,,Parabolic,120,49
COMBUSKEN,0,Combusken,,FIRE,FIGHTING,60,85,60,85,60,55,405,BLAZE,,SPEEDBOOST,Field,,Parabolic,45,142
COMFEY,0,Comfey,,FAIRY,,51,52,90,82,110,100,485,FLOWERVEIL,TRIAGE,NATURALCURE,Grass,,Fast,60,170
CONKELDURR,0,Conkeldurr,,FIGHTING,,105,140,95,55,65,45,505,GUTS,SHEERFORCE,IRONFIST,Humanlike,,Parabolic,45,253
COPPERAJAH,0,Copperajah,,STEEL,,122,130,69,80,69,30,500,SHEERFORCE,,HEAVYMETAL,Field,Mineral,Medium,90,175
CORPHISH,0,Corphish,,WATER,,43,80,65,35,50,35,308,STURDY,SHELLARMOR,ADAPTABILITY,Water1,Water3,Fluctuating,205,62
CORSOLA,0,Corsola,,WATER,ROCK,65,55,95,65,95,35,410,WEAKARMOR,NATURALCURE,REGENERATOR,Water1,Water3,Fast,80,144
CORSOLAR,0,Corsolar,,WATER,FIRE,75,45,130,95,145,20,510,SUNBLESSED,,REGENERATOR,Water1,Water3,Fast,30,144
CORSOLA_1,1,Corsola,,GHOST,,60,55,100,65,100,30,410,WEAKARMOR,,CURSEDBODY,Water1,Water3,Fast,80,144
CORVIKNIGHT,0,Corviknight,,FLYING,STEEL,98,87,105,53,85,67,495,DISHEARTEN,STAMINA,MIRRORARMOR,Flying,,Parabolic,45,248
CORVISQUIRE,0,Corvisquire,,FLYING,,68,67,55,43,55,77,365,KEENEYE,UNNERVE,BIGPECKS,Flying,,Parabolic,120,128
COSMOEM,0,Cosmoem,,PSYCHIC,,43,29,131,29,131,37,400,STURDY,,,Undiscovered,,Slow,45,140
COSMOG,0,Cosmog,,PSYCHIC,,43,29,31,29,31,37,200,UNAWARE,,,Undiscovered,,Slow,45,40
COTTONEE,0,Cottonee,,GRASS,FAIRY,40,27,60,37,50,66,280,PRANKSTER,INFILTRATOR,CHLOROPHYLL,Grass,Fairy,Medium,190,56
CRABOMINABLE,0,Crabominable,,FIGHTING,ICE,97,132,77,42,67,63,478,HYPERCUTTER,IRONFIST,ANGERPOINT,Water3,,Medium,60,167
CRABRAWLER,0,Crabrawler,,FIGHTING,,47,82,57,42,47,63,338,HYPERCUTTER,IRONFIST,ANGERPOINT,Water3,,Medium,225,68
CRADILY,0,Cradily,,ROCK,GRASS,86,81,97,81,107,43,495,SUCTIONCUPS,,STORMDRAIN,Water3,,Erratic,45,173
CRAMORANT,0,Cramorant,,FLYING,WATER,70,85,55,85,95,85,475,GULPMISSILE,,,Water1,Flying,Medium,45,166
CRAMORANT_1,1,Cramorant,,FLYING,WATER,70,85,55,85,95,85,475,GULPMISSILE,,,Water1,Flying,Medium,45,166
CRAMORANT_2,2,Cramorant,,FLYING,WATER,70,85,55,85,95,85,475,GULPMISSILE,,,Water1,Flying,Medium,45,166
CRANIDOS,0,Cranidos,,ROCK,,67,125,40,30,30,58,350,MOLDBREAKER,,SHEERFORCE,Monster,,Erratic,45,70
CRAWDAUNT,0,Crawdaunt,,WATER,DARK,73,120,85,55,90,55,478,STURDY,SHELLARMOR,ADAPTABILITY,Water1,Water3,Fluctuating,155,164
CRESSELIA,0,Cresselia,,PSYCHIC,,120,70,120,75,130,85,600,LEVITATE,,,Undiscovered,,Slow,3,300
CROAGUNK,0,Croagunk,,POISON,FIGHTING,48,61,40,61,40,50,300,POISONTOUCH,DRYSKIN,COMPETITIVE,Humanlike,,Medium,140,60
CROAKLING,0,Croakling,,FIRE,,45,55,50,55,50,55,310,BLAZE,,RECKLESS,Field,,Parabolic,45,100
CROAKRAZE,0,Croakraze,,FIRE,GROUND,85,105,70,90,70,115,535,BLAZE,,RECKLESS,Field,,Parabolic,45,100
CROBAT,0,Crobat,,POISON,FLYING,85,90,80,70,80,130,535,INNERFOCUS,,INFILTRATOR,Flying,,Medium,90,268
CROCALOR,0,Crocalor,,FIRE,,81,55,78,90,58,49,411,BLAZE,,UNAWARE,Field,,Parabolic,45,144
CROCONAW,0,Croconaw,,WATER,,65,80,80,59,63,58,405,TORRENT,,SHEERFORCE,Monster,Water1,Parabolic,45,142
CRUSTLE,0,Crustle,,BUG,ROCK,70,105,125,65,75,55,495,STURDY,SHELLARMOR,WEAKARMOR,Bug,Mineral,Medium,75,170
CRYOGONAL,0,Cryogonal,,ICE,,80,50,50,95,135,105,515,LEVITATE,,,Mineral,,Medium,25,180
CUBCHOO,0,Cubchoo,,ICE,,55,70,40,60,40,40,305,SNOWCLOAK,SLUSHRUSH,RATTLED,Field,,Medium,120,61
CUBONE,0,Cubone,,GROUND,GHOST,50,50,95,40,50,35,320,ROCKHEAD,LIGHTNINGROD,BATTLEARMOR,Monster,,Medium,190,64
CUBONE_1,1,Cubone,,GROUND,GHOST,50,50,95,40,50,35,320,ROCKHEAD,LIGHTNINGROD,BATTLEARMOR,Monster,,Medium,190,64
CUFANT,0,Cufant,,STEEL,,72,80,49,40,49,40,330,SHEERFORCE,,HEAVYMETAL,Field,Mineral,Medium,190,66
CURSOLA,0,Cursola,,GHOST,,60,95,50,145,130,30,510,WEAKARMOR,,PERISHBODY,Water1,Water3,Fast,30,179
CUTIEFLY,0,Cutiefly,,BUG,FAIRY,40,45,40,55,40,84,304,HONEYGATHER,SHIELDDUST,SWEETVEIL,Bug,Fairy,Medium,190,61
CYCLIZAR,0,Cyclizar,,DRAGON,NORMAL,70,95,65,85,65,121,501,SHEDSKIN,,REGENERATOR,Field,,Parabolic,190,175
CYNDAQUIL,0,Cyndaquil,,FIRE,NORMAL,39,52,50,60,43,65,309,BLAZE,,FLASHFIRE,Field,,Parabolic,45,62
DACHSBUN,0,Dachsbun,,FAIRY,,57,85,115,50,80,95,482,WELLBAKEDBODY,AROMAVEIL,KLUTZ,Field,Mineral,Parabolic,90,167
DARKRAI,0,Darkrai,,DARK,,70,90,90,135,90,125,600,BADDREAMS,,,Undiscovered,,Slow,3,300
DARMANITAN,0,Darmanitan,,FIRE,,105,140,55,30,55,95,480,SHEERFORCE,,ZENMODE,Field,,Parabolic,60,168
DARMANITAN_1,1,Darmanitan,,FIRE,PSYCHIC,105,30,105,140,105,55,540,SHEERFORCE,,ZENMODE,Field,,Parabolic,60,189
DARMANITAN_2,2,Darmanitan,,ICE,,105,140,55,30,55,95,480,GORILLATACTICS,,ZENMODE,Field,,Parabolic,60,168
DARMANITAN_3,3,Darmanitan,,ICE,FIRE,105,160,55,30,55,135,540,GORILLATACTICS,,ZENMODE,Field,,Parabolic,60,189
DARTRIX,0,Dartrix,,GRASS,FLYING,78,75,75,70,70,52,420,OVERGROW,,LONGREACH,Flying,,Parabolic,45,147
DARUMAKA,0,Darumaka,,FIRE,,70,90,45,15,45,50,315,HUSTLE,,INNERFOCUS,Field,,Parabolic,120,63
DARUMAKA_2,2,Darumaka,,ICE,,70,90,45,15,45,50,315,HUSTLE,,INNERFOCUS,Field,,Parabolic,120,63
DECIDUEYE,0,Decidueye,,GRASS,GHOST,78,107,75,100,100,70,530,OVERGROW,,LONGREACH,Flying,,Parabolic,45,265
DECIDUEYE_1,1,Decidueye,,GRASS,FIGHTING,88,112,80,95,95,60,530,OVERGROW,,SCRAPPY,Flying,,Parabolic,45,265
DEDENNE,0,Dedenne,,ELECTRIC,FAIRY,67,58,57,81,67,101,431,CHEEKPOUCH,PICKUP,PLUS,Field,Fairy,Medium,180,151
DEERLING,0,Deerling,,NORMAL,GRASS,60,60,50,40,50,75,335,CHLOROPHYLL,SAPSIPPER,SERENEGRACE,Field,,Medium,190,67
DEERLING_1,1,Deerling,,NORMAL,GRASS,60,60,50,40,50,75,335,CHLOROPHYLL,SAPSIPPER,SERENEGRACE,Field,,Medium,190,67
DEERLING_2,2,Deerling,,NORMAL,GRASS,60,60,50,40,50,75,335,CHLOROPHYLL,SAPSIPPER,SERENEGRACE,Field,,Medium,190,67
DEERLING_3,3,Deerling,,NORMAL,GRASS,60,60,50,40,50,75,335,CHLOROPHYLL,SAPSIPPER,SERENEGRACE,Field,,Medium,190,67
DEINO,0,Deino,,DARK,DRAGON,52,65,50,45,50,38,300,HUSTLE,,,Dragon,,Slow,45,60
DELCATTY,0,Delcatty,,NORMAL,,70,65,65,55,55,90,400,CUTECHARM,NORMALIZE,WONDERSKIN,Field,Fairy,Fast,60,140
DELIBIRD,0,Delibird,,ICE,FLYING,65,85,55,35,65,70,375,VITALSPIRIT,HUSTLE,SKILLLINK,Water1,Field,Fast,85,116
DELPHOX,0,Delphox,,FIRE,PSYCHIC,75,69,72,114,100,104,534,BLAZE,,MAGICIAN,Field,,Parabolic,45,267
DEOXYS,0,Deoxys,,PSYCHIC,,50,150,50,150,50,150,600,PRESSURE,,,Undiscovered,,Slow,3,300
DEOXYS_1,1,Deoxys,,PSYCHIC,,50,180,20,180,20,150,600,PRESSURE,,,Undiscovered,,Slow,3,300
DEOXYS_2,2,Deoxys,,PSYCHIC,,50,70,160,70,160,90,600,PRESSURE,,,Undiscovered,,Slow,3,300
DEOXYS_3,3,Deoxys,,PSYCHIC,,50,95,90,95,90,180,600,PRESSURE,,,Undiscovered,,Slow,3,300
DEWGONG,0,Dewgong,,WATER,ICE,90,70,80,70,95,70,475,THICKFAT,HYDRATION,ICEBODY,Water1,Field,Medium,75,166
DEWOTT,0,Dewott,,WATER,,75,75,60,83,60,60,413,TORRENT,,SHELLARMOR,Field,,Parabolic,45,145
DEWPIDER,0,Dewpider,,WATER,BUG,38,40,52,40,72,27,269,WATERBUBBLE,,WATERABSORB,Water1,Bug,Medium,200,54
DHELMISE,0,Dhelmise,,GHOST,GRASS,70,131,100,86,90,40,517,STEELWORKER,,,Mineral,,Medium,25,181
DIALGA,0,Dialga,,STEEL,DRAGON,100,120,120,150,100,90,680,PRESSURE,,TELEPATHY,Undiscovered,,Slow,3,340
DIALGA_1,1,Dialga,,STEEL,DRAGON,100,100,120,150,120,90,680,PRESSURE,,TELEPATHY,Undiscovered,,Slow,3,340
DIANCIE,0,Diancie,,ROCK,FAIRY,50,100,150,100,150,50,600,CLEARBODY,,,Undiscovered,,Slow,3,300
DIANCIE_1,1,Diancie,,ROCK,FAIRY,50,160,110,160,110,110,700,MAGICBOUNCE,,MAGICBOUNCE,Undiscovered,,Slow,3,350
DIELEBI,0,WIP,,NORMAL,SOUND,1,1,1,1,1,1,6,RUNAWAY,,,Undiscovered,,Slow,1,100
DIGGERSBY,0,Diggersby,,NORMAL,GROUND,85,56,77,50,77,78,423,PICKUP,CHEEKPOUCH,HUGEPOWER,Field,,Medium,127,148
DIGLETT,0,Diglett,,GROUND,,10,55,25,35,45,95,265,SANDVEIL,ARENATRAP,SANDFORCE,Field,,Medium,255,53
DIGLETT_1,1,Diglett,,GROUND,STEEL,10,55,30,35,45,90,265,SANDVEIL,TANGLINGHAIR,SANDFORCE,Field,,Medium,255,53
DIPPLIN,0,Dipplin,,GRASS,DRAGON,80,80,110,95,90,40,495,SUPERSWEETSYRUP,GLUTTONY,STICKYHOLD,Grass,Dragon,Erratic,45,170
DITTO,0,Ditto,,NORMAL,,48,48,48,48,48,48,288,LIMBER,,IMPOSTER,Ditto,,Medium,35,101
DITTOX,0,WIP,,NORMAL,SOUND,1,1,1,1,1,1,6,RUNAWAY,,,Undiscovered,,Slow,1,100
DODRIO,0,Dodrio,,NORMAL,FLYING,65,110,70,60,60,110,475,STRIKER,EARLYBIRD,SKILLLINK,Flying,,Medium,45,165
DODUO,0,Doduo,,NORMAL,FLYING,35,85,45,35,35,75,310,RUNAWAY,EARLYBIRD,TANGLEDFEET,Flying,,Medium,190,62
DOLLIV,0,Dolliv,,GRASS,NORMAL,52,53,60,78,78,33,354,EARLYBIRD,,HARVEST,Grass,,Parabolic,120,124
DONANAS,0,Donanas,,GRASS,STEEL,65,65,105,40,85,120,480,SHELLARMOR,IRONBARBS,WATERABSORB,Grass,Flying,Medium,200,177
DONDOZO,0,Dondozo,,WATER,,150,100,115,65,65,35,530,UNAWARE,OBLIVIOUS,WATERVEIL,Water2,,Slow,25,265
DONPHAN,0,Donphan,,GROUND,,90,120,120,60,60,50,500,PICKUP,SANDVEIL,SPEEDBOOST,Field,,Medium,60,175
DOTTLER,0,Dottler,,BUG,PSYCHIC,50,35,80,50,90,30,335,SWARM,COMPOUNDEYES,TELEPATHY,Bug,,Medium,120,117
DOUBLADE,0,Doublade,,STEEL,GHOST,59,110,150,45,49,35,448,NOGUARD,,,Mineral,,Medium,90,157
DRACOVISH,0,Dracovish,,WATER,DRAGON,90,90,100,70,80,75,505,WATERABSORB,STRONGJAW,SANDRUSH,Undiscovered,,Slow,45,177
DRACOZOLT,0,Dracozolt,,ELECTRIC,DRAGON,90,100,90,80,70,75,505,VOLTABSORB,HUSTLE,SANDRUSH,Undiscovered,,Slow,45,177
DRAGALGE,0,Dragalge,,POISON,DRAGON,65,75,90,97,123,44,494,CORROSION,,ADAPTABILITY,Water1,Dragon,Medium,55,173
DRAGALISK,0,Dragalisk,,ICE,GROUND,1,1,1,1,1,1,6,RUNAWAY,,,Undiscovered,,Slow,1,100
DRAGALISKX,0,WIP,,NORMAL,SOUND,1,1,1,1,1,1,6,RUNAWAY,,,Undiscovered,,Slow,1,100
DRAGAPULT,0,Dragapult,,DRAGON,GHOST,88,120,75,100,75,142,600,CLEARBODY,INFILTRATOR,CURSEDBODY,Amorphous,Dragon,Slow,45,300
DRAGAPULT_1,1,Dragapult,,DRAGON,ROCK,88,132,115,90,105,70,600,ANALYTIC,MEGALAUNCHER,ROCKHEAD,Amorphous,Dragon,Slow,45,300
DRAGONAIR,0,Dragonair,,DRAGON,,61,84,65,70,70,70,420,SHEDSKIN,,MARVELSCALE,Water1,Dragon,Slow,45,147
DRAGONITE,0,Dragonite,,DRAGON,FLYING,91,134,95,100,100,80,600,INNERFOCUS,,MULTISCALE,Water1,Dragon,Slow,45,300
DRAKLOAK,0,Drakloak,,DRAGON,GHOST,68,80,50,60,50,102,410,CLEARBODY,INFILTRATOR,CURSEDBODY,Amorphous,Dragon,Slow,45,144
DRAKLOAK_1,1,Drakloak,,DRAGON,ROCK,68,87,80,60,75,40,410,ANALYTIC,STURDY,ROCKHEAD,Amorphous,Dragon,Slow,45,144
DRAMPA,0,Drampa,,NORMAL,DRAGON,78,60,85,135,91,36,485,BERSERK,SOUNDPROOF,CLOUDNINE,Monster,Dragon,Medium,70,170
DRAPION,0,Drapion,,POISON,DARK,70,90,110,60,75,95,500,BATTLEARMOR,SNIPER,KEENEYE,Bug,Water3,Slow,45,175
DRATINI,0,Dratini,,DRAGON,,41,64,45,50,50,50,300,SHEDSKIN,,MARVELSCALE,Water1,Dragon,Slow,45,60
DREDNAW,0,Drednaw,,WATER,ROCK,90,115,90,48,68,74,485,STRONGJAW,SHELLARMOR,SWIFTSWIM,Monster,Water1,Medium,75,170
DREEPY,0,Dreepy,,DRAGON,GHOST,28,60,30,40,30,82,270,CLEARBODY,INFILTRATOR,CURSEDBODY,Amorphous,Dragon,Slow,45,54
DREEPY_1,1,Dreepy,,DRAGON,ROCK,38,67,65,40,40,20,270,SHELLARMOR,STURDY,ROCKHEAD,Amorphous,Dragon,Slow,45,54
DRIFBLIM,0,Drifblim,,GHOST,FLYING,150,80,44,90,54,80,498,AFTERMATH,UNBURDEN,FLAREBOOST,Amorphous,,Fluctuating,60,174
DRIFLOON,0,Drifloon,,GHOST,FLYING,90,50,34,60,44,70,348,AFTERMATH,UNBURDEN,FLAREBOOST,Amorphous,,Fluctuating,125,70
DRILBUR,0,Drilbur,,GROUND,,60,85,40,30,45,68,328,SANDRUSH,SANDFORCE,MOLDBREAKER,Field,,Medium,120,66
DRIZZILE,0,Drizzile,,WATER,,65,60,55,95,55,90,420,TORRENT,,SNIPER,Water1,Field,Parabolic,45,147
DROWZEE,0,Drowzee,,PSYCHIC,SOUND,60,58,65,43,90,42,358,INSOMNIA,INNERFOCUS,NOGUARD,Humanlike,,Medium,190,66
DRUDDIGON,0,Druddigon,,DRAGON,,100,120,90,60,90,40,500,ROUGHSKIN,SHEERFORCE,ROCKHEAD,Monster,Dragon,Medium,45,170
DUBWOOL,0,Dubwool,,NORMAL,,72,80,100,60,90,88,490,FLUFFY,STEADFAST,BULLETPROOF,Field,,Medium,127,172
DUCKLETT,0,Ducklett,,WATER,FLYING,62,44,50,44,50,55,305,KEENEYE,BIGPECKS,HYDRATION,Water1,Flying,Medium,190,61
DUDUNSPARCE,0,Dudunsparce,,NORMAL,GROUND,125,100,80,85,75,55,520,SERENEGRACE,MOLDBREAKER,SCALATE,Field,,Parabolic,45,182
DUDUNSPARCE_1,1,Dudunsparce,,NORMAL,GROUND,125,100,80,85,75,55,520,SERENEGRACE,MOLDBREAKER,SCALATE,Field,,Parabolic,45,182
DUGTRIO,0,Dugtrio,,GROUND,,35,100,50,50,70,120,425,SANDVEIL,ARENATRAP,SANDFORCE,Field,,Medium,50,149
DUGTRIO_1,1,Dugtrio,,GROUND,STEEL,35,100,60,50,70,110,425,SANDVEIL,TANGLINGHAIR,SANDFORCE,Field,,Medium,50,149
DUNSPARCE,0,Dunsparce,,NORMAL,GROUND,100,70,70,65,65,45,415,SERENEGRACE,RUNAWAY,RATTLED,Field,,Medium,190,145
DUOSION,0,Duosion,,PSYCHIC,,65,40,50,125,60,30,370,OVERCOAT,MAGICGUARD,REGENERATOR,Amorphous,,Parabolic,100,130
DURALUDON,0,Duraludon,,STEEL,DRAGON,70,95,115,120,50,85,535,LIGHTMETAL,HEAVYMETAL,STALWART,Mineral,Dragon,Medium,45,187
DURANT,0,Durant,,BUG,STEEL,58,109,112,48,48,109,484,SWARM,HUSTLE,TRUANT,Bug,,Medium,90,169
DUSCLOPS,0,Dusclops,,GHOST,,40,70,130,60,130,25,455,PRESSURE,,FRISK,Amorphous,,Fast,90,159
DUSKNOIR,0,Dusknoir,,GHOST,,45,100,135,65,135,45,525,PRESSURE,,FRISK,Amorphous,,Fast,45,263
DUSKULL,0,Duskull,,GHOST,,20,40,90,30,90,25,295,LEVITATE,,FRISK,Amorphous,,Fast,190,59
DUSMEE,0,Dusmee,,DRAGON,,40,40,50,60,55,55,300,SHEDSKIN,WONDERSKIN,MARVELSCALE,Dragon,Humanlike,Slow,200,56
DUSTOX,0,Dustox,,BUG,POISON,60,50,70,50,90,65,385,SHIELDDUST,,COMPOUNDEYES,Bug,,Medium,45,193
DWEBBLE,0,Dwebble,,BUG,ROCK,50,65,85,35,35,55,325,STURDY,SHELLARMOR,WEAKARMOR,Bug,Mineral,Medium,190,65
EELEKTRIK,0,Eelektrik,,ELECTRIC,,65,85,70,75,70,40,405,LEVITATE,,,Amorphous,,Slow,60,142
EELEKTROSS,0,Eelektross,,ELECTRIC,,85,115,80,105,80,50,515,LEVITATE,,,Amorphous,,Slow,30,258
EEVEE,0,Eevee,,NORMAL,,55,55,50,45,65,55,325,RUNAWAY,ADAPTABILITY,FRIENDGUARD,Field,,Medium,45,65
EGOHISS,0,Egohiss,,DRAGON,,70,50,80,80,80,60,420,SHEDSKIN,WONDERSKIN,MARVELSCALE,Dragon,Humanlike,Slow,120,146
EGORGEON,0,Egorgeon,,DRAGON,ELECTRIC,80,110,80,135,80,115,600,DAZZLING,WONDERSKIN,MULTISCALE,Dragon,Humanlike,Slow,45,300
EISCUE,0,Eiscue,,ICE,,75,80,110,65,90,50,470,ICEFACE,,,Water1,Field,Slow,60,165
EISCUE_1,1,Eiscue,,ICE,,75,80,70,65,50,130,470,ICEFACE,,,Water1,Field,Slow,60,165
EKANS,0,Ekans,,POISON,SOUND,35,60,44,40,54,55,288,INTIMIDATE,SHEDSKIN,UNNERVE,Field,Dragon,Medium,255,58
ELDEGOSS,0,Eldegoss,,GRASS,,75,55,95,90,120,60,495,COTTONDOWN,REGENERATOR,HOSPITALITY,Grass,,Medium,75,161
ELECTABURST,0,Electaburst,,FIRE,ELECTRIC,75,100,67,123,85,100,550,LEVITATE,,LIGHTNINGROD,Xenoverse,,Parabolic,45,102
ELECTABUZZ,0,Electabuzz,,ELECTRIC,,90,105,57,53,85,105,495,STATIC,,VITALSPIRIT,Humanlike,,Medium,45,172
ELECTABUZZX,0,Electabuzz,,FIRE,,65,83,57,95,85,105,490,AFTERMATH,,FLASHFIRE,Xenoverse,,Parabolic,45,102
ELECTIVIRE,0,Electivire,,ELECTRIC,,100,125,67,63,85,100,540,MOTORDRIVE,,VITALSPIRIT,Humanlike,,Medium,30,270
ELECTRIKE,0,Electrike,,ELECTRIC,,40,45,40,65,40,65,295,STATIC,LIGHTNINGROD,MINUS,Field,,Slow,120,59
ELECTRODE,0,Electrode,,ELECTRIC,,60,50,70,80,80,150,490,SOUNDPROOF,STATIC,AFTERMATH,Mineral,,Medium,60,172
ELECTRODE_1,1,Electrode,,ELECTRIC,GRASS,60,50,70,80,80,150,490,STATIC,SOLARPOWER,AFTERMATH,Mineral,,Medium,60,172
ELEKID,0,Elekid,,ELECTRIC,,60,83,37,35,55,95,365,STATIC,,VITALSPIRIT,Undiscovered,,Medium,45,72
ELEKIDX,0,Elekid,,FIRE,,45,63,37,65,55,95,360,AFTERMATH,,FLASHFIRE,Undiscovered,,Medium,200,72
ELGYEM,0,Elgyem,,PSYCHIC,,55,55,55,85,55,30,335,TELEPATHY,SYNCHRONIZE,ANALYTIC,Humanlike,,Medium,255,67
EMBOAR,0,Emboar,,FIRE,FIGHTING,110,123,65,100,65,65,528,BLAZE,,RECKLESS,Field,,Parabolic,45,264
EMOLGA,0,Emolga,,ELECTRIC,FLYING,55,75,60,75,60,103,428,STATIC,,MOTORDRIVE,Field,,Medium,200,150
EMPOLEON,0,Empoleon,,WATER,STEEL,84,86,88,111,101,60,530,TORRENT,,DEFIANT,Water1,Field,Parabolic,45,265
ENAMORUS,0,Enamorus,,FAIRY,FLYING,74,115,70,135,80,106,580,CUTECHARM,,CONTRARY,Undiscovered,,Slow,3,116
ENAMORUS_1,1,Enamorus,,FAIRY,FLYING,74,115,110,135,100,46,580,OVERCOAT,,CONTRARY,Undiscovered,,Slow,3,116
ENTEI,0,Entei,,FIRE,,115,115,85,90,75,100,580,PRESSURE,,INNERFOCUS,Undiscovered,,Slow,3,290
ESCAVALIER,0,Escavalier,,BUG,STEEL,70,135,105,60,105,20,495,SWARM,SHELLARMOR,OVERCOAT,Bug,,Medium,75,173
ESPATHRA,0,Espathra,,PSYCHIC,,95,60,60,101,60,105,481,OPPORTUNIST,FRISK,SPEEDBOOST,Flying,,Parabolic,60,168
ESPEON,0,Espeon,,PSYCHIC,,65,65,60,130,95,110,525,SYNCHRONIZE,,MAGICBOUNCE,Field,,Medium,45,184
ESPURR,0,Espurr,,PSYCHIC,,62,48,54,63,60,68,355,KEENEYE,INFILTRATOR,OWNTEMPO,Field,,Medium,190,71
ETERNATUS,0,Eternatus,,POISON,DRAGON,140,85,95,145,95,130,690,PRESSURE,,,Undiscovered,,Slow,255,345
EXCADRILL,0,Excadrill,,GROUND,STEEL,110,135,60,50,65,88,508,SANDRUSH,SANDFORCE,MOLDBREAKER,Field,,Medium,60,178
EXCALIBOULD,0,Excalibould,,ROCK,FAIRY,50,50,82,36,70,38,326,STURDY,POWERSPOT,JUSTIFIED,Mineral,Fairy,Erratic,45,78
EXEGGCUTE,0,Exeggcute,,GRASS,PSYCHIC,60,40,80,60,45,40,325,CHLOROPHYLL,,HARVEST,Grass,,Slow,90,65
EXEGGUTOR,0,Exeggutor,,GRASS,PSYCHIC,95,60,105,125,90,55,530,CHLOROPHYLL,,HARVEST,Grass,,Slow,45,186
EXEGGUTOR_1,1,Exeggutor,,GRASS,DRAGON,105,125,90,105,75,30,530,FRISK,,HARVEST,Grass,,Slow,45,186
EXPLOUD,0,Exploud,,SOUND,,104,96,78,96,78,38,490,SOUNDPROOF,AMPLIFY,CACOPHONY,Monster,Field,Parabolic,45,245
FALINKS,0,Falinks,,FIGHTING,,65,100,100,70,60,75,470,BATTLEARMOR,,DEFIANT,Fairy,Mineral,Medium,45,165
FARFETCHD,0,Farfetch'd,,NORMAL,FLYING,52,90,55,58,62,60,377,KEENEYE,INNERFOCUS,DEFIANT,Flying,Field,Medium,45,132
FARFETCHD_1,1,Farfetch'd,,FIGHTING,,52,95,55,58,62,55,377,STEADFAST,,SCRAPPY,Flying,Field,Medium,45,132
FARIGIRAF,0,Farigiraf,,NORMAL,PSYCHIC,120,90,70,110,70,60,520,CUDCHEW,ARMORTAIL,SAPSIPPER,Field,,Medium,45,260
FATAIL,0,Fatail,,FAIRY,POISON,65,100,76,60,77,109,487,CUTECHARM,TOUGHCLAWS,EROTOXIN,Fairy,Field,Medium,70,166
FEAROW,0,Fearow,,NORMAL,FLYING,65,90,65,61,61,100,442,KEENEYE,,SNIPER,Flying,,Medium,90,155
FEEBAS,0,Feebas,,WATER,,20,15,20,10,55,80,200,SWIFTSWIM,OBLIVIOUS,ADAPTABILITY,Water1,Dragon,Erratic,255,40
FENNEKIN,0,Fennekin,,FIRE,,40,45,40,62,60,60,307,BLAZE,,MAGICIAN,Field,,Parabolic,45,61
FERALIGATR,0,Feraligatr,,WATER,,85,109,100,75,83,83,535,TORRENT,,SHEERFORCE,Monster,Water1,Parabolic,45,265
FERROGONAL,0,Ferrogonal,,STEEL,WATER,80,50,50,110,135,105,530,LEVITATE,LIQUIDOOZE,SHARPNESS,Mineral,,Medium,25,156
FERROSEED,0,Ferroseed,,GRASS,STEEL,44,50,91,24,86,10,305,IRONBARBS,,,Grass,Mineral,Medium,255,61
FERROTHORN,0,Ferrothorn,,GRASS,STEEL,74,94,131,54,116,20,489,IRONBARBS,,ANTICIPATION,Grass,Mineral,Medium,90,171
FEZANDIPITI,0,Fezandipiti,,POISON,FAIRY,88,91,82,70,125,99,555,TOXICCHAIN,,TECHNICIAN,Undiscovered,,Slow,3,278
FIDOUGH,0,Fidough,,FAIRY,,37,55,70,30,55,65,312,OWNTEMPO,AROMAVEIL,KLUTZ,Field,Mineral,Parabolic,190,62
FINIZEN,0,Finizen,,WATER,,70,45,40,45,40,75,315,WATERVEIL,,,Field,Water2,Slow,200,63
FINNEON,0,Finneon,,WATER,,49,49,56,49,61,66,330,SWIFTSWIM,STORMDRAIN,WATERVEIL,Water2,,Erratic,190,66
FLAAFFY,0,Flaaffy,,ELECTRIC,,70,55,55,80,60,45,365,STATIC,,PLUS,Monster,Field,Parabolic,120,128
FLABEBE,0,Flabébé,,FAIRY,,44,38,39,61,79,42,303,FLOWERVEIL,,SYMBIOSIS,Fairy,,Medium,225,61
FLABEBE_1,1,Flabébé,,FAIRY,,44,38,39,61,79,42,303,FLOWERVEIL,,SYMBIOSIS,Fairy,,Medium,225,61
FLABEBE_2,2,Flabébé,,FAIRY,,44,38,39,61,79,42,303,FLOWERVEIL,,SYMBIOSIS,Fairy,,Medium,225,61
FLABEBE_3,3,Flabébé,,FAIRY,,44,38,39,61,79,42,303,FLOWERVEIL,,SYMBIOSIS,Fairy,,Medium,225,61
FLABEBE_4,4,Flabébé,,FAIRY,,44,38,39,61,79,42,303,FLOWERVEIL,,SYMBIOSIS,Fairy,,Medium,225,61
FLAMIGO,0,Flamigo,,FLYING,FIGHTING,82,115,74,75,64,90,500,SCRAPPY,TANGLEDFEET,COSTAR,Flying,,Parabolic,100,175
FLAPPLE,0,Flapple,,GRASS,DRAGON,70,110,80,95,60,70,485,RIPEN,GLUTTONY,HUSTLE,Grass,Dragon,Erratic,45,170
FLAREON,0,Flareon,,FIRE,,95,130,60,65,60,110,520,FLASHFIRE,,GUTS,Field,,Medium,45,184
FLETCHINDER,0,Fletchinder,,FIRE,FLYING,62,73,55,56,52,84,382,FLAMEBODY,,GALEWINGS,Flying,,Parabolic,120,134
FLETCHLING,0,Fletchling,,NORMAL,FLYING,45,50,43,40,38,62,278,BIGPECKS,,GALEWINGS,Flying,,Parabolic,255,56
FLITTLE,0,Flittle,,PSYCHIC,,30,35,30,55,30,75,255,ANTICIPATION,FRISK,SPEEDBOOST,Flying,,Parabolic,120,51
FLOATUSK,0,Floatusk,,WATER,FIGHTING,82,87,80,50,62,44,405,TORRENT,,PRESSURIZE,Water1,Monster,Parabolic,45,100
FLOATZEL,0,Floatzel,,WATER,,85,105,55,85,50,115,495,SWIFTSWIM,,WATERVEIL,Water1,Field,Medium,75,173
FLOETTE,0,Floette,,FAIRY,,54,45,47,75,98,52,371,FLOWERVEIL,,SYMBIOSIS,Fairy,,Medium,120,130
FLOETTE_1,1,Floette,,FAIRY,,54,45,47,75,98,52,371,FLOWERVEIL,,SYMBIOSIS,Fairy,,Medium,120,130
FLOETTE_2,2,Floette,,FAIRY,,54,45,47,75,98,52,371,FLOWERVEIL,,SYMBIOSIS,Fairy,,Medium,120,130
FLOETTE_3,3,Floette,,FAIRY,,54,45,47,75,98,52,371,FLOWERVEIL,,SYMBIOSIS,Fairy,,Medium,120,130
FLOETTE_4,4,Floette,,FAIRY,,54,45,47,75,98,52,371,FLOWERVEIL,,SYMBIOSIS,Fairy,,Medium,120,130
FLOETTE_5,5,Floette,,FAIRY,,74,65,67,125,128,92,551,FLOWERVEIL,,SYMBIOSIS,Undiscovered,,Medium,120,243
FLORAGATO,0,Floragato,,GRASS,,61,80,63,60,63,83,410,OVERGROW,,PROTEAN,Field,Grass,Parabolic,45,144
FLORGES,0,Florges,,FAIRY,,78,65,68,112,154,75,552,FLOWERVEIL,,SYMBIOSIS,Fairy,,Medium,45,276
FLORGES_1,1,Florges,,FAIRY,,78,65,68,112,154,75,552,FLOWERVEIL,,SYMBIOSIS,Fairy,,Medium,45,276
FLORGES_2,2,Florges,,FAIRY,,78,65,68,112,154,75,552,FLOWERVEIL,,SYMBIOSIS,Fairy,,Medium,45,276
FLORGES_3,3,Florges,,FAIRY,,78,65,68,112,154,75,552,FLOWERVEIL,,SYMBIOSIS,Fairy,,Medium,45,276
FLORGES_4,4,Florges,,FAIRY,,78,65,68,112,154,75,552,FLOWERVEIL,,SYMBIOSIS,Fairy,,Medium,45,276
FLUTTERMANE,0,Flutter Mane,,GHOST,FAIRY,55,55,55,135,135,135,570,PROTOSYNTHESIS,,,Undiscovered,,Slow,30,285
FLYGON,0,Flygon,,GROUND,DRAGON,80,100,80,100,80,100,540,LEVITATE,,,Bug,Dragon,Parabolic,45,260
FOMALUNG,0,Fomalung,,DRAGON,,40,35,50,55,35,35,250,STURDY,SHIELDDUST,NOGUARD,Dragon,,Medium,190,62
FOMANTIS,0,Fomantis,,GRASS,,40,55,35,50,35,35,250,LEAFGUARD,,CONTRARY,Grass,,Medium,190,50
FOONGUS,0,Foongus,,GRASS,POISON,69,55,45,55,55,15,294,EFFECTSPORE,,REGENERATOR,Grass,,Medium,190,59
FORRETRESS,0,Forretress,,BUG,STEEL,85,100,140,60,60,40,485,STURDY,SKILLLINK,HEATPROOF,Bug,,Medium,75,163
FRAXURE,0,Fraxure,,DRAGON,,66,117,70,40,50,67,410,RIVALRY,MOLDBREAKER,SHARPNESS,Monster,Dragon,Parabolic,60,144
FRIGIBAX,0,Frigibax,,DRAGON,ICE,65,75,45,35,45,55,320,THERMALEXCHANGE,,ICEBODY,Dragon,Mineral,Slow,45,64
FRILLISH,0,Frillish,,WATER,GHOST,55,40,50,65,85,40,335,WATERABSORB,CURSEDBODY,DAMP,Amorphous,,Medium,190,67
FROAKIE,0,Froakie,,WATER,,41,56,40,62,44,71,314,TORRENT,,PROTEAN,Water1,,Parabolic,45,63
FROGADIER,0,Frogadier,,WATER,,54,63,52,83,56,97,405,TORRENT,,PROTEAN,Water1,,Parabolic,45,142
FROSLASS,0,Froslass,,ICE,GHOST,70,80,70,80,70,110,480,SNOWCLOAK,,CURSEDBODY,Fairy,Mineral,Medium,75,168
FROSLASS_1,1,Froslass,,GHOST,POISON,80,50,70,110,70,100,480,LEVITATE,,FLAREBOOST,Fairy,Mineral,Medium,75,168
FROSLASS_2,2,Froslass,,GHOST,FIRE,80,50,70,110,70,100,480,LEVITATE,,FLAREBOOST,Fairy,Mineral,Medium,75,168
FROSMOTH,0,Frosmoth,,ICE,BUG,70,65,60,125,90,65,475,SHIELDDUST,,ICESCALES,Bug,,Medium,75,168
FUECOCO,0,Fuecoco,,FIRE,,67,45,59,63,40,36,310,BLAZE,,UNAWARE,Field,,Parabolic,45,62
FURFROU,0,Furfrou,,NORMAL,,75,80,60,65,90,102,472,FURCOAT,,,Field,,Medium,160,165
FURFROU_1,1,Furfrou,,NORMAL,,75,80,60,65,90,102,472,FURCOAT,,,Field,,Medium,160,165
FURFROU_2,2,Furfrou,,NORMAL,,75,80,60,65,90,102,472,FURCOAT,,,Field,,Medium,160,165
FURFROU_3,3,Furfrou,,NORMAL,,75,80,60,65,90,102,472,FURCOAT,,,Field,,Medium,160,165
FURFROU_4,4,Furfrou,,NORMAL,,75,80,60,65,90,102,472,FURCOAT,,,Field,,Medium,160,165
FURFROU_5,5,Furfrou,,NORMAL,,75,80,60,65,90,102,472,FURCOAT,,,Field,,Medium,160,165
FURFROU_6,6,Furfrou,,NORMAL,,75,80,60,65,90,102,472,FURCOAT,,,Field,,Medium,160,165
FURFROU_7,7,Furfrou,,NORMAL,,75,80,60,65,90,102,472,FURCOAT,,,Field,,Medium,160,165
FURFROU_8,8,Furfrou,,NORMAL,,75,80,60,65,90,102,472,FURCOAT,,,Field,,Medium,160,165
FURFROU_9,9,Furfrou,,NORMAL,,75,80,60,65,90,102,472,FURCOAT,,,Field,,Medium,160,165
FURRET,0,Furret,,NORMAL,,85,85,65,45,65,95,440,FURCOAT,KEENEYE,FRISK,Field,,Medium,90,145
GABITE,0,Gabite,,DRAGON,GROUND,68,90,65,50,55,82,410,SANDVEIL,,ROUGHSKIN,Monster,Dragon,Slow,45,144
GACHIGACHOO,0,Gachigachoo,,ELECTRIC,ICE,55,80,70,80,80,100,465,STATIC,FLUFFY,ADAPTABILITY,Field,Fairy,Fast,75,100
GALAFTY,0,Galafty,,POISON,PSYCHIC,80,65,85,93,120,45,488,LEVITATE,,CAUSTICFUMES,Xenoverse,,Medium,90,171
GALLADE,0,Gallade,,PSYCHIC,FIGHTING,68,125,65,65,115,80,518,STEADFAST,,JUSTIFIED,Humanlike,Amorphous,Slow,45,259
GALLADE_1,1,Gallade,,DARK,FLYING,68,130,65,60,90,105,518,INTIMIDATE,HYPERCUTTER,AERILATE,Humanlike,Amorphous,Slow,45,259
GALLADE_2,2,Gallade,,PSYCHIC,FIGHTING,68,165,95,65,115,110,618,INNERFOCUS,,INNERFOCUS,Humanlike,Amorphous,Slow,45,309
GALVANTULA,0,Galvantula,,BUG,ELECTRIC,70,77,60,97,60,108,472,COMPOUNDEYES,UNNERVE,SWARM,Bug,,Medium,75,165
GALVANTULAX,0,Galvantula,,BUG,ICE,70,64,50,110,50,128,472,COMPOUNDEYES,SHIELDDUST,SNOWWARNING,Xenoverse,,Medium,45,64
GARBODOR,0,Garbodor,,POISON,,80,95,82,60,82,75,474,STENCH,WEAKARMOR,AFTERMATH,Mineral,,Medium,60,166
GARCHOMP,0,Garchomp,,DRAGON,GROUND,108,130,95,80,85,102,600,SANDVEIL,,ROUGHSKIN,Monster,Dragon,Slow,45,300
GARCHOMP_1,1,Garchomp,,DRAGON,GROUND,108,170,115,120,95,92,700,SANDFORCE,,SANDFORCE,Monster,Dragon,Slow,45,350
GARDEVOIR,0,Gardevoir,,PSYCHIC,FAIRY,68,65,65,125,115,80,518,SYNCHRONIZE,TRACE,TELEPATHY,Humanlike,Amorphous,Slow,45,259
GARDEVOIR_1,1,Gardevoir,,DARK,FAIRY,68,60,65,130,110,85,518,DISHEARTEN,TRACE,QUEENLYMAJESTY,Humanlike,Amorphous,Slow,45,259
GARDEVOIR_2,2,Gardevoir,,PSYCHIC,FAIRY,68,85,65,165,135,100,618,PIXILATE,,PIXILATE,Humanlike,Amorphous,Slow,45,309
GARGANACL,0,Garganacl,,ROCK,,100,100,130,45,90,35,500,PURIFYINGSALT,STURDY,CLEARBODY,Mineral,,Parabolic,45,250
GASTLY,0,Gastly,,GHOST,POISON,30,35,30,100,35,80,310,LEVITATE,,CURSEDBODY,Amorphous,,Parabolic,190,62
GASTLYX,0,Gastly,,DRAGON,,30,35,30,100,65,35,295,OBLIVIOUS,MOLDBREAKER,BERSERK,Xenoverse,,Parabolic,45,62
GASTRODON,0,Gastrodon,,WATER,GROUND,111,83,68,92,82,39,475,STICKYHOLD,STORMDRAIN,SANDFORCE,Water1,Amorphous,Medium,75,166
GASTRODON_1,1,Gastrodon,,WATER,GROUND,111,83,68,92,82,39,475,STICKYHOLD,STORMDRAIN,SANDFORCE,Water1,Amorphous,Medium,75,166
GENESECT,0,Genesect,,BUG,STEEL,71,120,95,120,95,99,600,DOWNLOAD,,,Undiscovered,,Slow,3,300
GENESECT_1,1,Genesect,,BUG,STEEL,71,120,95,120,95,99,600,DOWNLOAD,,,Undiscovered,,Slow,3,300
GENESECT_2,2,Genesect,,BUG,STEEL,71,120,95,120,95,99,600,DOWNLOAD,,,Undiscovered,,Slow,3,300
GENESECT_3,3,Genesect,,BUG,STEEL,71,120,95,120,95,99,600,DOWNLOAD,,,Undiscovered,,Slow,3,300
GENESECT_4,4,Genesect,,BUG,STEEL,71,120,95,120,95,99,600,DOWNLOAD,,,Undiscovered,,Slow,3,300
GENGAR,0,Gengar,,GHOST,POISON,60,65,60,130,75,110,500,LEVITATE,,CURSEDBODY,Amorphous,,Parabolic,45,250
GENGARX,0,Gengar,,DRAGON,PSYCHIC,80,70,80,130,85,55,500,OBLIVIOUS,ILLUMINATE,BERSERK,Xenoverse,,Parabolic,45,250
GENGAR_1,1,Gengar,,GHOST,POISON,60,65,80,170,95,130,600,SHADOWTAG,,SHADOWTAG,Amorphous,,Parabolic,45,300
GEODUDE,0,Geodude,,ROCK,GROUND,40,80,100,30,30,20,300,ROCKHEAD,STURDY,SANDVEIL,Mineral,,Parabolic,255,60
GEODUDE_1,1,Geodude,,ROCK,ELECTRIC,40,80,75,20,55,30,300,MAGNETPULL,STURDY,GALVANIZE,Mineral,,Parabolic,255,60
GHIFT,0,WIP,,NORMAL,SOUND,1,1,1,1,1,1,6,RUNAWAY,,,Undiscovered,,Slow,1,100
GHOLDENGO,0,Gholdengo,,STEEL,GHOST,87,75,87,127,87,87,550,GOODASGOLD,,,Mineral,,Slow,45,275
GIBLE,0,Gible,,DRAGON,GROUND,58,70,45,40,45,42,300,SANDVEIL,,ROUGHSKIN,Monster,Dragon,Slow,45,60
GIGALITH,0,Gigalith,,ROCK,,85,60,130,135,80,25,515,STURDY,SANDSTREAM,SOLARPOWER,Mineral,,Parabolic,45,258
GIMMIGHOUL,0,Gimmighoul,,GHOST,,47,37,70,75,70,17,316,RATTLED,PIGGYBANK,RUNAWAY,Mineral,,Slow,45,60
GIMMIGHOUL_1,1,Gimmighoul,,GHOST,,47,37,70,75,70,17,316,RUNAWAY,,RUNAWAY,Mineral,,Slow,0,60
GIRAFARIG,0,Girafarig,,NORMAL,PSYCHIC,70,80,65,90,65,85,455,INNERFOCUS,EARLYBIRD,SAPSIPPER,Field,,Medium,60,159
GIRATINA,0,Giratina,,GHOST,DRAGON,150,100,120,100,120,90,680,PRESSURE,,TELEPATHY,Undiscovered,,Slow,3,340
GIRATINA_1,1,Giratina,,GHOST,DRAGON,150,120,100,120,100,90,680,LEVITATE,,LEVITATE,Undiscovered,,Slow,3,340
GLACEON,0,Glaceon,,ICE,,65,60,110,130,95,65,525,SNOWCLOAK,,ICEBODY,Field,,Medium,45,184
GLALIE,0,Glalie,,ICE,,80,80,80,80,80,80,480,INNERFOCUS,ICEBODY,MOODY,Fairy,Mineral,Medium,75,168
GLALIE_1,1,Glalie,,GHOST,ROCK,100,100,100,60,90,30,480,FLASHFIRE,MAGMAARMOR,LEVITATE,Fairy,Mineral,Medium,75,168
GLALIE_2,2,Glalie,,ICE,,80,120,80,120,80,100,580,REFRIGERATE,,REFRIGERATE,Fairy,Mineral,Medium,75,203
GLAMEOW,0,Glameow,,NORMAL,,49,55,42,42,37,85,310,LIMBER,OWNTEMPO,KEENEYE,Field,,Fast,190,62
GLASTRIER,0,Glastrier,,ICE,,100,145,130,65,110,30,580,CHILLINGNEIGH,,,Undiscovered,,Slow,3,290
GLIGAR,0,Gligar,,GROUND,FLYING,65,75,105,35,65,85,430,HYPERCUTTER,SANDFORCE,IMMUNITY,Bug,,Parabolic,60,86
GLIMMET,0,Glimmet,,ROCK,POISON,48,35,42,105,60,60,350,TOXICDEBRIS,,CORROSION,Mineral,,Parabolic,70,70
GLIMMORA,0,Glimmora,,ROCK,POISON,83,55,90,130,81,86,525,TOXICDEBRIS,,CORROSION,Mineral,,Parabolic,25,184
GLISCOR,0,Gliscor,,GROUND,FLYING,75,95,125,45,75,95,510,HYPERCUTTER,SANDVEIL,POISONHEAL,Bug,,Parabolic,30,179
GLOOM,0,Gloom,,GRASS,POISON,60,65,70,85,75,40,395,STENCH,AROMAVEIL,CORROSION,Grass,,Parabolic,120,138
GOGOAT,0,Gogoat,,GRASS,GROUND,123,100,77,67,81,83,531,GRASSPELT,SAPSIPPER,SEEDSOWER,Field,,Medium,45,186
GOLADO,0,Golado,,GROUND,FAIRY,95,55,80,98,80,75,483,REGENERATOR,FRIENDGUARD,MISTYSURGE,Mineral,,Medium,90,169
GOLANTIS,0,Golantis,,GROUND,DRAGON,115,55,80,98,80,55,483,REGENERATOR,FRIENDGUARD,MULTISCALE,Mineral,,Medium,90,169
GOLARTHA,0,Golartha,,GROUND,SOUND,115,55,100,98,60,55,483,REGENERATOR,FRIENDGUARD,AMPLIFY,Mineral,,Medium,90,169
GOLBAT,0,Golbat,,POISON,FLYING,75,80,70,65,75,90,455,INNERFOCUS,,INFILTRATOR,Flying,,Medium,90,159
GOLDEEN,0,Goldeen,,WATER,,45,67,60,35,50,63,320,SWIFTSWIM,WATERVEIL,LIGHTNINGROD,Water2,,Medium,225,64
GOLDUCK,0,Golduck,,WATER,,80,82,78,95,80,85,500,DAMP,CLOUDNINE,SWIFTSWIM,Water1,Field,Medium,75,175
GOLEM,0,Golem,,ROCK,GROUND,80,120,130,55,65,45,495,ROCKHEAD,STURDY,SANDVEIL,Mineral,,Parabolic,45,248
GOLEM_1,1,Golem,,ROCK,ELECTRIC,80,120,105,45,90,55,495,MAGNETPULL,STURDY,GALVANIZE,Mineral,,Parabolic,45,248
GOLETT,0,Golett,,GROUND,GHOST,59,74,50,35,50,35,303,IRONFIST,KLUTZ,NOGUARD,Undiscovered,,Medium,190,100
GOLETT_1,1,Golett,,GROUND,,84,25,55,64,55,20,303,REGENERATOR,FRIENDGUARD,SCREENCLEANER,Mineral,,Medium,255,61
GOLISOPOD,0,Golisopod,,BUG,WATER,75,125,140,60,90,40,530,EMERGENCYEXIT,,SHELLARMOR,Bug,Water3,Medium,45,186
GOLURK,0,Golurk,,GROUND,GHOST,89,124,80,55,80,55,483,IRONFIST,KLUTZ,NOGUARD,Mineral,,Medium,90,169
GOODRA,0,Goodra,,DRAGON,WATER,90,80,80,110,150,90,600,SAPSIPPER,HYDRATION,GOOEY,Dragon,,Slow,45,300
GOODRA_1,1,Goodra,,STEEL,DRAGON,80,100,100,110,150,60,600,SAPSIPPER,SHELLARMOR,GOOEY,Dragon,,Slow,45,300
GOOMBEAR,0,Goombear,,FIRE,FAIRY,108,116,92,62,86,55,519,THICKFAT,GLUTTONY,MARSHMALLOW,Field,Monster,Medium,120,68
GOOMY,0,Goomy,,DRAGON,WATER,45,30,45,55,75,50,300,SAPSIPPER,HYDRATION,GOOEY,Dragon,,Slow,45,60
GOREBYSS,0,Gorebyss,,WATER,,55,84,105,114,75,52,485,SWIFTSWIM,,HYDRATION,Water1,,Erratic,60,170
GOROCHU,0,Gorochu,,ELECTRIC,FIGHTING,100,115,90,100,90,100,595,DEFIANT,LIGHTNINGROD,ADAPTABILITY,Field,Fairy,Medium,30,243
GOSSIFLEUR,0,Gossifleur,,GRASS,,55,50,60,55,80,10,310,COTTONDOWN,REGENERATOR,HOSPITALITY,Grass,,Medium,190,50
GOTHITA,0,Gothita,,PSYCHIC,,45,30,50,55,65,45,290,FRISK,COMPETITIVE,SHADOWTAG,Humanlike,,Parabolic,200,58
GOTHITELLE,0,Gothitelle,,PSYCHIC,,70,55,95,95,110,65,490,FRISK,COMPETITIVE,SHADOWTAG,Humanlike,,Parabolic,50,245
GOTHORITA,0,Gothorita,,PSYCHIC,,60,45,70,75,85,55,390,FRISK,COMPETITIVE,SHADOWTAG,Humanlike,,Parabolic,100,137
GOUGINGFIRE,0,Gouging Fire,,FIRE,DRAGON,105,115,121,65,93,91,590,PROTOSYNTHESIS,,,Undiscovered,,Slow,10,295
GOURGEIST,0,Gourgeist,,GHOST,GRASS,55,85,122,58,75,99,494,PICKUP,FRISK,,Amorphous,,Medium,60,173
GOURGEIST_1,1,Gourgeist,,GHOST,GRASS,65,90,122,58,75,84,494,PICKUP,FRISK,INSOMNIA,Amorphous,,Medium,60,173
GOURGEIST_2,2,Gourgeist,,GHOST,GRASS,75,95,122,58,75,69,494,PICKUP,FRISK,,Amorphous,,Medium,60,173
GOURGEIST_3,3,Gourgeist,,GHOST,GRASS,85,100,122,58,75,54,494,PICKUP,FRISK,INSOMNIA,Amorphous,,Medium,60,173
GRAFAIAI,0,Grafaiai,,POISON,NORMAL,63,100,65,85,72,110,495,UNBURDEN,POISONTOUCH,PRANKSTER,Field,,Parabolic,90,170
GRANBULL,0,Granbull,,FAIRY,NORMAL,100,120,75,60,60,45,460,INTIMIDATE,QUICKFEET,STRONGJAW,Field,Fairy,Fast,75,158
GRAPPLOCT,0,Grapploct,,FIGHTING,,80,118,90,70,80,42,480,LIMBER,,TECHNICIAN,Water1,Humanlike,Parabolic,45,168
GRAVELER,0,Graveler,,ROCK,GROUND,55,95,115,45,45,35,390,ROCKHEAD,STURDY,SANDVEIL,Mineral,,Parabolic,120,137
GRAVELER_1,1,Graveler,,ROCK,ELECTRIC,55,95,90,35,70,45,390,MAGNETPULL,STURDY,GALVANIZE,Mineral,,Parabolic,120,137
GREATTUSK,0,Great Tusk,,GROUND,FIGHTING,115,131,131,53,53,87,570,PROTOSYNTHESIS,,,Undiscovered,,Slow,30,285
GREAVARD,0,Greavard,,GHOST,,50,61,60,30,55,34,290,PICKUP,,FLUFFY,Field,,Parabolic,120,58
GREEDENT,0,Greedent,,NORMAL,,120,95,95,55,75,20,460,CHEEKPOUCH,,GLUTTONY,Field,,Medium,90,161
GRENINJA,0,Greninja,,WATER,DARK,72,95,67,103,71,122,530,TORRENT,,PROTEAN,Water1,,Parabolic,45,265
GRENINJAX,0,WIP,,NORMAL,SOUND,1,1,1,1,1,1,6,RUNAWAY,,,Undiscovered,,Slow,1,100
GRENINJA_1,1,Greninja,,WATER,DARK,72,95,67,103,71,122,530,BATTLEBOND,,BATTLEBOND,Undiscovered,,Parabolic,45,265
GRENINJA_2,2,Greninja,,WATER,DARK,72,145,67,153,71,132,640,BATTLEBOND,,BATTLEBOND,Water1,,Parabolic,45,320
GRIMER,0,Grimer,,POISON,,80,40,50,80,50,25,325,STENCH,STICKYHOLD,OBLIVIOUS,Amorphous,,Medium,190,65
GRIMER_1,1,Grimer,,POISON,DARK,80,80,50,40,50,25,325,POISONTOUCH,GLUTTONY,POWEROFALCHEMY,Amorphous,,Medium,190,65
GRIMMSNARL,0,Grimmsnarl,,DARK,FAIRY,95,120,65,95,75,60,510,PRANKSTER,FRISK,PICKPOCKET,Fairy,Humanlike,Medium,45,255
GROOKEY,0,Grookey,,GRASS,,50,65,50,40,40,65,310,OVERGROW,,GRASSYSURGE,Field,Grass,Parabolic,45,62
GROTLE,0,Grotle,,GRASS,,75,89,85,55,65,36,405,OVERGROW,,SHELLARMOR,Monster,Grass,Parabolic,45,142
GROUDON,0,Groudon,,GROUND,,100,150,140,100,90,90,670,DROUGHT,,,Undiscovered,,Slow,3,335
GROUDON_1,1,Groudon,,GROUND,FIRE,100,180,160,150,90,90,770,DESOLATELAND,,,Undiscovered,,Slow,3,385
GROVYLE,0,Grovyle,,GRASS,,50,65,45,85,65,95,405,OVERGROW,,UNBURDEN,Monster,Dragon,Parabolic,45,142
GROWLITHE,0,Growlithe,,FIRE,,55,70,45,70,50,60,350,INTIMIDATE,FLASHFIRE,JUSTIFIED,Field,,Slow,190,70
GROWLITHE_1,1,Growlithe,,FIRE,ROCK,60,75,45,65,50,55,350,INTIMIDATE,GUARDDOG,ROCKHEAD,Field,,Slow,190,70
GRUBBIN,0,Grubbin,,BUG,,47,62,45,55,45,46,300,SWARM,,HYPERCUTTER,Bug,,Medium,255,60
GRUDAKO,0,Grudako,,FAIRY,STEEL,70,134,75,57,61,115,512,ROUGHSKIN,,SHARPNESS,Fairy,Dragon,Medium,45,100
GRUMPIG,0,Grumpig,,PSYCHIC,,80,45,65,90,110,80,470,THICKFAT,OWNTEMPO,GLUTTONY,Field,,Fast,60,165
GULPIN,0,Gulpin,,POISON,,70,43,53,43,53,40,302,LIQUIDOOZE,STICKYHOLD,GLUTTONY,Amorphous,,Fluctuating,225,60
GUMSHOOS,0,Gumshoos,,NORMAL,,88,110,60,55,60,45,418,STAKEOUT,STRONGJAW,ADAPTABILITY,Field,,Medium,127,146
GURDURR,0,Gurdurr,,FIGHTING,,85,105,85,40,50,40,405,GUTS,SHEERFORCE,IRONFIST,Humanlike,,Parabolic,90,142
GUZZLORD,0,Guzzlord,,DARK,DRAGON,223,101,53,97,53,43,570,BEASTBOOST,,,Undiscovered,,Slow,45,285
GYARADOS,0,Gyarados,,WATER,FLYING,95,125,79,60,100,81,540,INTIMIDATE,,MOXIE,Water2,Dragon,Slow,45,189
GYARADOS_1,1,Gyarados,,WATER,DARK,95,155,109,70,130,81,640,MOLDBREAKER,,MOLDBREAKER,Water2,Dragon,Slow,45,224
HAKAMOO,0,Hakamo-o,,DRAGON,FIGHTING,55,75,90,65,70,65,420,BULLETPROOF,SOUNDPROOF,OVERCOAT,Dragon,,Slow,45,147
HANGEAD,0,Hangead,,DARK,GHOST,80,90,73,52,80,90,465,SPIRITFEAST,,SHADOWTAG,Amorphous,Humanlike,Medium,45,168
HAPPINY,0,Happiny,,NORMAL,,100,5,5,15,65,30,220,NATURALCURE,SERENEGRACE,FRIENDGUARD,Undiscovered,,Fast,130,110
HARIYAMA,0,Hariyama,,FIGHTING,,144,120,60,40,60,50,474,THICKFAT,GUTS,SHEERFORCE,Humanlike,,Fluctuating,200,166
HARROWK,0,Harrowk,,ELECTRIC,FLYING,85,75,75,95,74,106,510,SNIPER,STATIC,DRIZZLE,Flying,,Parabolic,45,240
HATENNA,0,Hatenna,,PSYCHIC,,42,30,45,56,53,39,265,HEALER,ANTICIPATION,MAGICBOUNCE,Fairy,,Slow,235,53
HATTERENE,0,Hatterene,,PSYCHIC,FAIRY,57,90,95,136,103,29,510,HEALER,ANTICIPATION,MAGICBOUNCE,Fairy,,Slow,45,255
HATTREM,0,Hattrem,,PSYCHIC,,57,40,65,86,73,49,370,HEALER,ANTICIPATION,MAGICBOUNCE,Fairy,,Slow,120,130
HAUNTER,0,Haunter,,GHOST,POISON,45,50,45,115,55,95,405,LEVITATE,,CURSEDBODY,Amorphous,,Parabolic,90,142
HAUNTERX,0,Haunter,,DRAGON,,45,55,70,115,75,45,405,OBLIVIOUS,MOLDBREAKER,BERSERK,Xenoverse,,Parabolic,45,145
HAWLUCHA,0,Hawlucha,,FIGHTING,FLYING,78,92,75,74,63,118,500,LIMBER,UNBURDEN,MOLDBREAKER,Flying,Humanlike,Medium,100,175
HAXORUS,0,Haxorus,,DRAGON,,76,147,90,60,70,97,540,RIVALRY,MOLDBREAKER,SHARPNESS,Monster,Dragon,Parabolic,45,270
HEATMOR,0,Heatmor,,FIRE,,85,97,66,105,66,65,484,GLUTTONY,FLASHFIRE,WHITESMOKE,Field,,Medium,90,169
HEATRAN,0,Heatran,,FIRE,STEEL,91,90,106,130,106,77,600,FLASHFIRE,,FLAMEBODY,Undiscovered,,Slow,3,300
HELIOLISK,0,Heliolisk,,ELECTRIC,NORMAL,62,55,52,109,94,109,481,DRYSKIN,SANDRUSH,SOLARPOWER,Monster,Dragon,Medium,75,168
HELIOPTILE,0,Helioptile,,ELECTRIC,NORMAL,44,38,33,61,43,70,289,DRYSKIN,SANDVEIL,SOLARPOWER,Monster,Dragon,Medium,190,58
HERACROSS,0,Heracross,,BUG,FIGHTING,80,125,75,40,95,85,500,SWARM,GUTS,MOXIE,Bug,,Slow,45,175
HERACROSS_1,1,Heracross,,BUG,FIGHTING,80,185,115,40,105,75,600,SKILLLINK,,SKILLLINK,Bug,,Slow,45,210
HERCURCULES,0,Hercurcules,,BUG,FIGHTING,110,140,90,60,65,30,495,THICKFAT,BATTLEARMOR,NOGUARD,Bug,,Medium,45,260
HERDIER,0,Herdier,,NORMAL,,65,80,65,35,65,60,370,INTIMIDATE,SANDRUSH,SCRAPPY,Field,,Parabolic,120,130
HIKILOO,0,Hikiloo,,NORMAL,ICE,40,65,55,40,40,60,300,VITALSPIRIT,SNOWCLOAK,ICEBODY,Field,,Parabolic,225,56
HIPPOPOTAS,0,Hippopotas,,GROUND,,68,72,78,38,42,32,330,SANDSTREAM,,SANDFORCE,Field,,Slow,140,66
HIPPOWDON,0,Hippowdon,,GROUND,,108,112,118,68,72,47,525,SANDSTREAM,,SANDFORCE,Field,,Slow,60,184
HITMONCHAN,0,Hitmonchan,,FIGHTING,,70,105,115,35,110,75,510,IRONFIST,DISHEARTEN,DEFIANT,Humanlike,,Medium,45,159
HITMONLEE,0,Hitmonlee,,FIGHTING,,70,120,85,35,95,105,510,STRIKER,LIMBER,UNBURDEN,Humanlike,,Medium,45,159
HITMONTOP,0,Hitmontop,,FIGHTING,,70,110,110,35,100,85,510,INTIMIDATE,TECHNICIAN,TEMPOBOOST,Humanlike,,Medium,45,159
HOLINKS,0,Holinks,,ELECTRIC,PSYCHIC,80,55,75,100,100,60,470,HOLOGRAM,,ROOMWARPER,Undiscovered,,Medium,1,100
HONCHEN,0,Honchen,,DRAGON,,105,125,100,60,79,71,540,DRYSKIN,,WINDRIDER,Flying,,Erratic,45,125
HONCHKROW,0,Honchkrow,,DARK,FLYING,100,125,52,105,52,91,525,INSOMNIA,SUPERLUCK,MOXIE,Flying,,Parabolic,30,177
HONEDGE,0,Honedge,,STEEL,GHOST,45,80,100,35,37,28,325,NOGUARD,,,Mineral,,Medium,180,65
HOOH,0,Ho-Oh,,FIRE,FLYING,106,130,90,110,154,90,680,PRESSURE,,REGENERATOR,Undiscovered,,Slow,3,340
HOOPA,0,Hoopa,,PSYCHIC,GHOST,80,110,60,150,130,70,600,MAGICIAN,,,Undiscovered,,Slow,3,300
HOOPA_1,1,Hoopa,,PSYCHIC,DARK,80,160,60,170,130,80,680,MAGICIAN,,,Undiscovered,,Slow,3,340
HOOTHOOT,0,Hoothoot,,NORMAL,FLYING,60,30,30,46,56,50,272,INSOMNIA,KEENEYE,TINTEDLENS,Flying,,Medium,255,52
HOPPIP,0,Hoppip,,GRASS,FLYING,35,45,40,25,55,50,250,CHLOROPHYLL,LEAFGUARD,WINDRIDER,Fairy,Grass,Parabolic,255,50
HORSEA,0,Horsea,,WATER,,30,40,70,70,25,60,295,SWIFTSWIM,SNIPER,STORMDRAIN,Water1,Dragon,Medium,225,59
HORYUMAKI,0,Horyuaki,,DRAGON,GRASS,103,70,120,100,120,32,545,STORMDRAIN,THICKFAT,CUDCHEW,Water2,,Parabolic,45,239
HOUNDOOM,0,Houndoom,,DARK,FIRE,75,90,50,110,80,95,500,GUARDDOG,FLASHFIRE,SOLARPOWER,Field,,Slow,45,175
HOUNDOOM_1,1,Houndoom,,DARK,FIRE,75,90,90,140,90,115,600,CONFLAGRATE,,CONFLAGRATE,Field,,Slow,45,210
HOUNDOUR,0,Houndour,,DARK,FIRE,45,60,30,80,50,65,330,EARLYBIRD,FLASHFIRE,UNNERVE,Field,,Slow,120,66
HOUNDSTONE,0,Houndstone,,GHOST,,72,101,100,50,97,68,488,SANDRUSH,,FLUFFY,Field,,Parabolic,60,171
HUNTAIL,0,Huntail,,WATER,,55,104,105,94,75,52,485,SWIFTSWIM,,WATERVEIL,Water1,,Erratic,60,170
HYDRAPPLE,0,Hydrapple,,GRASS,DRAGON,106,80,110,120,80,44,540,SUPERSWEETSYRUP,REGENERATOR,STICKYHOLD,Grass,Dragon,Erratic,10,270
HYDREIGON,0,Hydreigon,,DARK,DRAGON,92,105,90,125,90,98,600,LEVITATE,,,Dragon,,Slow,45,300
HYDREIGONX,0,Hydreigon,,PSYCHIC,STEEL,85,140,112,145,108,90,680,SHACKLEDSOUL,,,Undiscovered,,Parabolic,45,194
HYPNO,0,Hypno,,PSYCHIC,SOUND,85,93,80,73,115,57,503,INSOMNIA,INTIMIDATE,NOGUARD,Humanlike,,Medium,75,169
HYSTEARIC,0,Hystearic,,GRASS,SOUND,30,32,42,58,58,20,240,SYNTHESIZER,,REVERB,Grass,Fairy,Medium,255,66
IGGLYBUFF,0,Igglybuff,,SOUND,FAIRY,90,30,20,40,25,15,220,CUTECHARM,FRISK,FRIENDGUARD,Undiscovered,,Fast,170,42
ILLUMISE,0,Illumise,,BUG,,65,47,75,73,85,85,430,OBLIVIOUS,TINTEDLENS,PRANKSTER,Bug,Humanlike,Fluctuating,150,151
IMPIDIMP,0,Impidimp,,DARK,FAIRY,45,45,30,55,40,50,265,PRANKSTER,FRISK,PICKPOCKET,Fairy,Humanlike,Medium,255,53
INCINEROAR,0,Incineroar,,FIRE,DARK,95,115,90,80,90,60,530,BLAZE,,INTIMIDATE,Field,,Parabolic,45,265
INDEEDEE,0,Indeedee,,PSYCHIC,NORMAL,60,65,55,105,95,95,475,INNERFOCUS,SYNCHRONIZE,PSYCHICSURGE,Fairy,,Fast,30,166
INDEEDEE_1,1,Indeedee,,PSYCHIC,NORMAL,70,55,65,95,105,85,475,OWNTEMPO,SYNCHRONIZE,PSYCHICSURGE,Fairy,,Fast,30,166
INFERNAPE,0,Infernape,,FIRE,FIGHTING,76,104,71,104,71,108,534,BLAZE,,IRONFIST,Field,Humanlike,Parabolic,45,267
INFLANT,0,Inflant,,WATER,,55,60,65,43,52,35,310,TORRENT,,PRESSURIZE,Water1,Monster,Parabolic,45,100
INKAY,0,Inkay,,DARK,PSYCHIC,53,54,53,47,46,45,298,CONTRARY,SUCTIONCUPS,INFILTRATOR,Water1,Water2,Medium,190,58
INTELEON,0,Inteleon,,WATER,,70,85,65,125,65,120,530,TORRENT,,SNIPER,Water1,Field,Parabolic,45,265
IRONBOULDER,0,Iron Boulder,,ROCK,PSYCHIC,90,120,80,68,108,124,590,QUARKDRIVE,,,Undiscovered,,Slow,10,295
IRONBUNDLE,0,Iron Bundle,,ICE,WATER,56,80,114,124,60,136,570,QUARKDRIVE,,,Undiscovered,,Slow,50,285
IRONCROWN,0,Iron Crown,,STEEL,PSYCHIC,90,72,100,122,108,98,590,QUARKDRIVE,,,Undiscovered,,Slow,10,295
IRONHANDS,0,Iron Hands,,FIGHTING,ELECTRIC,154,140,108,50,68,50,570,QUARKDRIVE,,,Undiscovered,,Slow,50,285
IRONJUGULIS,0,Iron Jugulis,,DARK,FLYING,94,80,86,122,80,108,570,QUARKDRIVE,,,Undiscovered,,Slow,30,285
IRONLEAVES,0,Iron Leaves,,GRASS,PSYCHIC,90,130,88,70,108,104,590,QUARKDRIVE,,,Undiscovered,,Slow,5,295
IRONMOTH,0,Iron Moth,,FIRE,POISON,80,70,60,140,110,110,570,QUARKDRIVE,,,Undiscovered,,Slow,30,285
IRONTHORNS,0,Iron Thorns,,ROCK,ELECTRIC,100,134,110,70,84,72,570,QUARKDRIVE,,,Undiscovered,,Slow,30,285
IRONTREADS,0,Iron Treads,,GROUND,STEEL,90,112,120,72,70,106,570,QUARKDRIVE,,,Undiscovered,,Slow,30,285
IRONVALIANT,0,Iron Valiant,,FAIRY,FIGHTING,74,130,90,120,60,116,590,QUARKDRIVE,,,Undiscovered,,Slow,10,295
IVYSAUR,0,Ivysaur,,GRASS,POISON,60,62,63,80,80,60,405,OVERGROW,,CHLOROPHYLL,Monster,Grass,Parabolic,45,142
JANGMOO,0,Jangmo-o,,DRAGON,,45,55,65,45,45,45,300,BULLETPROOF,SOUNDPROOF,OVERCOAT,Dragon,,Slow,45,60
JELLICENT,0,Jellicent,,WATER,GHOST,100,60,80,85,105,60,490,WATERABSORB,CURSEDBODY,DAMP,Amorphous,,Medium,60,168
JIGGLYPUFF,0,Jigglypuff,,SOUND,FAIRY,115,45,30,45,35,20,290,CUTECHARM,COMPETITIVE,FRIENDGUARD,Fairy,,Fast,170,95
JIRACHI,0,Jirachi,,STEEL,PSYCHIC,100,100,100,100,100,100,600,SERENEGRACE,,,Undiscovered,,Slow,3,300
JOLTEON,0,Jolteon,,ELECTRIC,,65,65,60,110,95,130,525,VOLTABSORB,,QUICKFEET,Field,,Medium,45,184
JOLTIK,0,Joltik,,BUG,ELECTRIC,50,47,50,57,50,65,319,COMPOUNDEYES,UNNERVE,SWARM,Bug,,Medium,190,64
JOLTIKX,0,Joltik,,BUG,ICE,50,47,40,57,40,85,319,COMPOUNDEYES,SHIELDDUST,SNOWWARNING,Xenoverse,,Medium,45,64
JUMPLUFF,0,Jumpluff,,GRASS,FLYING,75,85,70,35,95,110,470,CHLOROPHYLL,LEAFGUARD,WINDRIDER,Fairy,Grass,Parabolic,45,230
JYNX,0,Jynx,,ICE,PSYCHIC,65,50,35,115,95,95,455,OBLIVIOUS,FOREWARN,DRYSKIN,Humanlike,,Medium,45,159
KABUTO,0,Kabuto,,ROCK,WATER,30,80,90,55,45,55,355,SWIFTSWIM,BATTLEARMOR,WEAKARMOR,Water1,Water3,Medium,45,71
KABUTOPS,0,Kabutops,,ROCK,WATER,60,115,105,65,70,80,495,SWIFTSWIM,BATTLEARMOR,WEAKARMOR,Water1,Water3,Medium,45,173
KADABRA,0,Kadabra,,PSYCHIC,,40,35,30,120,70,105,400,SYNCHRONIZE,INNERFOCUS,MAGICGUARD,Humanlike,,Parabolic,100,140
KAKUNA,0,Kakuna,,BUG,POISON,45,25,50,25,25,35,205,SHEDSKIN,,,Bug,,Medium,120,72
KAMITORA,0,Kamitora,,NORMAL,ELECTRIC,115,135,105,80,90,75,600,STALWART,,SHEERFORCE,Field,,Slow,30,80
KANGASKHAN,0,Kangaskhan,,NORMAL,,105,95,80,40,80,90,490,EARLYBIRD,SCRAPPY,INNERFOCUS,Monster,,Medium,45,172
KANGASKHAN_1,1,Kangaskhan,,NORMAL,,105,125,100,60,100,100,590,PARENTALBOND,,PARENTALBOND,Monster,,Medium,45,207
KARRABLAST,0,Karrablast,,BUG,,50,75,45,40,45,60,315,SWARM,SHEDSKIN,NOGUARD,Bug,,Medium,200,63
KARTANA,0,Kartana,,GRASS,STEEL,59,181,131,59,31,109,570,BEASTBOOST,,,Undiscovered,,Slow,45,285
KECLEON,0,Kecleon,,NORMAL,,60,90,70,60,120,40,440,COLORCHANGE,,PROTEAN,Field,,Parabolic,200,154
KECLEON_1,1,Kecleon,,NORMAL,,60,90,70,60,120,40,440,COLORCHANGE,,PROTEAN,Field,,Parabolic,200,154
KECLEON_2,2,Kecleon,,NORMAL,,60,90,70,60,120,40,440,COLORCHANGE,,PROTEAN,Field,,Parabolic,200,154
KECLEON_3,3,Kecleon,,NORMAL,,60,90,70,60,120,40,440,COLORCHANGE,,PROTEAN,Field,,Parabolic,200,154
KECLEON_4,4,Kecleon,,NORMAL,,60,90,70,60,120,40,440,COLORCHANGE,,PROTEAN,Field,,Parabolic,200,154
KECLEON_5,5,Kecleon,,NORMAL,,60,90,70,60,120,40,440,COLORCHANGE,,PROTEAN,Field,,Parabolic,200,154
KECLEON_6,6,Kecleon,,NORMAL,,60,90,70,60,120,40,440,COLORCHANGE,,PROTEAN,Field,,Parabolic,200,154
KECLEON_7,7,Kecleon,,NORMAL,,60,90,70,60,120,40,440,COLORCHANGE,,PROTEAN,Field,,Parabolic,200,154
KECLEON_8,8,Kecleon,,NORMAL,,60,90,70,60,120,40,440,COLORCHANGE,,PROTEAN,Field,,Parabolic,200,154
KECLEON_9,9,Kecleon,,NORMAL,,60,90,70,60,120,40,440,COLORCHANGE,,PROTEAN,Field,,Parabolic,200,154
KELDEO,0,Keldeo,,WATER,FIGHTING,91,72,90,129,90,108,580,JUSTIFIED,,,Undiscovered,,Slow,3,290
KELDEO_1,1,Keldeo,,WATER,FIGHTING,91,72,90,129,90,108,580,JUSTIFIED,,,Undiscovered,,Slow,3,290
KIDOON,0,Kidoon,,FLYING,,25,20,55,30,20,70,220,DRYSKIN,,WINDRIDER,Flying,,Erratic,255,40
KILOWATTREL,0,Kilowattrel,,ELECTRIC,FLYING,70,70,60,105,60,125,490,WINDPOWER,VOLTABSORB,COMPETITIVE,Water1,Flying,Parabolic,90,172
KINGAMBIT,0,Kingambit,,DARK,STEEL,100,135,120,60,85,50,550,DEFIANT,SUPREMEOVERLORD,DISHEARTEN,Humanlike,,Medium,25,275
KINGDRA,0,Kingdra,,WATER,DRAGON,75,95,95,95,95,85,540,SWIFTSWIM,SNIPER,STORMDRAIN,Water1,Dragon,Medium,45,270
KINGLER,0,Kingler,,WATER,,55,130,115,50,50,75,475,HYPERCUTTER,SHELLARMOR,SHEERFORCE,Water3,,Medium,60,166
KIRLIA,0,Kirlia,,PSYCHIC,FAIRY,38,35,35,65,55,50,278,SYNCHRONIZE,TRACE,TELEPATHY,Humanlike,Amorphous,Slow,120,97
KIRLIA_1,1,Kirlia,,DARK,FAIRY,48,30,35,75,75,55,318,FRISK,TRACE,SERENEGRACE,Humanlike,Amorphous,Slow,120,97
KLANG,0,Klang,,STEEL,,60,80,95,70,85,50,440,PLUS,MINUS,CLEARBODY,Mineral,,Parabolic,60,154
KLAWF,0,Klawf,,ROCK,,70,100,115,35,55,75,450,ANGERSHELL,SHELLARMOR,REGENERATOR,Water3,,Medium,120,158
KLEAVOR,0,Kleavor,,BUG,ROCK,70,135,95,45,70,85,500,SWARM,SHEERFORCE,SHARPNESS,Bug,,Medium,45,175
KLEFKI,0,Klefki,,STEEL,FAIRY,57,80,91,80,87,75,470,PRANKSTER,,MAGICIAN,Mineral,,Fast,75,165
KLINK,0,Klink,,STEEL,,40,55,70,45,60,30,300,PLUS,MINUS,CLEARBODY,Mineral,,Parabolic,130,60
KLINKLANG,0,Klinklang,,STEEL,,60,95,110,90,85,90,530,PLUS,MINUS,CLEARBODY,Mineral,,Parabolic,30,260
KOFFING,0,Koffing,,POISON,,40,65,95,65,45,35,345,LEVITATE,CAUSTICFUMES,NEUTRALIZINGGAS,Amorphous,,Medium,190,68
KOINKOIN,0,Koinkoin,,NORMAL,,120,60,105,45,105,20,455,PIGGYBANK,,,Field,Mineral,Slow,180,400
KOMALA,0,Komala,,NORMAL,,65,115,65,75,95,65,480,COMATOSE,,,Field,,Slow,45,168
KOMMOO,0,Kommo-o,,DRAGON,FIGHTING,75,110,125,100,105,85,600,BULLETPROOF,SOUNDPROOF,OVERCOAT,Dragon,,Slow,45,300
KORAIDON,0,Koraidon,,FIGHTING,DRAGON,100,135,115,85,100,135,670,ORICHALCUMPULSE,,,Undiscovered,,Slow,3,335
KOTORA,0,Kotora,,NORMAL,ELECTRIC,75,80,60,35,30,40,320,MOTORDRIVE,,SHEERFORCE,Field,,Slow,45,60
KRABBY,0,Krabby,,WATER,,30,105,90,25,25,50,325,HYPERCUTTER,SHELLARMOR,SHEERFORCE,Water3,,Medium,225,65
KRICKETOT,0,Kricketot,,BUG,SOUND,37,25,41,25,41,25,194,COSTAR,SHEDSKIN,RUNAWAY,Bug,,Parabolic,255,39
KRICKETUNE,0,Kricketune,,BUG,SOUND,80,65,70,90,60,70,435,COSTAR,TECHNICIAN,SIMPLE,Bug,,Parabolic,45,134
KROKOROK,0,Krokorok,,GROUND,DARK,60,82,45,45,45,74,351,INTIMIDATE,MOXIE,ANGERPOINT,Field,,Parabolic,90,123
KROOKODILE,0,Krookodile,,GROUND,DARK,95,117,80,65,70,92,519,INTIMIDATE,MOXIE,ANGERPOINT,Field,,Parabolic,45,260
KUBFU,0,Kubfu,,FIGHTING,,60,90,60,53,50,72,385,INNERFOCUS,,,Undiscovered,,Slow,3,77
KUNGFUR,0,Kungfur,,NORMAL,FIGHTING,75,58,70,93,64,80,440,INNERFOCUS,TECHNICIAN,PUREPOWER,Field,Humanlike,Medium,127,144
KURSTRAW,0,Kurstraw,,NORMAL,GHOST,50,70,30,30,65,20,265,CURSEDBODY,,SHADOWTAG,Amorphous,Mineral,Fast,255,100
KYOGRE,0,Kyogre,,WATER,,100,100,90,150,140,90,670,DRIZZLE,,,Undiscovered,,Slow,3,335
KYOGRE_1,1,Kyogre,,WATER,,100,150,90,180,160,90,770,PRIMORDIALSEA,,,Undiscovered,,Slow,3,385
KYUREM,0,Kyurem,,DRAGON,ICE,125,130,90,130,90,95,660,PRESSURE,,,Undiscovered,,Slow,3,330
KYUREM_1,1,Kyurem,,DRAGON,ICE,125,120,90,170,100,95,700,TURBOBLAZE,,,Undiscovered,,Slow,3,350
KYUREM_2,2,Kyurem,,DRAGON,ICE,125,170,100,120,90,95,700,TERAVOLT,,,Undiscovered,,Slow,3,350
KYUREM_3,3,Kyurem,,DRAGON,ICE,125,120,90,170,100,95,700,TURBOBLAZE,,,Undiscovered,,Slow,3,350
KYUREM_4,4,Kyurem,,DRAGON,ICE,125,170,100,120,90,95,700,TERAVOLT,,,Undiscovered,,Slow,3,350
LAIRON,0,Lairon,,STEEL,ROCK,60,90,140,50,50,40,430,FILTER,ROCKHEAD,HEAVYMETAL,Monster,,Slow,90,151
LAMPENT,0,Lampent,,GHOST,FIRE,60,40,60,95,60,55,370,FLASHFIRE,FLAMEBODY,INFILTRATOR,Amorphous,,Parabolic,90,130
LANDORUS,0,Landorus,,GROUND,FLYING,89,125,90,115,80,101,600,SANDFORCE,,SHEERFORCE,Undiscovered,,Slow,3,300
LANDORUS_1,1,Landorus,,GROUND,FLYING,89,145,90,105,80,91,600,INTIMIDATE,,INTIMIDATE,Undiscovered,,Slow,3,300
LANTURN,0,Lanturn,,WATER,ELECTRIC,125,58,58,76,76,67,460,VOLTABSORB,ILLUMINATE,WATERABSORB,Water2,,Slow,75,161
LAPRAS,0,Lapras,,WATER,ICE,130,85,80,85,95,60,535,WATERABSORB,SHELLARMOR,HYDRATION,Monster,Water1,Slow,45,187
LARVESTA,0,Larvesta,,BUG,FIRE,55,85,55,50,55,60,360,FLAMEBODY,,SWARM,Bug,,Slow,45,72
LARVITAR,0,Larvitar,,ROCK,GROUND,50,64,50,45,50,41,300,GUTS,,SANDVEIL,Monster,,Slow,45,60
LATIAS,0,Latias,,DRAGON,PSYCHIC,80,80,90,110,130,110,600,LEVITATE,,,Undiscovered,,Slow,3,300
LATIAS_1,1,Latias,,DRAGON,PSYCHIC,80,100,120,140,150,110,700,LEVITATE,,,Undiscovered,,Slow,3,350
LATIOS,0,Latios,,DRAGON,PSYCHIC,80,90,80,130,110,110,600,LEVITATE,,,Undiscovered,,Slow,3,300
LATIOS_1,1,Latios,,DRAGON,PSYCHIC,80,130,100,160,120,110,700,LEVITATE,,,Undiscovered,,Slow,3,350
LEAFEON,0,Leafeon,,GRASS,,65,110,130,60,65,95,525,LEAFGUARD,,CHLOROPHYLL,Field,,Medium,45,184
LEAVANNY,0,Leavanny,,BUG,GRASS,80,103,80,60,80,97,500,SHARPNESS,CHLOROPHYLL,SILKSURGE,Bug,,Parabolic,45,250
LECHONK,0,Lechonk,,NORMAL,,54,45,40,35,45,35,254,AROMAVEIL,GLUTTONY,THICKFAT,Field,,Medium,255,51
LEDIAN,0,Ledian,,BUG,FAIRY,75,95,65,55,100,85,475,SWARM,EARLYBIRD,IRONFIST,Bug,,Fast,90,137
LEDYBA,0,Ledyba,,BUG,FLYING,40,40,30,20,80,55,265,SWARM,EARLYBIRD,RATTLED,Bug,,Fast,255,53
LICKILICKY,0,Lickilicky,,NORMAL,,110,85,95,80,95,50,515,OWNTEMPO,OBLIVIOUS,CLOUDNINE,Monster,,Medium,30,180
LICKITUNG,0,Lickitung,,NORMAL,,90,55,75,60,75,30,385,OWNTEMPO,OBLIVIOUS,CLOUDNINE,Monster,,Medium,45,77
LIEPARD,0,Liepard,,DARK,,64,88,50,88,50,106,446,LIMBER,UNBURDEN,PRANKSTER,Field,,Medium,90,156
LIEPOND,0,Liepond,,ELECTRIC,POISON,64,95,50,95,50,106,460,OVERCOAT,MERCILESS,PRANKSTER,Water1,,Medium,45,156
LILEEP,0,Lileep,,ROCK,GRASS,66,41,77,61,87,23,355,SUCTIONCUPS,,STORMDRAIN,Water3,,Erratic,45,71
LILLIGANT,0,Lilligant,,GRASS,,70,60,75,110,75,90,480,CHLOROPHYLL,OWNTEMPO,LEAFGUARD,Grass,,Medium,75,168
LILLIGANT_1,1,Lilligant,,GRASS,FIGHTING,70,105,75,50,75,105,480,CHLOROPHYLL,HUSTLE,LEAFGUARD,Grass,,Medium,75,168
LILLIPUP,0,Lillipup,,NORMAL,,45,60,45,25,45,55,275,VITALSPIRIT,PICKUP,RUNAWAY,Field,,Parabolic,255,55
LINOONE,0,Linoone,,NORMAL,,78,70,61,50,61,100,420,PICKUP,GLUTTONY,QUICKFEET,Field,,Medium,90,147
LINOONE_1,1,Linoone,,DARK,NORMAL,78,70,61,50,61,100,420,PICKUP,GLUTTONY,QUICKFEET,Field,,Medium,90,147
LITLEO,0,Litleo,,FIRE,NORMAL,62,65,58,65,54,72,376,RIVALRY,UNNERVE,MOXIE,Field,,Parabolic,220,74
LITTEN,0,Litten,,FIRE,,45,65,40,60,40,70,320,BLAZE,,INTIMIDATE,Field,,Parabolic,45,64
LITWICK,0,Litwick,,GHOST,FIRE,50,30,55,65,55,20,275,FLASHFIRE,FLAMEBODY,INFILTRATOR,Amorphous,,Parabolic,190,55
LOKIX,0,Lokix,,BUG,DARK,71,102,78,52,55,92,450,SWARM,STRIKER,TINTEDLENS,Bug,,Medium,30,158
LOMBRE,0,Lombre,,WATER,GRASS,60,50,50,60,70,50,340,SWIFTSWIM,RAINDISH,OWNTEMPO,Water1,Grass,Parabolic,120,119
LOPUNNY,0,Lopunny,,NORMAL,,65,76,84,54,96,105,480,CUTECHARM,KLUTZ,LIMBER,Field,Humanlike,Medium,60,168
LOPUNNY_1,1,Lopunny,,NORMAL,FIGHTING,65,136,94,54,96,135,580,SCRAPPY,,SCRAPPY,Field,Humanlike,Medium,60,203
LOTAD,0,Lotad,,WATER,GRASS,40,30,30,40,50,30,220,SWIFTSWIM,RAINDISH,OWNTEMPO,Water1,Grass,Parabolic,255,44
LOUDRED,0,Loudred,,SOUND,,84,71,53,71,53,28,360,SOUNDPROOF,AMPLIFY,CACOPHONY,Monster,Field,Parabolic,120,126
LUCARIO,0,Lucario,,FIGHTING,STEEL,70,110,70,115,70,90,525,STEADFAST,INNERFOCUS,JUSTIFIED,Field,Humanlike,Parabolic,45,184
LUCARIOX,0,Lucario,,PSYCHIC,STEEL,85,140,112,145,108,90,680,SHACKLEDSOUL,,,Undiscovered,,Parabolic,45,194
LUCARIO_1,1,Lucario,,FIGHTING,STEEL,70,145,88,140,70,112,625,ADAPTABILITY,,ADAPTABILITY,Field,Humanlike,Parabolic,45,219
LUDICOLO,0,Ludicolo,,WATER,GRASS,80,70,70,90,100,70,480,SWIFTSWIM,RAINDISH,OWNTEMPO,Water1,Grass,Parabolic,45,240
LUGIA,0,Lugia,,PSYCHIC,FLYING,106,90,130,90,154,110,680,PRESSURE,,MULTISCALE,Undiscovered,,Slow,3,340
LUMINEON,0,Lumineon,,WATER,,69,69,76,69,86,91,460,SWIFTSWIM,STORMDRAIN,WATERVEIL,Water2,,Erratic,75,161
LUNALA,0,Lunala,,PSYCHIC,GHOST,137,113,89,137,107,97,680,SHADOWSHIELD,,,Undiscovered,,Slow,45,340
LUNATONE,0,Lunatone,,ROCK,PSYCHIC,90,55,65,95,85,70,460,LEVITATE,,,Mineral,,Fast,45,161
LURALUNG,0,Luralung,,DRAGON,FIGHTING,80,60,90,100,65,105,500,STURDY,SHIELDDUST,NOGUARD,Dragon,,Medium,75,168
LURANTIS,0,Lurantis,,GRASS,,70,105,90,80,90,45,480,LEAFGUARD,,CONTRARY,Grass,,Medium,75,168
LUVDISC,0,Luvdisc,,WATER,,43,30,55,40,65,97,330,SWIFTSWIM,,HYDRATION,Water2,,Fast,225,116
LUXFLON,0,WIP,,NORMAL,SOUND,1,1,1,1,1,1,6,RUNAWAY,,,Undiscovered,,Slow,1,100
LUXIO,0,Luxio,,ELECTRIC,,60,85,49,60,49,60,363,RIVALRY,INTIMIDATE,GUTS,Field,,Parabolic,120,127
LUXRAY,0,Luxray,,ELECTRIC,,80,120,80,70,80,95,525,RIVALRY,INTIMIDATE,GUTS,Field,,Parabolic,45,262
LYCANROC,0,Lycanroc,,ROCK,,75,115,65,55,65,112,487,KEENEYE,SANDRUSH,STEADFAST,Field,,Medium,90,170
LYCANROC_1,1,Lycanroc,,ROCK,,85,115,75,55,75,82,487,KEENEYE,VITALSPIRIT,NOGUARD,Field,,Medium,90,170
LYCANROC_2,2,Lycanroc,,ROCK,,75,117,65,55,65,110,487,TOUGHCLAWS,,TOUGHCLAWS,Field,,Medium,90,170
MABOSSTIFF,0,Mabosstiff,,DARK,,80,120,90,60,70,85,505,INTIMIDATE,GUARDDOG,STAKEOUT,Field,,Parabolic,75,177
MACHAMP,0,Machamp,,FIGHTING,,90,130,80,65,85,55,505,GUTS,NOGUARD,STEADFAST,Humanlike,,Parabolic,45,253
MACHOKE,0,Machoke,,FIGHTING,,80,100,70,50,60,45,405,GUTS,NOGUARD,STEADFAST,Humanlike,,Parabolic,90,142
MACHOP,0,Machop,,FIGHTING,,70,80,50,35,35,35,305,GUTS,NOGUARD,STEADFAST,Humanlike,,Parabolic,180,61
MADIEVAL,0,Madieval,,ROCK,FAIRY,100,95,122,54,95,40,506,LEVITATE,POWERSPOT,MYSTICFORCE,Mineral,Fairy,Erratic,45,100
MAGBY,0,Magby,,FIRE,,70,40,37,80,55,83,365,FLAMEBODY,,FLASHFIRE,Undiscovered,,Medium,45,73
MAGCARGO,0,Magcargo,,FIRE,ROCK,80,50,120,100,100,30,480,MAGMAARMOR,FLAMEBODY,WEAKARMOR,Amorphous,,Medium,75,151
MAGEARNA,0,Magearna,,STEEL,FAIRY,80,95,115,130,115,65,600,SOULHEART,,,Undiscovered,,Slow,3,300
MAGEARNA_1,1,Magearna,,STEEL,FAIRY,80,95,115,130,115,65,600,SOULHEART,,,Undiscovered,,Slow,3,300
MAGIKARP,0,Magikarp,,WATER,,20,10,55,15,20,80,200,SWIFTSWIM,,RATTLED,Water2,Dragon,Slow,255,40
MAGMAR,0,Magmar,,FIRE,,90,60,57,110,85,93,495,FLAMEBODY,,FLASHFIRE,Humanlike,,Medium,45,173
MAGMORTAR,0,Magmortar,,FIRE,,90,70,67,135,95,83,540,MAGMAARMOR,,MEGALAUNCHER,Humanlike,,Medium,30,270
MAGNEMITE,0,Magnemite,,ELECTRIC,STEEL,25,35,70,95,55,45,325,MAGNETPULL,STURDY,ANALYTIC,Mineral,,Medium,190,65
MAGNETON,0,Magneton,,ELECTRIC,STEEL,50,60,95,120,70,70,465,MAGNETPULL,STURDY,ANALYTIC,Mineral,,Medium,60,163
MAGNEZONE,0,Magnezone,,ELECTRIC,STEEL,70,70,115,130,90,60,535,MAGNETPULL,STURDY,ANALYTIC,Mineral,,Medium,30,268
MAKUHITA,0,Makuhita,,FIGHTING,,72,60,30,20,30,25,237,THICKFAT,GUTS,SHEERFORCE,Humanlike,,Fluctuating,180,47
MALAMAR,0,Malamar,,DARK,PSYCHIC,86,92,88,78,75,85,504,CONTRARY,SUCTIONCUPS,INFILTRATOR,Water1,Water2,Medium,80,169
MAMOSWINE,0,Mamoswine,,ICE,GROUND,110,130,80,70,60,80,530,OBLIVIOUS,SNOWCLOAK,THICKFAT,Field,,Slow,50,265
MANAPHY,0,Manaphy,,WATER,,100,100,100,100,100,100,600,HYDRATION,,,Water1,Fairy,Slow,3,300
MANDIBUZZ,0,Mandibuzz,,DARK,FLYING,110,65,105,55,95,80,510,BIGPECKS,OVERCOAT,WEAKARMOR,Flying,,Slow,60,179
MANECTRIC,0,Manectric,,ELECTRIC,,70,75,60,105,60,105,475,STATIC,LIGHTNINGROD,MINUS,Field,,Slow,45,166
MANECTRIC_1,1,Manectric,,ELECTRIC,,70,75,80,135,80,135,575,INTIMIDATE,,INTIMIDATE,Field,,Slow,45,201
MANKEY,0,Mankey,,FIGHTING,,40,80,35,35,45,70,305,VITALSPIRIT,ANGERPOINT,DEFIANT,Field,,Medium,190,61
MANTICOEUR,0,Manticoeur,,FAIRY,POISON,40,65,50,40,60,70,325,CUTECHARM,POISONPOINT,MOODY,Fairy,Field,Medium,190,64
MANTINE,0,Mantine,,WATER,FLYING,85,40,70,90,140,70,495,SWIFTSWIM,WATERABSORB,WATERVEIL,Water1,,Slow,25,170
MANTYKE,0,Mantyke,,WATER,FLYING,45,20,50,60,120,50,345,SWIFTSWIM,WATERABSORB,WATERVEIL,Undiscovered,,Slow,65,69
MARACTUS,0,Maractus,,GRASS,SOUND,75,99,67,109,67,68,485,STORMDRAIN,CHLOROPHYLL,DANCER,Grass,,Medium,255,161
MAREANIE,0,Mareanie,,POISON,WATER,50,53,62,43,52,45,305,MERCILESS,LIMBER,REGENERATOR,Water1,,Medium,190,61
MAREANIEX,0,WIP,,NORMAL,SOUND,1,1,1,1,1,1,6,RUNAWAY,,,Undiscovered,,Slow,1,100
MAREEP,0,Mareep,,ELECTRIC,,55,40,40,65,45,35,280,STATIC,,PLUS,Monster,Field,Parabolic,235,56
MARILL,0,Marill,,WATER,FAIRY,70,30,50,60,50,40,300,THICKFAT,HUGEPOWER,SAPSIPPER,Water1,Fairy,Fast,190,88
MAROWAK,0,Marowak,,GROUND,FIGHTING,60,80,110,50,80,45,425,ROCKHEAD,LIGHTNINGROD,BATTLEARMOR,Monster,,Medium,75,149
MAROWAK_1,1,Marowak,,FIRE,GHOST,60,80,110,50,80,45,425,TEMPOBOOST,LIGHTNINGROD,ROCKHEAD,Monster,,Medium,75,149
MARSHADOW,0,Marshadow,,FIGHTING,GHOST,90,125,80,90,90,125,600,TECHNICIAN,,,Undiscovered,,Slow,3,300
MARSHTOMP,0,Marshtomp,,WATER,GROUND,70,85,70,60,70,50,405,TORRENT,,DAMP,Monster,Water1,Parabolic,45,142
MASCHIFF,0,Maschiff,,DARK,,60,78,60,40,51,51,340,INTIMIDATE,RUNAWAY,STAKEOUT,Field,,Parabolic,150,68
MASGOT,0,Masgot,,BUG,FIRE,60,60,60,60,60,60,360,INTIMIDATE,OVERCOAT,DROUGHT,Bug,Field,Medium,200,100
MASGOT_1,1,Masgot,,BUG,GHOST,60,60,60,60,60,60,360,INTIMIDATE,OVERCOAT,SHADOWTAG,Bug,Field,Medium,200,100
MASGOT_10,10,Masgot,,BUG,POISON,60,60,60,60,60,60,360,INTIMIDATE,OVERCOAT,CAUSTICFUMES,Bug,Field,Medium,200,100
MASGOT_11,11,Masgot,,BUG,GROUND,60,60,60,60,60,60,360,INTIMIDATE,OVERCOAT,ARENATRAP,Bug,Field,Medium,200,100
MASGOT_12,12,Masgot,,BUG,STEEL,60,60,60,60,60,60,360,INTIMIDATE,OVERCOAT,FULLMETALBODY,Bug,Field,Medium,200,100
MASGOT_13,13,Masgot,,BUG,WATER,60,60,60,60,60,60,360,INTIMIDATE,OVERCOAT,DRIZZLE,Bug,Field,Medium,200,100
MASGOT_14,14,Masgot,,BUG,SOUND,60,60,60,60,60,60,360,INTIMIDATE,OVERCOAT,AMPLIFY,Bug,Field,Medium,200,100
MASGOT_15,15,Masgot,,BUG,PSYCHIC,60,60,60,60,60,60,360,INTIMIDATE,OVERCOAT,PSYCHICSURGE,Bug,Field,Medium,200,100
MASGOT_16,16,Masgot,,BUG,DRAGON,60,60,60,60,60,60,360,INTIMIDATE,OVERCOAT,MULTISCALE,Bug,Field,Medium,200,100
MASGOT_17,17,Masgot,,BUG,FAIRY,60,60,60,60,60,60,360,INTIMIDATE,OVERCOAT,MISTYSURGE,Bug,Field,Medium,200,100
MASGOT_2,2,Masgot,,BUG,ICE,60,60,60,60,60,60,360,INTIMIDATE,OVERCOAT,SNOWWARNING,Bug,Field,Medium,200,100
MASGOT_3,3,Masgot,,BUG,DARK,60,60,60,60,60,60,360,INTIMIDATE,OVERCOAT,PRANKSTER,Bug,Field,Medium,200,100
MASGOT_4,4,Masgot,,BUG,ELECTRIC,60,60,60,60,60,60,360,INTIMIDATE,OVERCOAT,ELECTRICSURGE,Bug,Field,Medium,200,100
MASGOT_5,5,Masgot,,BUG,FIGHTING,60,60,60,60,60,60,360,INTIMIDATE,OVERCOAT,HUGEPOWER,Bug,Field,Medium,200,100
MASGOT_6,6,Masgot,,BUG,FLYING,60,60,60,60,60,60,360,INTIMIDATE,OVERCOAT,GALEWINGS,Bug,Field,Medium,200,100
MASGOT_7,7,Masgot,,BUG,GRASS,60,60,60,60,60,60,360,INTIMIDATE,OVERCOAT,GRASSYSURGE,Bug,Field,Medium,200,100
MASGOT_8,8,Masgot,,BUG,ROCK,60,60,60,60,60,60,360,INTIMIDATE,OVERCOAT,SANDSTREAM,Bug,Field,Medium,200,100
MASGOT_9,9,Masgot,,BUG,NORMAL,60,60,60,60,60,60,360,INTIMIDATE,OVERCOAT,SILKSURGE,Bug,Field,Medium,200,100
MASQUERAIN,0,Masquerain,,BUG,WATER,80,60,62,100,82,80,464,INTIMIDATE,LEVITATE,DRIZZLE,Water1,Bug,Medium,75,159
MAUSHOLD,0,Maushold,,NORMAL,,74,75,70,65,75,111,470,FRIENDGUARD,CHEEKPOUCH,TECHNICIAN,Field,Fairy,Fast,75,165
MAUSHOLD_1,1,Maushold,,NORMAL,,74,75,70,65,75,111,470,FRIENDGUARD,CHEEKPOUCH,TECHNICIAN,Field,Fairy,Fast,75,165
MAWILE,0,Mawile,,STEEL,FAIRY,50,85,85,55,55,50,380,HYPERCUTTER,INTIMIDATE,SHEERFORCE,Field,Fairy,Fast,45,133
MAWILE_1,1,Mawile,,STEEL,FAIRY,50,105,125,55,95,50,480,HUGEPOWER,,HUGEPOWER,Field,Fairy,Fast,45,168
MEADRONE,0,Meadrone,,BUG,POISON,70,50,92,112,80,70,474,MEGALAUNCHER,,UNBURDEN,Bug,,Parabolic,45,166
MEDICHAM,0,Medicham,,FIGHTING,PSYCHIC,70,60,80,60,80,85,435,PUREPOWER,MYSTICFORCE,TELEPATHY,Humanlike,,Medium,90,144
MEDICHAM_1,1,Medicham,,FIGHTING,PSYCHIC,60,100,85,80,85,100,510,PUREPOWER,MYSTICFORCE,PUREPOWER,Humanlike,,Medium,90,179
MEDITITE,0,Meditite,,FIGHTING,PSYCHIC,30,40,55,40,55,60,280,PUREPOWER,MYSTICFORCE,TELEPATHY,Humanlike,,Medium,180,56
MEGANIUM,0,Meganium,,GRASS,,90,80,100,85,100,80,535,OVERGROW,,TRIAGE,Monster,Grass,Parabolic,45,263
MELMETAL,0,Melmetal,,STEEL,,135,143,143,80,65,34,600,IRONFIST,,,Undiscovered,,Slow,3,300
MELOETTA,0,Meloetta,,SOUND,PSYCHIC,100,77,77,128,128,90,600,SERENEGRACE,,,Undiscovered,,Slow,3,300
MELOETTA_1,1,Meloetta,,SOUND,FIGHTING,100,128,90,77,77,128,600,SERENEGRACE,,,Undiscovered,,Slow,3,300
MELTAN,0,Meltan,,STEEL,,46,65,65,55,35,34,300,MAGNETPULL,,,Undiscovered,,Slow,3,150
MEOWSCARADA,0,Meowscarada,,GRASS,DARK,76,110,70,81,70,123,530,OVERGROW,,PROTEAN,Field,Grass,Parabolic,45,265
MEOWSTIC,0,Meowstic,,PSYCHIC,,74,48,76,83,81,104,466,KEENEYE,INFILTRATOR,PRANKSTER,Field,,Medium,75,163
MEOWSTIC_1,1,Meowstic,,PSYCHIC,,74,48,76,83,81,104,466,KEENEYE,INFILTRATOR,COMPETITIVE,Field,,Medium,75,163
MEOWTH,0,Meowth,,NORMAL,,40,45,35,40,40,90,290,PICKUP,TECHNICIAN,UNNERVE,Field,,Medium,255,58
MEOWTH_1,1,Meowth,,PSYCHIC,,50,40,45,65,55,40,295,PICKUP,ANTICIPATION,UNNERVE,Field,,Medium,255,58
MEOWTH_2,2,Meowth,,DARK,,40,35,35,50,40,90,290,PICKUP,TECHNICIAN,RATTLED,Field,,Medium,255,58
MEOWTH_3,3,Meowth,,STEEL,,50,65,55,40,40,40,290,PICKUP,TOUGHCLAWS,UNNERVE,Field,,Medium,255,58
MESPRIT,0,Mesprit,,PSYCHIC,,80,105,105,105,105,80,580,LEVITATE,,,Undiscovered,,Slow,3,290
METAGROSS,0,Metagross,,STEEL,PSYCHIC,80,135,130,95,90,70,600,CLEARBODY,,LIGHTMETAL,Mineral,,Slow,3,300
METAGROSS_1,1,Metagross,,STEEL,PSYCHIC,95,145,130,120,90,120,700,TOUGHCLAWS,,TOUGHCLAWS,Mineral,,Slow,3,350
METANG,0,Metang,,STEEL,PSYCHIC,60,75,100,55,80,50,420,CLEARBODY,,LIGHTMETAL,Mineral,,Slow,3,147
METAPOD,0,Metapod,,BUG,,50,20,55,25,25,30,205,SHEDSKIN,,,Bug,,Medium,120,72
METAPODX,0,Metapod,,PSYCHIC,STEEL,85,140,112,145,108,90,680,SHACKLEDSOUL,,,Undiscovered,,Parabolic,45,194
MEW,0,Mew,,PSYCHIC,,100,100,100,100,100,100,600,SYNCHRONIZE,,,Undiscovered,,Parabolic,45,300
MEWTWO,0,Mewtwo,,PSYCHIC,,106,110,90,154,90,130,680,PRESSURE,,UNNERVE,Undiscovered,,Slow,3,340
MEWTWOX,0,WIP,,NORMAL,SOUND,1,1,1,1,1,1,6,RUNAWAY,,,Undiscovered,,Slow,1,100
MEWTWO_1,1,Mewtwo,,PSYCHIC,FIGHTING,106,190,100,154,100,130,780,STEADFAST,,STEADFAST,Undiscovered,,Slow,3,390
MEWTWO_2,2,Mewtwo,,PSYCHIC,,106,150,70,194,120,140,780,INSOMNIA,,INSOMNIA,Undiscovered,,Slow,3,390
MIENFOO,0,Mienfoo,,FIGHTING,,45,85,50,55,50,65,350,INNERFOCUS,REGENERATOR,RECKLESS,Field,Humanlike,Parabolic,180,70
MIENSHAO,0,Mienshao,,FIGHTING,,65,125,60,95,60,105,510,INNERFOCUS,REGENERATOR,RECKLESS,Field,Humanlike,Parabolic,45,179
MIGHTYENA,0,Mightyena,,DARK,,70,90,70,60,60,70,420,INTIMIDATE,QUICKFEET,MOXIE,Field,,Medium,127,147
MILCERY,0,Milcery,,FAIRY,,45,40,40,50,61,34,270,SWEETVEIL,,AROMAVEIL,Fairy,Amorphous,Medium,200,54
MILOTIC,0,Milotic,,WATER,,95,60,84,100,125,86,550,MARVELSCALE,COMPETITIVE,DAZZLING,Water1,Dragon,Erratic,60,189
MILTANK,0,Miltank,,NORMAL,,95,90,105,40,70,100,500,THICKFAT,SCRAPPY,SAPSIPPER,Field,,Slow,45,172
MIMEJR,0,Mime Jr.,,PSYCHIC,FAIRY,20,25,45,70,90,60,310,SOUNDPROOF,FILTER,TECHNICIAN,Undiscovered,,Medium,145,62
MIMIKYU,0,Mimikyu,,GHOST,FAIRY,55,90,80,50,105,96,476,DISGUISE,,,Amorphous,,Medium,45,167
MIMIKYU_1,1,Mimikyu,,GHOST,FAIRY,55,90,80,50,105,96,476,DISGUISE,,,Amorphous,,Medium,45,167
MINCCINO,0,Minccino,,NORMAL,,55,50,40,40,40,75,300,CUTECHARM,TECHNICIAN,SKILLLINK,Field,,Fast,255,60
MINIOR,0,Minior,,ROCK,FLYING,70,60,100,60,100,60,450,SHIELDSDOWN,,,Mineral,,Parabolic,30,154
MINIOR_10,10,Minior,,ROCK,FLYING,70,100,60,100,60,120,510,SHIELDSDOWN,,,Mineral,,Parabolic,30,175
MINIOR_11,11,Minior,,ROCK,FLYING,70,100,60,100,60,120,510,SHIELDSDOWN,,,Mineral,,Parabolic,30,175
MINIOR_12,12,Minior,,ROCK,FLYING,70,100,60,100,60,120,510,SHIELDSDOWN,,,Mineral,,Parabolic,30,175
MINIOR_13,13,Minior,,ROCK,FLYING,70,100,60,100,60,120,510,SHIELDSDOWN,,,Mineral,,Parabolic,30,175
MINIOR_7,7,Minior,,ROCK,FLYING,70,100,60,100,60,120,510,SHIELDSDOWN,,,Mineral,,Parabolic,30,175
MINIOR_8,8,Minior,,ROCK,FLYING,70,100,60,100,60,120,510,SHIELDSDOWN,,,Mineral,,Parabolic,30,175
MINIOR_9,9,Minior,,ROCK,FLYING,70,100,60,100,60,120,510,SHIELDSDOWN,,,Mineral,,Parabolic,30,175
MINUN,0,Minun,,ELECTRIC,,60,40,50,75,85,95,405,MINUS,,VOLTABSORB,Fairy,,Medium,200,142
MIRAIDON,0,Miraidon,,ELECTRIC,DRAGON,100,85,100,135,115,135,670,HADRONENGINE,,,Undiscovered,,Slow,3,335
MISDREAVUS,0,Misdreavus,,GHOST,,60,60,60,85,85,85,435,LEVITATE,,,Amorphous,,Fast,45,87
MISMAGIUS,0,Mismagius,,GHOST,,60,60,60,105,105,105,495,LEVITATE,,,Amorphous,,Fast,45,173
MOLTRES,0,Moltres,,FIRE,FLYING,90,100,90,125,85,90,580,PRESSURE,,FLAMEBODY,Undiscovered,,Slow,3,290
MOLTRES_1,1,Moltres,,DARK,FLYING,90,85,90,100,125,90,580,BERSERK,,BERSERK,Undiscovered,,Slow,3,290
MONFERNO,0,Monferno,,FIRE,FIGHTING,64,78,52,78,52,81,405,BLAZE,,IRONFIST,Field,Humanlike,Parabolic,45,142
MORELULL,0,Morelull,,GRASS,FAIRY,40,35,55,65,75,15,285,ILLUMINATE,EFFECTSPORE,RAINDISH,Grass,,Medium,190,57
MORGREM,0,Morgrem,,DARK,FAIRY,65,60,45,75,55,70,370,PRANKSTER,FRISK,PICKPOCKET,Fairy,Humanlike,Medium,120,130
MORPEKO,0,Morpeko,,ELECTRIC,DARK,58,95,58,70,58,97,436,HUNGERSWITCH,,,Field,Fairy,Medium,180,153
MORPEKO_1,1,Morpeko,,ELECTRIC,DARK,58,95,58,70,58,97,436,HUNGERSWITCH,,,Field,Fairy,Medium,180,153
MOTHIM,0,Mothim,,BUG,FLYING,70,94,50,94,50,66,424,SWARM,,TINTEDLENS,Bug,,Medium,45,148
MRMIME,0,Mr. Mime,,PSYCHIC,FAIRY,40,45,65,100,120,90,460,SOUNDPROOF,FILTER,TECHNICIAN,Humanlike,,Medium,45,161
MRMIME_1,1,Mr. Mime,,ICE,PSYCHIC,50,65,65,90,90,100,460,VITALSPIRIT,SCREENCLEANER,ICEBODY,Humanlike,,Medium,45,161
MRRIME,0,Mr. Rime,,ICE,PSYCHIC,80,85,75,110,100,70,520,TANGLEDFEET,SCREENCLEANER,ICEBODY,Humanlike,,Medium,45,182
MUDBRAY,0,Mudbray,,GROUND,,70,100,70,45,55,45,385,OWNTEMPO,STAMINA,INNERFOCUS,Field,,Medium,190,77
MUDKIP,0,Mudkip,,WATER,,50,70,50,50,50,40,310,TORRENT,,DAMP,Monster,Water1,Parabolic,45,62
MUDSDALE,0,Mudsdale,,GROUND,,100,125,100,55,85,35,500,OWNTEMPO,STAMINA,INNERFOCUS,Field,,Medium,60,175
MUK,0,Muk,,POISON,,105,65,75,105,100,50,500,REGENERATOR,STICKYHOLD,OBLIVIOUS,Amorphous,,Medium,75,175
MUK_1,1,Muk,,POISON,DARK,105,105,75,65,100,50,500,POISONTOUCH,GLUTTONY,POWEROFALCHEMY,Amorphous,,Medium,75,175
MUNCHLAX,0,Munchlax,,NORMAL,,135,85,40,40,85,5,390,PICKUP,THICKFAT,GLUTTONY,Undiscovered,,Slow,50,78
MUNKIDORI,0,Munkidori,,POISON,PSYCHIC,88,75,66,130,90,106,555,TOXICCHAIN,,FRISK,Undiscovered,,Slow,3,278
MUNNA,0,Munna,,PSYCHIC,,76,25,45,67,55,24,292,FOREWARN,SYNCHRONIZE,TELEPATHY,Field,,Fast,190,58
MURKROW,0,Murkrow,,DARK,FLYING,60,85,42,85,42,91,405,INSOMNIA,SUPERLUCK,PRANKSTER,Flying,,Parabolic,30,81
MUSHARNA,0,Musharna,,PSYCHIC,,116,55,85,107,95,29,487,FOREWARN,SYNCHRONIZE,TELEPATHY,Field,,Fast,75,170
MYLOMUTE,0,Mylomute,,NORMAL,ICE,85,100,85,90,85,110,555,INNERFOCUS,SNOWCLOAK,SNOWWARNING,Field,,Parabolic,225,56
NACLI,0,Nacli,,ROCK,,55,55,75,35,35,25,280,PURIFYINGSALT,STURDY,CLEARBODY,Mineral,,Parabolic,255,56
NACLSTACK,0,Naclstack,,ROCK,,60,60,100,35,65,35,355,PURIFYINGSALT,STURDY,CLEARBODY,Mineral,,Parabolic,120,124
NAGANADEL,0,Naganadel,,POISON,DRAGON,73,73,73,127,73,121,540,BEASTBOOST,,,Undiscovered,,Slow,45,270
NATU,0,Natu,,PSYCHIC,FLYING,60,30,65,70,45,70,340,SYNCHRONIZE,EARLYBIRD,MAGICBOUNCE,Flying,,Medium,190,64
NAWYVERN,0,Nawyvern,,PSYCHIC,STEEL,85,140,112,145,108,90,680,SHACKLEDSOUL,,,Undiscovered,,Parabolic,45,194
NEBYURA,0,Nebyura,,ROCK,PSYCHIC,95,50,100,100,100,50,495,LEVITATE,,SUBZERO,Amorphous,Water2,Medium,45,181
NECROZMA,0,Necrozma,,PSYCHIC,,97,107,101,127,89,79,600,PRISMARMOR,,,Undiscovered,,Slow,255,300
NECROZMA_1,1,Necrozma,,PSYCHIC,STEEL,97,157,127,113,109,77,680,PRISMARMOR,,,Undiscovered,,Slow,255,340
NECROZMA_2,2,Necrozma,,PSYCHIC,GHOST,97,113,109,157,127,77,680,PRISMARMOR,,,Undiscovered,,Slow,255,340
NECROZMA_3,3,Necrozma,,PSYCHIC,DRAGON,97,167,97,167,97,129,754,NEUROFORCE,,,Undiscovered,,Slow,255,377
NECROZMA_4,4,Necrozma,,PSYCHIC,DRAGON,97,167,97,167,97,129,754,NEUROFORCE,,,Undiscovered,,Slow,255,377
NEKOLAUS,0,Nekolaus,,ICE,GHOST,78,102,75,57,100,108,520,MAGICGUARD,HUSTLE,PIXILATE,Water1,Field,Fast,85,125
NICKIT,0,Nickit,,DARK,,40,28,28,47,52,50,245,RUNAWAY,UNBURDEN,STAKEOUT,Field,,Fast,255,49
NIDOKING,0,Nidoking,,POISON,GROUND,81,102,77,85,75,85,505,POISONPOINT,RIVALRY,SHEERFORCE,Monster,Field,Parabolic,45,253
NIDOQUEEN,0,Nidoqueen,,POISON,GROUND,90,92,87,75,85,76,505,POISONPOINT,RIVALRY,SHEERFORCE,Monster,Field,Parabolic,45,253
NIDORANfE,0,Nidoran♀,,POISON,,55,47,52,40,40,41,275,POISONPOINT,RIVALRY,HUSTLE,Monster,Field,Parabolic,235,55
NIDORANmA,0,Nidoran♂,,POISON,,46,57,40,40,40,50,273,POISONPOINT,RIVALRY,HUSTLE,Monster,Field,Parabolic,235,55
NIDORINA,0,Nidorina,,POISON,,70,62,67,55,55,56,365,POISONPOINT,RIVALRY,HUSTLE,Monster,Field,Parabolic,120,128
NIDORINO,0,Nidorino,,POISON,,61,72,57,55,55,65,365,POISONPOINT,RIVALRY,HUSTLE,Monster,Field,Parabolic,120,128
NIHILEGO,0,Nihilego,,ROCK,POISON,109,53,47,127,131,103,570,BEASTBOOST,,,Undiscovered,,Slow,45,285
NINCADA,0,Nincada,,BUG,GROUND,31,45,90,30,30,40,266,COMPOUNDEYES,,RUNAWAY,Bug,,Erratic,255,53
NINETALES,0,Ninetales,,FIRE,FAIRY,73,67,75,90,100,100,505,DROUGHT,FLASHFIRE,ILLUSION,Field,,Medium,75,177
NINETALES_1,1,Ninetales,,ICE,FAIRY,73,67,75,81,100,109,505,SNOWWARNING,SNOWCLOAK,ILLUSION,Field,,Medium,75,177
NINJASK,0,Ninjask,,BUG,FLYING,61,90,45,50,50,160,456,SPEEDBOOST,,INFILTRATOR,Bug,,Erratic,120,160
NOCTOWL,0,Noctowl,,PSYCHIC,FLYING,100,50,70,96,106,50,472,INSOMNIA,KEENEYE,TINTEDLENS,Flying,,Medium,90,158
NOIBAT,0,Noibat,,SOUND,FLYING,40,30,35,45,40,55,245,FRISK,INFILTRATOR,TELEPATHY,Flying,Dragon,Medium,190,49
NOIVERN,0,Noivern,,SOUND,DRAGON,85,70,80,97,80,123,535,LEVITATE,INFILTRATOR,TELEPATHY,Flying,Dragon,Medium,45,187
NOSEPASS,0,Nosepass,,ROCK,,60,30,105,75,90,15,375,STURDY,MAGNETPULL,GALVANIZE,Mineral,,Medium,255,75
NUMEL,0,Numel,,FIRE,GROUND,60,40,40,85,45,35,305,OBLIVIOUS,SIMPLE,OWNTEMPO,Field,,Medium,255,61
NUNVIL,0,Nunvil,,GHOST,FAIRY,40,30,67,65,65,33,300,ANTICIPATION,,LEVITATE,Amorphous,Fairy,Medium,225,68
NUZLEAF,0,Nuzleaf,,GRASS,DARK,70,70,40,60,40,60,340,CHLOROPHYLL,EARLYBIRD,PICKPOCKET,Field,Grass,Parabolic,120,119
NYMBLE,0,Nymble,,BUG,,33,46,40,21,25,45,210,SWARM,STRIKER,TINTEDLENS,Bug,,Medium,190,42
OBSTAGOON,0,Obstagoon,,DARK,NORMAL,93,90,101,60,81,95,520,RECKLESS,GUTS,DEFIANT,Field,,Medium,45,260
OCTILLERY,0,Octillery,,WATER,,95,105,90,105,90,25,510,MEGALAUNCHER,SNIPER,SKILLLINK,Water1,Water2,Medium,75,168
ODDISH,0,Oddish,,GRASS,POISON,45,50,55,75,65,30,320,CHLOROPHYLL,AROMAVEIL,RUNAWAY,Grass,,Parabolic,255,64
OGERPON,0,Ogerpon,,GRASS,,80,120,84,60,96,110,550,DEFIANT,,,Undiscovered,,Slow,5,275
OGERPON_1,1,Ogerpon,,GRASS,WATER,80,120,84,60,96,110,550,WATERABSORB,,,Undiscovered,,Slow,5,275
OGERPON_10,10,Ogerpon,,GRASS,FIRE,80,120,84,60,96,110,550,EMBODYASPECT_2,,,Undiscovered,,Slow,5,275
OGERPON_11,11,Ogerpon,,GRASS,ROCK,80,120,84,60,96,110,550,EMBODYASPECT_3,,,Undiscovered,,Slow,5,275
OGERPON_2,2,Ogerpon,,GRASS,FIRE,80,120,84,60,96,110,550,MOLDBREAKER,,,Undiscovered,,Slow,5,275
OGERPON_3,3,Ogerpon,,GRASS,ROCK,80,120,84,60,96,110,550,STURDY,,,Undiscovered,,Slow,5,275
OGERPON_4,4,Ogerpon,,GRASS,,80,120,84,60,96,110,550,DEFIANT,,,Undiscovered,,Slow,5,275
OGERPON_5,5,Ogerpon,,GRASS,WATER,80,120,84,60,96,110,550,WATERABSORB,,,Undiscovered,,Slow,5,275
OGERPON_6,6,Ogerpon,,GRASS,FIRE,80,120,84,60,96,110,550,MOLDBREAKER,,,Undiscovered,,Slow,5,275
OGERPON_7,7,Ogerpon,,GRASS,ROCK,80,120,84,60,96,110,550,STURDY,,,Undiscovered,,Slow,5,275
OGERPON_8,8,Ogerpon,,GRASS,,80,120,84,60,96,110,550,EMBODYASPECT,,,Undiscovered,,Slow,5,275
OGERPON_9,9,Ogerpon,,GRASS,WATER,80,120,84,60,96,110,550,EMBODYASPECT_1,,,Undiscovered,,Slow,5,275
OINKOLOGNE,0,Oinkologne,,NORMAL,,110,100,75,59,80,65,489,LINGERINGAROMA,GLUTTONY,THICKFAT,Field,,Medium,100,171
OINKOLOGNE_1,1,Oinkologne,,NORMAL,,115,90,70,59,90,65,489,AROMAVEIL,GLUTTONY,THICKFAT,Field,,Medium,100,171
OKIDOGI,0,Okidogi,,POISON,FIGHTING,88,128,115,58,86,80,555,TOXICCHAIN,,GUARDDOG,Undiscovered,,Slow,3,278
OMANYTE,0,Omanyte,,ROCK,WATER,35,40,100,90,55,35,355,SWIFTSWIM,SHELLARMOR,WEAKARMOR,Water1,Water3,Medium,45,71
OMASTAR,0,Omastar,,ROCK,WATER,70,60,125,115,70,55,495,SWIFTSWIM,SHELLARMOR,WEAKARMOR,Water1,Water3,Medium,45,173
ONIX,0,Onix,,ROCK,GROUND,50,60,150,30,45,65,400,ROCKHEAD,STURDY,WEAKARMOR,Mineral,,Medium,65,77
ORANGURU,0,Oranguru,,NORMAL,PSYCHIC,90,60,80,90,110,60,490,INNERFOCUS,TELEPATHY,SYMBIOSIS,Field,,Slow,45,172
ORBEETLE,0,Orbeetle,,BUG,PSYCHIC,60,45,110,80,120,90,505,SWARM,FRISK,TELEPATHY,Bug,,Medium,45,253
ORICORIO,0,Oricorio,,FIRE,FLYING,75,70,70,98,70,93,476,DANCER,,SPEEDBOOST,Flying,,Medium,45,167
ORICORIO_1,1,Oricorio,,ELECTRIC,FLYING,75,70,70,98,70,93,476,DANCER,,TEMPOBOOST,Flying,,Medium,45,167
ORICORIO_2,2,Oricorio,,PSYCHIC,FLYING,75,70,70,98,70,93,476,DANCER,,UNAWARE,Flying,,Medium,45,167
ORICORIO_3,3,Oricorio,,GHOST,FLYING,75,70,70,98,70,93,476,DANCER,,PASTELVEIL,Flying,,Medium,45,167
ORTHWORM,0,Orthworm,,STEEL,,70,85,145,60,55,65,480,EARTHEATER,,SANDVEIL,Field,,Slow,25,240
OSHAWOTT,0,Oshawott,,WATER,,55,55,45,63,45,45,308,TORRENT,,SHELLARMOR,Field,,Parabolic,45,62
OVERQWIL,0,Overqwil,,DARK,POISON,105,115,95,65,75,55,510,POISONTOUCH,PRESSURIZE,DISHEARTEN,Water2,,Medium,45,179
PACHIRISU,0,Pachirisu,,ELECTRIC,,60,45,70,45,90,95,405,RUNAWAY,PICKUP,VOLTABSORB,Field,Fairy,Medium,200,142
PALAFIN,0,Palafin,,WATER,,100,70,72,53,62,100,457,ZEROTOHERO,,,Field,Water2,Slow,45,160
PALAFIN_1,1,Palafin,,WATER,,100,160,97,106,87,100,650,ZEROTOHERO,,,Field,Water2,Slow,45,228
PALKIA,0,Palkia,,WATER,DRAGON,90,120,100,150,120,100,680,PRESSURE,,TELEPATHY,Undiscovered,,Slow,3,340
PALKIA_1,1,Palkia,,WATER,DRAGON,90,100,100,150,120,120,680,PRESSURE,,TELEPATHY,Undiscovered,,Slow,3,340
PALOSSAND,0,Palossand,,GHOST,GROUND,85,75,110,100,75,35,480,WATERCOMPACTION,,SANDVEIL,Amorphous,,Medium,60,168
PALPITOAD,0,Palpitoad,,WATER,SOUND,75,65,55,65,55,69,384,SWIFTSWIM,AMPLIFY,WATERABSORB,Water1,,Parabolic,120,134
PANCHAM,0,Pancham,,FIGHTING,,67,82,62,46,48,43,348,IRONFIST,MOLDBREAKER,SCRAPPY,Field,Humanlike,Medium,220,70
PANGORO,0,Pangoro,,FIGHTING,DARK,95,124,78,69,71,58,495,IRONFIST,MOLDBREAKER,SCRAPPY,Field,Humanlike,Medium,65,173
PANGSHI,0,Pangshi,,NORMAL,GHOST,110,95,70,40,85,50,450,TAGCURSE,,SHADOWTAG,Amorphous,Mineral,Fast,75,130
PANPOUR,0,Panpour,,WATER,,50,53,48,53,48,64,316,GLUTTONY,,TORRENT,Field,,Medium,190,63
PANSAGE,0,Pansage,,GRASS,,50,53,48,53,48,64,316,GLUTTONY,,OVERGROW,Field,,Medium,190,63
PANSEAR,0,Pansear,,FIRE,,50,53,48,53,48,64,316,GLUTTONY,,BLAZE,Field,,Medium,190,63
PARA,0,WIP,,NORMAL,SOUND,1,1,1,1,1,1,6,RUNAWAY,,,Undiscovered,,Slow,1,100
PARAS,0,Paras,,BUG,GRASS,35,70,55,45,55,25,285,EFFECTSPORE,DRYSKIN,DAMP,Bug,Grass,Medium,190,57
PARASECT,0,Parasect,,BUG,GRASS,60,95,80,60,80,30,405,EFFECTSPORE,DRYSKIN,DAMP,Bug,Grass,Medium,75,142
PASSIMIAN,0,Passimian,,FIGHTING,,100,120,90,40,60,80,490,RECEIVER,,DEFIANT,Field,,Slow,45,172
PATRAT,0,Patrat,,NORMAL,,45,55,39,35,39,42,255,RUNAWAY,KEENEYE,ANALYTIC,Field,,Medium,255,51
PAWMI,0,Pawmi,,ELECTRIC,,45,50,20,40,25,60,240,STATIC,NATURALCURE,IRONFIST,Field,,Medium,190,48
PAWMO,0,Pawmo,,ELECTRIC,FIGHTING,60,75,40,50,40,85,350,VOLTABSORB,NATURALCURE,IRONFIST,Field,,Medium,80,123
PAWMOT,0,Pawmot,,ELECTRIC,FIGHTING,70,115,70,70,60,105,490,VOLTABSORB,NATURALCURE,IRONFIST,Field,,Medium,45,245
PAWNIARD,0,Pawniard,,DARK,STEEL,45,85,70,40,40,60,340,DEFIANT,INNERFOCUS,DISHEARTEN,Humanlike,,Medium,120,68
PECHARUNT,0,Pecharunt,,POISON,GHOST,88,88,160,88,88,88,600,POISONPUPPETEER,,,Undiscovered,,Slow,3,300
PECKABONE,0,Peckabone,,GROUND,DARK,60,70,60,50,55,60,355,PICKPOCKET,,SANDVEIL,Flying,Field,Slow,120,117
PELIPPER,0,Pelipper,,WATER,FLYING,80,50,100,95,70,65,460,KEENEYE,DRIZZLE,RAINDISH,Water1,Flying,Medium,45,154
PEPEQUENO,0,Pepequeno,,GRASS,FIRE,40,50,44,60,47,66,307,FLAMEBODY,,DROUGHT,Grass,Dragon,Medium,190,63
PERRSERKER,0,Perrserker,,STEEL,,70,110,100,50,60,50,440,BATTLEARMOR,TOUGHCLAWS,STEELYSPIRIT,Field,,Medium,90,154
PERSAGE,0,Persage,,PSYCHIC,,80,50,70,110,100,50,460,PICKUP,MAGICGUARD,PSYCHICSURGE,Undiscovered,,Medium,255,100
PERSIAN,0,Persian,,NORMAL,,65,70,60,65,65,115,440,LIMBER,TECHNICIAN,UNNERVE,Field,,Medium,90,154
PERSIAN_1,1,Persian,,DARK,,65,60,60,75,65,115,440,FURCOAT,TECHNICIAN,RATTLED,Field,,Medium,90,154
PETILIL,0,Petilil,,GRASS,,45,35,50,70,50,30,280,CHLOROPHYLL,OWNTEMPO,LEAFGUARD,Grass,,Medium,190,56
PHANPY,0,Phanpy,,GROUND,,90,60,60,30,40,50,330,PICKUP,SANDVEIL,SPEEDBOOST,Field,,Medium,120,66
PHANTUMP,0,Phantump,,GHOST,GRASS,43,70,60,50,60,38,321,NATURALCURE,FRISK,HARVEST,Grass,Amorphous,Medium,120,62
PHEROMOSA,0,Pheromosa,,BUG,FIGHTING,71,137,37,137,37,151,570,BEASTBOOST,,,Undiscovered,,Slow,45,285
PHIONE,0,Phione,,WATER,,80,80,80,80,80,80,480,HYDRATION,,,Water1,Fairy,Slow,30,240
PICHU,0,Pichu,,ELECTRIC,,20,40,15,35,35,60,205,STATIC,LIGHTNINGROD,ADAPTABILITY,Undiscovered,,Medium,190,41
PICHUV,0,Pichu,,ELECTRIC,,20,40,15,35,35,60,205,STATIC,,LIGHTNINGROD,Undiscovered,,Medium,190,41
PICHU_2,2,Pichu,,ELECTRIC,,20,40,15,35,35,60,205,STATIC,LIGHTNINGROD,ADAPTABILITY,Undiscovered,,Medium,190,41
PIDGEOT,0,Pidgeot,,NORMAL,FLYING,83,80,75,70,70,101,479,KEENEYE,TANGLEDFEET,BIGPECKS,Flying,,Parabolic,45,240
PIDGEOTTO,0,Pidgeotto,,NORMAL,FLYING,63,60,55,50,50,71,349,KEENEYE,TANGLEDFEET,BIGPECKS,Flying,,Parabolic,120,122
PIDGEOT_1,1,Pidgeot,,NORMAL,FLYING,83,80,80,135,80,121,579,NOGUARD,,NOGUARD,Flying,,Parabolic,45,290
PIDGEY,0,Pidgey,,NORMAL,FLYING,40,45,40,35,35,56,251,KEENEYE,TANGLEDFEET,BIGPECKS,Flying,,Parabolic,255,50
PIDOVE,0,Pidove,,NORMAL,FLYING,50,55,50,36,30,43,264,BIGPECKS,SUPERLUCK,RIVALRY,Flying,,Parabolic,255,53
PIGNITE,0,Pignite,,FIRE,FIGHTING,90,93,55,70,55,55,418,BLAZE,,THICKFAT,Field,,Parabolic,45,146
PIKACHU,0,Pikachu,,ELECTRIC,,35,55,40,50,50,90,320,STATIC,LIGHTNINGROD,ADAPTABILITY,Field,Fairy,Medium,190,112
PIKACHUV,0,Pikachu,,ELECTRIC,,35,55,40,50,50,90,320,STATIC,,LIGHTNINGROD,Field,Fairy,Medium,190,112
PIKACHUX,0,Pikachu,,SOUND,,85,40,65,85,65,90,430,FRIENDGUARD,,,Xenoverse,,Medium,65,105
PIKACHUX_1,1,Pikachu,,FAIRY,,85,40,65,85,65,90,430,FRIENDGUARD,,,Xenoverse,,Medium,65,105
PIKIPEK,0,Pikipek,,NORMAL,FLYING,35,75,30,30,30,65,265,KEENEYE,SKILLLINK,PICKUP,Flying,,Medium,255,53
PILOSWINE,0,Piloswine,,ICE,GROUND,100,100,80,60,60,50,450,OBLIVIOUS,SNOWCLOAK,THICKFAT,Field,,Slow,75,158
PINCURCHIN,0,Pincurchin,,ELECTRIC,,48,101,95,91,85,15,435,LIGHTNINGROD,,ELECTRICSURGE,Water1,Amorphous,Medium,75,152
PINECO,0,Pineco,,BUG,,50,65,90,35,35,15,290,STURDY,,OVERCOAT,Bug,,Medium,190,58
PINSIR,0,Pinsir,,BUG,,65,125,100,55,70,85,500,HYPERCUTTER,MOLDBREAKER,MOXIE,Bug,,Slow,45,175
PINSIR_1,1,Pinsir,,BUG,FLYING,65,155,120,65,90,105,600,AERILATE,,AERILATE,Bug,,Slow,45,210
PIPLUP,0,Piplup,,WATER,,53,51,53,61,56,40,314,TORRENT,,DEFIANT,Water1,Field,Parabolic,45,63
PLUSLE,0,Plusle,,ELECTRIC,,60,50,40,85,75,95,405,PLUS,,LIGHTNINGROD,Fairy,,Medium,200,142
POIPOLE,0,Poipole,,POISON,,67,73,67,73,67,73,420,BEASTBOOST,,,Undiscovered,,Slow,45,210
POLITOED,0,Politoed,,WATER,SOUND,95,75,75,95,100,80,520,WATERABSORB,SYNTHESIZER,DRIZZLE,Water1,,Parabolic,45,250
POLIWAG,0,Poliwag,,WATER,,40,50,50,40,40,80,300,WATERABSORB,DAMP,SWIFTSWIM,Water1,,Parabolic,255,60
POLIWHIRL,0,Poliwhirl,,WATER,,65,65,65,60,50,80,385,WATERABSORB,DAMP,SWIFTSWIM,Water1,,Parabolic,120,135
POLIWRATH,0,Poliwrath,,WATER,FIGHTING,90,105,95,60,90,80,520,WATERABSORB,DAMP,SWIFTSWIM,Water1,,Parabolic,45,255
POLTCHAGEIST,0,Poltchageist,,GRASS,GHOST,40,45,45,74,54,50,308,HOSPITALITY,,HEATPROOF,Mineral,Amorphous,Medium,120,62
POLTCHAGEIST_1,1,Poltchageist,,GRASS,GHOST,40,45,45,74,54,50,308,HOSPITALITY,,HEATPROOF,Mineral,Amorphous,Medium,120,62
POLTEAGEIST,0,Polteageist,,GHOST,,60,65,65,134,114,70,508,WEAKARMOR,,CURSEDBODY,Mineral,Amorphous,Medium,60,178
POLTEAGEIST_1,1,Polteageist,,GHOST,,60,65,65,134,114,70,508,WEAKARMOR,,CURSEDBODY,Mineral,Amorphous,Medium,60,178
PONYTA,0,Ponyta,,FIRE,,50,85,55,50,65,105,410,RUNAWAY,FLASHFIRE,RECKLESS,Field,,Medium,190,82
PONYTAX,0,Ponyta,,FLYING,,50,75,55,75,55,100,410,CLOUDNINE,RATTLED,,Xenoverse,,Medium,100,82
PONYTA_1,1,Ponyta,,PSYCHIC,,50,85,55,50,65,105,410,RUNAWAY,PASTELVEIL,HEALER,Field,,Medium,190,82
POOCHYENA,0,Poochyena,,DARK,,35,55,35,30,30,35,220,RUNAWAY,QUICKFEET,RATTLED,Field,,Medium,255,56
POPPLIO,0,Popplio,,WATER,,50,54,54,66,56,40,320,TORRENT,,LIQUIDVOICE,Water1,Field,Parabolic,45,64
PORYGON,0,Porygon,,NORMAL,,65,60,70,85,75,40,395,TRACE,DOWNLOAD,ANALYTIC,Mineral,,Medium,45,79
PORYGON2,0,Porygon2,,NORMAL,,85,80,90,105,95,60,515,TRACE,DOWNLOAD,ANALYTIC,Mineral,,Medium,45,180
PORYGONWES,0,Porygon-WES,,NORMAL,SOUND,90,60,80,105,85,115,535,TRACE,MAGICGUARD,REVERB,Undiscovered,,Medium,1,100
PORYGONZ,0,Porygon-Z,,NORMAL,,85,80,70,135,75,90,535,ADAPTABILITY,DOWNLOAD,ANALYTIC,Mineral,,Medium,30,268
PRIMARINA,0,Primarina,,WATER,FAIRY,80,74,74,126,116,60,530,TORRENT,,LIQUIDVOICE,Water1,Field,Parabolic,45,265
PRIMEAPE,0,Primeape,,FIGHTING,,65,105,60,60,70,95,455,VITALSPIRIT,ANGERPOINT,DEFIANT,Field,,Medium,75,159
PRINPLUP,0,Prinplup,,WATER,,64,66,68,81,76,50,405,TORRENT,,DEFIANT,Water1,Field,Parabolic,45,142
PROBOPASS,0,Probopass,,ROCK,STEEL,80,45,130,105,135,30,525,LEVITATE,MAGNETPULL,GALVANIZE,Mineral,,Medium,60,184
PSYDUCK,0,Psyduck,,WATER,,50,52,48,65,50,55,320,DAMP,CLOUDNINE,SWIFTSWIM,Water1,Field,Medium,190,64
PUDDI,0,WIP,,NORMAL,SOUND,1,1,1,1,1,1,6,RUNAWAY,,,Undiscovered,,Slow,1,100
PUMPKABOO,0,Pumpkaboo,,GHOST,GRASS,44,66,70,44,55,56,335,PICKUP,FRISK,,Amorphous,,Medium,120,67
PUMPKABOO_1,1,Pumpkaboo,,GHOST,GRASS,49,66,70,44,55,51,335,PICKUP,FRISK,INSOMNIA,Amorphous,,Medium,120,67
PUMPKABOO_2,2,Pumpkaboo,,GHOST,GRASS,54,66,70,44,55,46,335,PICKUP,FRISK,,Amorphous,,Medium,120,67
PUMPKABOO_3,3,Pumpkaboo,,GHOST,GRASS,59,66,70,44,55,41,335,PICKUP,FRISK,INSOMNIA,Amorphous,,Medium,120,67
PUNCHBUG,0,Punchbug,,BUG,FIGHTING,60,73,85,38,64,15,335,THICKFAT,BATTLEARMOR,NOGUARD,Bug,,Medium,120,130
PUPITAR,0,Pupitar,,ROCK,GROUND,70,84,70,65,70,51,410,SHEDSKIN,,SANDVEIL,Monster,,Slow,45,144
PUPPILLON,0,Puppillon,,DARK,PSYCHIC,30,70,50,30,60,50,290,FRISK,,SHADOWTAG,Amorphous,Humanlike,Medium,190,68
PURRLOIN,0,Purrloin,,DARK,,41,50,37,50,37,66,281,LIMBER,UNBURDEN,PRANKSTER,Field,,Medium,255,56
PURRPOND,0,Purrpond,,WATER,POISON,41,50,37,50,37,66,281,OVERCOAT,STATIC,PRANKSTER,Water1,,Medium,255,56
PURUGLY,0,Purugly,,NORMAL,,71,82,64,64,59,112,452,THICKFAT,OWNTEMPO,DEFIANT,Field,,Fast,75,158
PYROAR,0,Pyroar,,FIRE,SOUND,86,68,72,109,66,106,507,RIVALRY,AMPLIFY,MAJESTICAURA,Field,,Parabolic,65,177
PYROAR_1,1,Pyroar,,FIRE,NORMAL,86,109,72,68,66,106,507,RIVALRY,MOXIE,QUEENLYMAJESTY,Field,,Parabolic,65,177
PYUKUMUKU,0,Pyukumuku,,WATER,,70,60,130,30,130,5,425,INNARDSOUT,,SIMPLE,Water1,,Fast,60,144
PYUKUMUKUX,0,Pyukumuku,,FIGHTING,,65,130,60,10,30,130,425,IRONFIST,,STURDY,Xenoverse,,Fast,45,161
QUAGSIRE,0,Quagsire,,WATER,GROUND,100,85,90,80,65,35,455,DAMP,WATERABSORB,UNAWARE,Water1,Field,Medium,90,151
QUAQUAVAL,0,Quaquaval,,WATER,FIGHTING,85,120,80,85,75,85,530,TORRENT,,MOXIE,Flying,Water1,Parabolic,45,265
QUAXLY,0,Quaxly,,WATER,,55,65,45,50,45,50,310,TORRENT,,MOXIE,Flying,Water1,Parabolic,45,62
QUAXWELL,0,Quaxwell,,WATER,,70,85,65,65,60,65,410,TORRENT,,MOXIE,Flying,Water1,Parabolic,45,144
QUILAVA,0,Quilava,,FIRE,NORMAL,58,69,65,75,58,80,405,BLAZE,,FLASHFIRE,Field,,Parabolic,45,142
QUILLADIN,0,Quilladin,,GRASS,,61,78,95,56,58,57,405,OVERGROW,,BULLETPROOF,Field,,Parabolic,45,142
QWILFISH,0,Qwilfish,,WATER,POISON,65,105,85,55,65,85,460,IRONBARBS,SWIFTSWIM,INTIMIDATE,Water2,,Medium,45,88
QWILFISH_1,1,Qwilfish,,DARK,POISON,75,95,95,55,55,85,460,POISONPOINT,SWIFTSWIM,DISHEARTEN,Water2,,Medium,45,88
RABOOT,0,Raboot,,FIRE,,65,86,60,55,60,94,420,BLAZE,,LIBERO,Field,Humanlike,Parabolic,45,147
RABSCA,0,Rabsca,,BUG,PSYCHIC,75,50,85,115,100,45,470,SYNCHRONIZE,,TELEPATHY,Bug,,Fast,45,165
RAGINGBOLT,0,Raging Bolt,,ELECTRIC,DRAGON,125,73,91,137,89,75,590,PROTOSYNTHESIS,,,Undiscovered,,Slow,10,295
RAICHU,0,Raichu,,ELECTRIC,,70,95,55,95,80,110,505,STATIC,LIGHTNINGROD,ADAPTABILITY,Field,Fairy,Medium,75,243
RAICHUV,0,Raichu,,ELECTRIC,,60,90,55,90,80,110,485,STATIC,,LIGHTNINGROD,Field,Fairy,Medium,75,243
RAICHUX,0,WIP,,NORMAL,SOUND,1,1,1,1,1,1,6,RUNAWAY,,,Undiscovered,,Slow,1,100
RAICHU_1,1,Raichu,,ELECTRIC,PSYCHIC,70,85,50,105,85,110,505,SURGESURFER,LIGHTNINGROD,ADAPTABILITY,Field,Fairy,Medium,75,243
RAIKOU,0,Raikou,,ELECTRIC,,90,85,75,115,100,115,580,PRESSURE,,INNERFOCUS,Undiscovered,,Slow,3,290
RAITORA,0,Raitora,,NORMAL,ELECTRIC,95,95,80,60,70,50,450,MOTORDRIVE,,SHEERFORCE,Field,,Slow,45,80
RALTS,0,Ralts,,PSYCHIC,FAIRY,28,25,25,45,35,40,198,SYNCHRONIZE,TRACE,TELEPATHY,Humanlike,Amorphous,Slow,235,40
RALTS_1,1,Ralts,,DARK,FAIRY,28,25,25,45,40,35,198,FRISK,TRACE,SERENEGRACE,Humanlike,Amorphous,Slow,235,40
RAMPARDOS,0,Rampardos,,ROCK,,97,165,60,65,50,58,495,MOLDBREAKER,,SHEERFORCE,Monster,,Erratic,45,173
RAPIDASH,0,Rapidash,,FIRE,,65,105,70,65,80,125,510,STRIKER,FLASHFIRE,FLAMEBODY,Field,,Medium,60,175
RAPIDASHX,0,Rapidash,,FLYING,,65,95,70,95,70,115,510,CLOUDNINE,CLOUDBURST,,Xenoverse,,Medium,60,82
RAPIDASHX_1,1,Rapidash,,ELECTRIC,,65,110,70,110,70,135,560,CLOUDNINE,CLOUDBURST,,Xenoverse,,Medium,60,82
RAPIDASH_1,1,Rapidash,,PSYCHIC,FAIRY,65,105,70,65,80,125,510,STRIKER,PASTELVEIL,HEALER,Field,,Medium,60,175
RATICATE,0,Raticate,,NORMAL,,60,96,60,50,70,97,433,STRONGJAW,GUTS,HUSTLE,Field,,Medium,127,145
RATICATE_1,1,Raticate,,DARK,NORMAL,75,71,70,40,80,77,413,GLUTTONY,HUSTLE,THICKFAT,Field,,Medium,127,145
RATTATA,0,Rattata,,NORMAL,,30,56,35,25,35,72,253,RUNAWAY,GUTS,HUSTLE,Field,,Medium,255,51
RATTATA_1,1,Rattata,,DARK,NORMAL,30,56,35,25,35,72,253,GLUTTONY,HUSTLE,THICKFAT,Field,,Medium,255,51
RAYQUAZA,0,Rayquaza,,DRAGON,FLYING,105,150,90,150,90,95,680,AIRLOCK,,,Undiscovered,,Slow,45,340
RAYQUAZA_1,1,Rayquaza,,DRAGON,FLYING,105,180,100,180,100,115,780,DELTASTREAM,,DELTASTREAM,Undiscovered,,Slow,45,390
REGICE,0,Regice,,ICE,,80,50,100,100,200,50,580,CLEARBODY,,ICEBODY,Undiscovered,,Slow,3,290
REGIDRAGO,0,Regidrago,,DRAGON,,200,100,50,100,50,80,580,DRAGONSMAW,,,Undiscovered,,Slow,3,290
REGIELEKI,0,Regieleki,,ELECTRIC,,80,100,50,100,50,200,580,TRANSISTOR,,,Undiscovered,,Slow,3,290
REGIGIGAS,0,Regigigas,,NORMAL,,110,160,110,80,110,100,670,SLOWSTART,,,Undiscovered,,Slow,3,335
REGIROCK,0,Regirock,,ROCK,,80,100,200,50,100,50,580,CLEARBODY,,STURDY,Undiscovered,,Slow,3,290
REGISTEEL,0,Registeel,,STEEL,,80,75,150,75,150,50,580,CLEARBODY,,LIGHTMETAL,Undiscovered,,Slow,3,290
REINDEAR,0,Reindear,,FAIRY,,76,20,77,35,78,53,339,VITALSPIRIT,,CUTECHARM,Field,Fairy,Medium,255,64
REINDIGO,0,Reindigo,,FAIRY,DARK,110,128,90,54,108,78,568,DEFEATIST,,,Field,Fairy,Medium,120,64
RELICANTH,0,Relicanth,,WATER,ROCK,100,90,130,45,65,55,485,SWIFTSWIM,ROCKHEAD,STURDY,Water1,Water2,Slow,25,170
RELLOR,0,Rellor,,BUG,,41,50,60,31,58,30,270,COMPOUNDEYES,,SHEDSKIN,Bug,,Fast,190,54
REMORAID,0,Remoraid,,WATER,,35,65,35,65,35,65,300,HUSTLE,SNIPER,MOODY,Water1,Water2,Medium,190,60
RESHIRAM,0,Reshiram,,DRAGON,FIRE,100,120,100,150,120,90,680,TURBOBLAZE,,,Undiscovered,,Slow,3,340
REUNICLUS,0,Reuniclus,,PSYCHIC,,110,65,75,125,85,30,490,OVERCOAT,MAGICGUARD,REGENERATOR,Amorphous,,Parabolic,50,245
REVAVROOM,0,Revavroom,,STEEL,POISON,80,119,90,54,67,90,500,OVERCOAT,,FILTER,Mineral,,Medium,75,175
REVAVROOM_1,1,Revavroom,,FIRE,,80,119,90,54,67,90,500,SPEEDBOOST,,FILTER,Mineral,,Medium,75,175
REVAVROOM_2,2,Revavroom,,FAIRY,,80,119,90,54,67,90,500,MISTYSURGE,,FILTER,Mineral,,Medium,75,175
REVAVROOM_3,3,Revavroom,,FIGHTING,,80,119,90,54,67,90,500,STAMINA,,FILTER,Mineral,,Medium,75,175
REVAVROOM_4,4,Revavroom,,POISON,,80,119,90,54,67,90,500,TOXICDEBRIS,,FILTER,Mineral,,Medium,75,175
REVAVROOM_5,5,Revavroom,,DARK,,80,119,90,54,67,90,500,INTIMIDATE,,FILTER,Mineral,,Medium,75,175
REVERBERIX,0,Reverberix,,ROCK,SOUND,75,30,90,95,115,105,510,SYNTHESIZER,WEAKARMOR,SOULSONG,Mineral,,Medium,25,179
REXQUIEM,0,Rexquiem,,GROUND,DARK,100,121,80,59,90,80,530,DUSTDEVIL,,RAPTOR,Flying,Field,Slow,45,247
RHYDON,0,Rhydon,,GROUND,ROCK,105,130,120,45,45,40,485,LIGHTNINGROD,ROCKHEAD,RECKLESS,Monster,Field,Slow,60,170
RHYHORN,0,Rhyhorn,,GROUND,ROCK,80,85,95,30,30,25,345,LIGHTNINGROD,ROCKHEAD,RECKLESS,Monster,Field,Slow,120,69
RHYPERIOR,0,Rhyperior,,GROUND,ROCK,115,140,130,55,55,40,535,LIGHTNINGROD,SOLIDROCK,RECKLESS,Monster,Field,Slow,30,268
RIBOMBEE,0,Ribombee,,BUG,FAIRY,60,55,60,95,70,124,464,HARVEST,SHIELDDUST,SWEETVEIL,Bug,Fairy,Medium,75,162
RILLABOOM,0,Rillaboom,,GRASS,,100,125,90,60,70,85,530,OVERGROW,,GRASSYSURGE,Field,Grass,Parabolic,45,265
RIOLU,0,Riolu,,FIGHTING,,40,70,40,35,40,60,285,STEADFAST,INNERFOCUS,PRANKSTER,Undiscovered,,Parabolic,75,57
ROARINGMOON,0,Roaring Moon,,DRAGON,DARK,105,139,71,55,101,119,590,PROTOSYNTHESIS,,,Undiscovered,,Slow,10,295
ROCKAPYE,0,Rockapye,,NORMAL,ROCK,60,70,80,40,60,55,365,PICKUP,,ADAPTABILITY,Humanlike,Field,Medium,190,53
ROCKAPYE_1,1,Rockapye,,NORMAL,ROCK,60,70,80,40,60,55,365,PICKUP,,ADAPTABILITY,Humanlike,Field,Medium,190,53
ROCKRUFF,0,Rockruff,,ROCK,,45,65,40,30,40,60,280,KEENEYE,VITALSPIRIT,STEADFAST,Field,,Medium,190,56
ROCKRUFF_2,2,Rockruff,,ROCK,,45,65,40,30,40,60,280,OWNTEMPO,,OWNTEMPO,Field,,Medium,190,56
ROGGENROLA,0,Roggenrola,,ROCK,,55,25,85,75,25,15,280,STURDY,WEAKARMOR,SOLARPOWER,Mineral,,Parabolic,255,56
ROLYCOLY,0,Rolycoly,,ROCK,,30,40,50,40,50,30,240,STEAMENGINE,HEATPROOF,FLASHFIRE,Mineral,,Parabolic,255,48
ROOKIDEE,0,Rookidee,,FLYING,,38,47,35,33,35,57,245,KEENEYE,UNNERVE,BIGPECKS,Flying,,Parabolic,255,49
ROSELIA,0,Roselia,,GRASS,POISON,50,60,45,100,80,65,400,NATURALCURE,POISONPOINT,LEAFGUARD,Fairy,Grass,Parabolic,150,140
ROSELIAX,0,Roselia,,SOUND,POISON,50,56,45,104,80,85,420,SERENEGRACE,,,Undiscovered,,Slow,1,100
ROSERADE,0,Roserade,,GRASS,POISON,60,70,65,125,105,90,515,NATURALCURE,POISONPOINT,TECHNICIAN,Fairy,Grass,Parabolic,75,258
ROSERADEX,0,WIP,,NORMAL,SOUND,1,1,1,1,1,1,6,RUNAWAY,,,Undiscovered,,Slow,1,100
ROTOM,0,Rotom,,ELECTRIC,GHOST,50,50,77,95,77,91,440,LEVITATE,,ELECTRICSURGE,Amorphous,,Medium,45,154
ROTOM_1,1,Rotom,,ELECTRIC,FIRE,50,65,107,105,107,86,520,LEVITATE,,CONFLAGRATE,Amorphous,,Medium,45,182
ROTOM_2,2,Rotom,,ELECTRIC,WATER,50,65,107,105,107,86,520,LEVITATE,,STORMDRAIN,Amorphous,,Medium,45,182
ROTOM_3,3,Rotom,,ELECTRIC,ICE,50,65,107,105,107,86,520,LEVITATE,,REFRIGERATE,Amorphous,,Medium,45,182
ROTOM_4,4,Rotom,,ELECTRIC,FLYING,50,65,107,105,107,86,520,WINDPOWER,,MOTORDRIVE,Amorphous,,Medium,45,182
ROTOM_5,5,Rotom,,ELECTRIC,GRASS,50,65,107,105,107,86,520,LEVITATE,,SEEDSOWER,Amorphous,,Medium,45,182
ROTOM_6,6,Rotom,,ELECTRIC,FAIRY,50,65,107,105,107,86,520,LEVITATE,,AROMAVEIL,Amorphous,,Medium,45,182
ROTOM_7,7,Rotom,,ELECTRIC,SOUND,50,65,107,105,107,86,520,LEVITATE,,AMPLIFY,Amorphous,,Medium,45,182
ROTOM_8,8,Rotom,,ELECTRIC,DRAGON,50,65,107,105,107,86,520,EARTHEATER,,INTIMIDATE,Amorphous,,Medium,45,182
ROWLET,0,Rowlet,,GRASS,FLYING,68,55,55,50,50,42,320,OVERGROW,,LONGREACH,Flying,,Parabolic,45,64
RUFFLET,0,Rufflet,,NORMAL,FLYING,70,83,50,37,50,60,350,KEENEYE,SHEERFORCE,HUSTLE,Flying,,Slow,190,70
RUNERIGUS,0,Runerigus,,GROUND,GHOST,58,95,145,50,105,30,483,WANDERINGSPIRIT,,,Mineral,Amorphous,Medium,90,169
SABLEYE,0,Sableye,,DARK,GHOST,50,75,75,65,65,50,380,KEENEYE,STALL,PRANKSTER,Humanlike,,Parabolic,45,133
SABLEYE_1,1,Sableye,,DARK,GHOST,50,85,125,85,115,20,480,MAGICBOUNCE,,MAGICBOUNCE,Humanlike,,Parabolic,45,168
SABOLT,0,Sabolt,,ELECTRIC,DARK,58,84,68,84,61,45,400,DOWNLOAD,,,Undiscovered,,Slow,45,100
SABOLT_1,1,Sabolt,,ELECTRIC,DARK,88,84,80,101,80,67,500,INTIMIDATE,,,Undiscovered,,Slow,45,130
SABOLT_2,2,Sabolt,,ELECTRIC,DARK,118,126,75,111,75,95,600,DREADAURA,,,Undiscovered,,Slow,45,130
SALAMENCE,0,Salamence,,DRAGON,FLYING,95,135,80,110,80,100,600,INTIMIDATE,,MOXIE,Dragon,,Slow,45,300
SALAMENCE_1,1,Salamence,,DRAGON,FLYING,95,145,130,120,90,120,700,AERILATE,,AERILATE,Dragon,,Slow,45,350
SALANDIT,0,Salandit,,POISON,FIRE,48,44,40,71,40,77,320,CORROSION,,OBLIVIOUS,Monster,Dragon,Medium,120,64
SALAZZLE,0,Salazzle,,POISON,FIRE,68,64,60,111,60,117,480,CORROSION,,OBLIVIOUS,Monster,Dragon,Medium,45,168
SAMUROTT,0,Samurott,,WATER,,95,100,85,108,70,70,528,TORRENT,,SHELLARMOR,Field,,Parabolic,45,264
SAMUROTT_1,1,Samurott,,WATER,DARK,90,108,80,100,65,85,528,TORRENT,,SHARPNESS,Field,,Parabolic,45,264
SANDACONDA,0,Sandaconda,,GROUND,,72,107,125,65,70,71,510,SANDSPIT,SHEDSKIN,SANDVEIL,Field,Dragon,Medium,120,179
SANDILE,0,Sandile,,GROUND,DARK,50,72,35,35,35,65,292,INTIMIDATE,MOXIE,ANGERPOINT,Field,,Parabolic,180,58
SANDSHREW,0,Sandshrew,,GROUND,,50,80,85,10,30,45,300,SANDVEIL,OVERCOAT,SANDRUSH,Field,,Medium,255,60
SANDSHREW_1,1,Sandshrew,,ICE,STEEL,50,75,90,10,35,40,300,SNOWCLOAK,OVERCOAT,SLUSHRUSH,Field,,Medium,255,60
SANDSLASH,0,Sandslash,,GROUND,,75,100,110,25,55,75,440,SANDVEIL,ROUGHSKIN,SANDRUSH,Field,,Medium,90,158
SANDSLASH_1,1,Sandslash,,ICE,STEEL,75,100,120,25,65,65,450,SNOWCLOAK,IRONBARBS,SLUSHRUSH,Field,,Medium,90,158
SANDYGAST,0,Sandygast,,GHOST,GROUND,55,55,80,70,45,15,320,WATERCOMPACTION,,SANDVEIL,Amorphous,,Medium,140,64
SANDYSHOCKS,0,Sandy Shocks,,ELECTRIC,GROUND,85,81,97,121,85,101,570,PROTOSYNTHESIS,,,Undiscovered,,Slow,30,285
SAWK,0,Sawk,,FIGHTING,,75,125,75,30,75,85,465,STURDY,INNERFOCUS,MOLDBREAKER,Humanlike,,Medium,45,163
SAWSBUCK,0,Sawsbuck,,NORMAL,GRASS,80,100,70,60,70,95,475,CHLOROPHYLL,SAPSIPPER,SERENEGRACE,Field,,Medium,75,166
SAWSBUCK_1,1,Sawsbuck,,NORMAL,GRASS,80,100,70,60,70,95,475,CHLOROPHYLL,SAPSIPPER,SERENEGRACE,Field,,Medium,75,166
SAWSBUCK_2,2,Sawsbuck,,NORMAL,GRASS,80,100,70,60,70,95,475,CHLOROPHYLL,SAPSIPPER,SERENEGRACE,Field,,Medium,75,166
SAWSBUCK_3,3,Sawsbuck,,NORMAL,GRASS,80,100,70,60,70,95,475,CHLOROPHYLL,SAPSIPPER,SERENEGRACE,Field,,Medium,75,166
SCALEON,0,Scaleon,,DRAGON,,95,110,65,60,65,130,525,HYPERCUTTER,,SCALATE,Field,,Medium,45,184
SCARACLUO,0,Scaracluo,,GHOST,PSYCHIC,75,50,75,100,85,35,420,ILLUMINATE,,RATTLED,Amorphous,Monster,Erratic,90,138
SCARACNO,0,Scaracno,,GHOST,PSYCHIC,40,35,50,80,65,40,310,COMPOUNDEYES,,RATTLED,Amorphous,Monster,Erratic,190,61
SCARPHASMO,0,Scarphasmo,,GHOST,PSYCHIC,105,125,100,55,105,30,520,VOLTABSORB,,NOGUARD,Amorphous,Monster,Erratic,45,247
SCATTERBUG,0,Scatterbug,,BUG,,38,35,40,27,25,35,200,SHIELDDUST,COMPOUNDEYES,FRIENDGUARD,Bug,,Medium,255,40
SCEPTILE,0,Sceptile,,GRASS,,70,85,65,105,85,120,530,OVERGROW,,UNBURDEN,Monster,Dragon,Parabolic,45,265
SCEPTILE_1,1,Sceptile,,GRASS,DRAGON,70,110,75,145,85,145,630,LIGHTNINGROD,,LIGHTNINGROD,Monster,Dragon,Parabolic,45,315
SCIZOR,0,Scizor,,BUG,STEEL,70,130,100,55,80,65,500,SWARM,TECHNICIAN,LIGHTMETAL,Bug,,Medium,25,175
SCIZOR_1,1,Scizor,,BUG,STEEL,70,150,140,100,75,65,600,TECHNICIAN,,TECHNICIAN,Bug,,Medium,25,210
SCOLIPEDE,0,Scolipede,,BUG,POISON,60,100,89,55,69,112,485,POISONPOINT,SWARM,SPEEDBOOST,Bug,,Parabolic,45,243
SCORBUNNY,0,Scorbunny,,FIRE,,50,71,40,40,40,69,310,BLAZE,,LIBERO,Field,Humanlike,Parabolic,45,62
SCOVILE,0,Scovile,,GRASS,FIRE,90,65,75,100,75,110,515,FLAMEBODY,,DROUGHT,Grass,Dragon,Medium,60,179
SCOVILEX,0,WIP,,NORMAL,SOUND,1,1,1,1,1,1,6,RUNAWAY,,,Undiscovered,,Slow,1,100
SCOVILLAIN,0,Scovillain,,GRASS,FIRE,65,108,65,108,65,75,486,CHLOROPHYLL,INSOMNIA,MOODY,Grass,,Medium,75,170
SCRAFTY,0,Scrafty,,DARK,FIGHTING,65,90,115,45,115,58,488,SHEDSKIN,MOXIE,INTIMIDATE,Field,Dragon,Medium,90,171
SCRAGGY,0,Scraggy,,DARK,FIGHTING,50,75,70,35,70,48,348,SHEDSKIN,MOXIE,INTIMIDATE,Field,Dragon,Medium,180,70
SCRAGGYX,0,Scraggy,,POISON,PSYCHIC,55,35,65,65,88,40,348,LEVITATE,,CAUSTICFUMES,Xenoverse,,Medium,180,71
SCREAMTAIL,0,Scream Tail,,FAIRY,PSYCHIC,115,65,99,65,115,111,570,PROTOSYNTHESIS,,,Undiscovered,,Slow,50,285
SCYTHER,0,Scyther,,BUG,FLYING,70,110,80,55,80,105,500,SWARM,TECHNICIAN,STEADFAST,Bug,,Medium,45,100
SEADRA,0,Seadra,,WATER,,55,75,95,95,55,85,460,SWIFTSWIM,SNIPER,STORMDRAIN,Water1,Dragon,Medium,75,154
SEAKING,0,Seaking,,WATER,,80,92,65,65,80,68,450,SWIFTSWIM,WATERVEIL,LIGHTNINGROD,Water2,,Medium,60,158
SEALEO,0,Sealeo,,ICE,WATER,80,70,70,75,70,45,410,THICKFAT,ICEBODY,OBLIVIOUS,Water1,Field,Parabolic,120,144
SEEDOT,0,Seedot,,GRASS,,40,40,50,30,30,30,220,CHLOROPHYLL,EARLYBIRD,PICKPOCKET,Field,Grass,Parabolic,255,44
SEEL,0,Seel,,WATER,,65,45,55,45,70,45,325,THICKFAT,HYDRATION,ICEBODY,Water1,Field,Medium,190,65
SEISMITOAD,0,Seismitoad,,GROUND,SOUND,105,95,75,95,75,74,519,SWIFTSWIM,AMPLIFY,WATERABSORB,Water1,,Parabolic,45,255
SENTRET,0,Sentret,,NORMAL,,35,46,34,35,45,20,215,RUNAWAY,KEENEYE,FRISK,Field,,Medium,255,43
SERPERIOR,0,Serperior,,GRASS,,75,75,95,75,95,113,528,OVERGROW,,CONTRARY,Field,Grass,Parabolic,45,264
SERVINE,0,Servine,,GRASS,,60,60,75,60,75,83,413,OVERGROW,,CONTRARY,Field,Grass,Parabolic,45,145
SEVIPER,0,Seviper,,POISON,,73,100,60,100,60,65,458,SHEDSKIN,,INFILTRATOR,Field,Dragon,Fluctuating,90,160
SEWADDLE,0,Sewaddle,,BUG,GRASS,45,53,70,40,60,42,310,OVERCOAT,CHLOROPHYLL,SILKSURGE,Bug,,Parabolic,255,62
SHARPEDO,0,Sharpedo,,WATER,DARK,70,120,40,95,40,95,460,ROUGHSKIN,,SPEEDBOOST,Water2,,Slow,60,161
SHARPEDOX,0,Sharpedo,,WATER,GHOST,90,120,50,45,50,105,460,STRONGJAW,INFILTRATOR,NOGUARD,Xenoverse,,Slow,150,163
SHARPEDO_1,1,Sharpedo,,WATER,DARK,70,140,70,110,65,105,560,STRONGJAW,,STRONGJAW,Water2,,Slow,60,196
SHAWKBIRD,0,Shawkbird,,ELECTRIC,FLYING,67,56,51,73,54,68,369,BIGPECKS,STATIC,MOTORDRIVE,Flying,,Parabolic,125,100
SHAYMIN,0,Shaymin,,GRASS,,100,100,100,100,100,100,600,NATURALCURE,,,Undiscovered,,Parabolic,45,300
SHAYMIN_1,1,Shaymin,,GRASS,FLYING,100,103,75,120,75,127,600,SERENEGRACE,,,Undiscovered,,Parabolic,45,300
SHEDINJA,0,Shedinja,,BUG,GHOST,1,90,1,90,1,53,236,WONDERGUARD,,,Mineral,,Erratic,45,83
SHELGON,0,Shelgon,,DRAGON,,65,95,100,60,50,50,420,ROCKHEAD,,OVERCOAT,Dragon,,Slow,45,147
SHELLDER,0,Shellder,,WATER,,30,65,100,45,25,40,305,SHELLARMOR,SKILLLINK,OVERCOAT,Water3,,Slow,190,61
SHELLOS,0,Shellos,,WATER,,76,48,48,57,62,34,325,STICKYHOLD,STORMDRAIN,SANDFORCE,Water1,Amorphous,Medium,190,65
SHELLOS_1,1,Shellos,,WATER,,76,48,48,57,62,34,325,STICKYHOLD,STORMDRAIN,SANDFORCE,Water1,Amorphous,Medium,190,65
SHELMET,0,Shelmet,,BUG,,50,40,85,40,65,25,305,HYDRATION,SHELLARMOR,OVERCOAT,Bug,,Medium,200,61
SHIELDON,0,Shieldon,,ROCK,STEEL,30,42,118,42,88,30,350,STURDY,,SOUNDPROOF,Monster,,Erratic,45,70
SHIFTRY,0,Shiftry,,GRASS,DARK,90,100,60,90,60,80,480,CHLOROPHYLL,EARLYBIRD,PICKPOCKET,Field,Grass,Parabolic,45,240
SHIINOTIC,0,Shiinotic,,GRASS,FAIRY,75,45,80,100,110,30,440,ILLUMINATE,EFFECTSPORE,RAINDISH,Grass,,Medium,75,142
SHINX,0,Shinx,,ELECTRIC,,45,65,34,45,34,40,263,RIVALRY,INTIMIDATE,GUTS,Field,,Parabolic,235,53
SHROODLE,0,Shroodle,,POISON,NORMAL,40,65,35,40,35,75,290,UNBURDEN,PICKPOCKET,PRANKSTER,Field,,Parabolic,190,58
SHROOMISH,0,Shroomish,,GRASS,,60,40,60,40,60,35,295,EFFECTSPORE,POISONHEAL,QUICKFEET,Fairy,Grass,Fluctuating,255,59
SHUCKLE,0,Shuckle,,BUG,ROCK,20,10,230,10,230,5,505,STURDY,GLUTTONY,CONTRARY,Bug,,Parabolic,190,177
SHULONG,0,Shulong,,WATER,DRAGON,58,55,73,40,73,51,350,HYDRATION,,ASTRALRISING,Undiscovered,,Slow,45,100
SHULONGX,0,Shulong,,WATER,DRAGON,88,54,85,105,55,113,500,CLEARBODY,,,Undiscovered,,Slow,45,100
SHULONG_1,1,Shulong,,WATER,DRAGON,88,75,93,45,93,56,450,MARVELSCALE,,SWIFTSWIM,Undiscovered,,Slow,45,100
SHULONG_2,2,Shulong,,WATER,DRAGON,118,95,105,55,105,72,550,CLEARBODY,,SWIFTSWIM,Undiscovered,,Slow,45,100
SHULONG_3,3,Shulong,,WATER,DRAGON,133,107,133,92,133,82,680,ASTRALRISING,,ASTRALRISING,Undiscovered,,Slow,45,100
SHUPPET,0,Shuppet,,GHOST,,44,75,35,63,33,45,295,INSOMNIA,FRISK,CURSEDBODY,Amorphous,,Fast,225,59
SHYLEON,0,Shyleon,,GRASS,FAIRY,58,44,53,68,53,74,350,RATTLED,,ASTRALRISING,Undiscovered,,Slow,45,100
SHYLEONX,0,Shyleon,,GRASS,FAIRY,88,114,73,73,103,49,500,MAJESTICAURA,,,Undiscovered,,Slow,45,100
SHYLEON_1,1,Shyleon,,GRASS,FAIRY,88,49,63,78,68,104,450,QUICKFEET,,MAJESTICAURA,Undiscovered,,Slow,45,130
SHYLEON_2,2,Shyleon,,GRASS,FAIRY,118,54,73,108,73,124,550,MAJESTICAURA,,CHLOROPHYLL,Undiscovered,,Slow,45,130
SHYLEON_3,3,Shyleon,,GRASS,FAIRY,133,94,83,128,98,144,680,ASTRALRISING,,ASTRALRISING,Undiscovered,,Slow,45,130
SIGILYPH,0,Sigilyph,,PSYCHIC,FLYING,72,58,80,103,80,97,490,WONDERSKIN,MAGICGUARD,TINTEDLENS,Flying,,Medium,45,172
SILCOON,0,Silcoon,,BUG,,50,35,55,25,25,15,205,SHEDSKIN,,,Bug,,Medium,120,72
SILICOBRA,0,Silicobra,,GROUND,,52,57,75,35,50,46,315,SANDSPIT,SHEDSKIN,SANDVEIL,Field,Dragon,Medium,255,63
SILVALLY,0,Silvally,,NORMAL,,95,95,95,95,95,95,570,RKSSYSTEM,,,Undiscovered,,Slow,3,285
SILVALLY_1,1,Silvally,,FIGHTING,,95,95,95,95,95,95,570,RKSSYSTEM,,,Undiscovered,,Slow,3,285
SILVALLY_10,10,Silvally,,FIRE,,95,95,95,95,95,95,570,RKSSYSTEM,,,Undiscovered,,Slow,3,285
SILVALLY_11,11,Silvally,,WATER,,95,95,95,95,95,95,570,RKSSYSTEM,,,Undiscovered,,Slow,3,285
SILVALLY_12,12,Silvally,,GRASS,,95,95,95,95,95,95,570,RKSSYSTEM,,,Undiscovered,,Slow,3,285
SILVALLY_13,13,Silvally,,ELECTRIC,,95,95,95,95,95,95,570,RKSSYSTEM,,,Undiscovered,,Slow,3,285
SILVALLY_14,14,Silvally,,PSYCHIC,,95,95,95,95,95,95,570,RKSSYSTEM,,,Undiscovered,,Slow,3,285
SILVALLY_15,15,Silvally,,ICE,,95,95,95,95,95,95,570,RKSSYSTEM,,,Undiscovered,,Slow,3,285
SILVALLY_16,16,Silvally,,DRAGON,,95,95,95,95,95,95,570,RKSSYSTEM,,,Undiscovered,,Slow,3,285
SILVALLY_17,17,Silvally,,DARK,,95,95,95,95,95,95,570,RKSSYSTEM,,,Undiscovered,,Slow,3,285
SILVALLY_18,18,Silvally,,FAIRY,,95,95,95,95,95,95,570,RKSSYSTEM,,,Undiscovered,,Slow,3,285
SILVALLY_2,2,Silvally,,FLYING,,95,95,95,95,95,95,570,RKSSYSTEM,,,Undiscovered,,Slow,3,285
SILVALLY_3,3,Silvally,,POISON,,95,95,95,95,95,95,570,RKSSYSTEM,,,Undiscovered,,Slow,3,285
SILVALLY_4,4,Silvally,,GROUND,,95,95,95,95,95,95,570,RKSSYSTEM,,,Undiscovered,,Slow,3,285
SILVALLY_5,5,Silvally,,ROCK,,95,95,95,95,95,95,570,RKSSYSTEM,,,Undiscovered,,Slow,3,285
SILVALLY_6,6,Silvally,,BUG,,95,95,95,95,95,95,570,RKSSYSTEM,,,Undiscovered,,Slow,3,285
SILVALLY_7,7,Silvally,,GHOST,,95,95,95,95,95,95,570,RKSSYSTEM,,,Undiscovered,,Slow,3,285
SILVALLY_8,8,Silvally,,STEEL,,95,95,95,95,95,95,570,RKSSYSTEM,,,Undiscovered,,Slow,3,285
SILVALLY_9,9,Silvally,,QMARKS,,95,95,95,95,95,95,570,RKSSYSTEM,,,Undiscovered,,Slow,3,285
SIMIPOUR,0,Simipour,,WATER,,75,98,63,98,63,101,498,GLUTTONY,,TORRENT,Field,,Medium,75,174
SIMISAGE,0,Simisage,,GRASS,,75,98,63,98,63,101,498,GLUTTONY,,OVERGROW,Field,,Medium,75,174
SIMISEAR,0,Simisear,,FIRE,,75,98,63,98,63,101,498,GLUTTONY,,BLAZE,Field,,Medium,75,174
SINISTCHA,0,Sinistcha,,GRASS,GHOST,71,60,106,121,80,70,508,HOSPITALITY,,HEATPROOF,Mineral,Amorphous,Medium,60,178
SINISTCHA_1,1,Sinistcha,,GRASS,GHOST,71,60,106,121,80,70,508,HOSPITALITY,,HEATPROOF,Mineral,Amorphous,Medium,60,178
SINISTEA,0,Sinistea,,GHOST,,40,45,45,74,54,50,308,WEAKARMOR,,CURSEDBODY,Mineral,Amorphous,Medium,120,62
SINISTEA_1,1,Sinistea,,GHOST,,40,45,45,74,54,50,308,WEAKARMOR,,CURSEDBODY,Mineral,Amorphous,Medium,120,62
SIRFETCHD,0,Sirfetch'd,,FIGHTING,,62,135,95,68,82,65,507,STEADFAST,,SCRAPPY,Flying,Field,Medium,45,177
SIZZLIPEDE,0,Sizzlipede,,FIRE,BUG,50,65,45,50,50,45,305,FLASHFIRE,WHITESMOKE,FLAMEBODY,Bug,,Medium,190,61
SKARLING,0,Skarling,,STEEL,,45,60,120,20,50,50,345,HUSTLE,WEAKARMOR,SHARPNESS,Undiscovered,,Slow,25,163
SKARMORY,0,Skarmory,,STEEL,FLYING,85,90,140,40,70,70,495,KEENEYE,STURDY,SHARPNESS,Flying,,Slow,25,163
SKELEDIRGE,0,Skeledirge,,FIRE,GHOST,104,75,100,110,75,66,530,BLAZE,,UNAWARE,Field,,Parabolic,45,265
SKIDDO,0,Skiddo,,GRASS,,66,65,48,52,57,62,350,GRASSPELT,SAPSIPPER,SEEDSOWER,Field,,Medium,200,70
SKIPLOOM,0,Skiploom,,GRASS,FLYING,60,65,50,30,65,85,355,CHLOROPHYLL,LEAFGUARD,WINDRIDER,Fairy,Grass,Parabolic,120,119
SKITTY,0,Skitty,,NORMAL,,50,45,45,35,35,50,260,CUTECHARM,NORMALIZE,WONDERSKIN,Field,Fairy,Fast,255,52
SKORUPI,0,Skorupi,,POISON,BUG,40,50,90,30,55,65,330,BATTLEARMOR,SNIPER,KEENEYE,Bug,Water3,Slow,120,66
SKRAVROOM,0,Skravroom,,STEEL,SOUND,67,115,75,60,65,128,510,AFTERMATH,SPEEDBOOST,REGENERATOR,Bug,Mineral,Medium,90,100
SKRELP,0,Skrelp,,POISON,WATER,50,60,60,60,60,30,320,POISONPOINT,POISONTOUCH,ADAPTABILITY,Water1,Dragon,Medium,225,64
SKUNTANK,0,Skuntank,,POISON,DARK,103,93,67,71,61,84,479,STENCH,AFTERMATH,KEENEYE,Field,,Medium,60,168
SKWOVET,0,Skwovet,,NORMAL,,70,55,55,35,35,25,275,CHEEKPOUCH,,GLUTTONY,Field,,Medium,255,55
SLAKING,0,Slaking,,NORMAL,,150,160,100,95,65,100,670,TRUANT,,,Field,,Slow,45,285
SLAKOTH,0,Slakoth,,NORMAL,,60,60,60,35,35,30,280,TRUANT,,,Field,,Slow,255,56
SLIGGOO,0,Sliggoo,,DRAGON,WATER,68,75,53,83,113,60,452,SAPSIPPER,HYDRATION,GOOEY,Dragon,,Slow,45,158
SLIGGOO_1,1,Sliggoo,,STEEL,DRAGON,58,75,83,83,113,40,452,SAPSIPPER,SHELLARMOR,GOOEY,Dragon,,Slow,45,158
SLITHERWING,0,Slither Wing,,BUG,FIGHTING,85,135,79,85,105,81,570,PROTOSYNTHESIS,,,Undiscovered,,Slow,30,285
SLOWBRO,0,Slowbro,,WATER,PSYCHIC,95,75,110,100,80,30,490,OBLIVIOUS,OWNTEMPO,REGENERATOR,Monster,Water1,Medium,75,172
SLOWBRO_1,1,Slowbro,,POISON,PSYCHIC,95,100,95,100,70,30,490,QUICKDRAW,OWNTEMPO,REGENERATOR,Monster,Water1,Medium,75,172
SLOWBRO_2,2,Slowbro,,WATER,PSYCHIC,95,75,180,130,80,30,590,SHELLARMOR,,SHELLARMOR,Monster,Water1,Medium,75,207
SLOWKING,0,Slowking,,WATER,PSYCHIC,95,75,80,100,110,30,490,OBLIVIOUS,OWNTEMPO,REGENERATOR,Monster,Water1,Medium,70,172
SLOWKING_1,1,Slowking,,POISON,PSYCHIC,95,65,80,110,110,30,490,CURIOUSMEDICINE,OWNTEMPO,REGENERATOR,Monster,Water1,Medium,70,172
SLOWPOKE,0,Slowpoke,,WATER,PSYCHIC,90,65,65,40,40,15,315,OBLIVIOUS,OWNTEMPO,REGENERATOR,Monster,Water1,Medium,190,63
SLOWPOKE_1,1,Slowpoke,,PSYCHIC,,90,65,65,40,40,15,315,GLUTTONY,OWNTEMPO,REGENERATOR,Monster,Water1,Medium,190,63
SLUGMA,0,Slugma,,FIRE,,45,40,40,70,50,20,265,MAGMAARMOR,FLAMEBODY,WEAKARMOR,Amorphous,,Medium,190,50
SLURPUFF,0,Slurpuff,,FAIRY,,82,80,86,85,75,72,480,SWEETVEIL,,UNBURDEN,Fairy,,Medium,140,168
SLURPUFFX,0,WIP,,NORMAL,SOUND,1,1,1,1,1,1,6,RUNAWAY,,,Undiscovered,,Slow,1,100
SMEARGLE,0,Smeargle,,NORMAL,,55,20,35,20,45,75,250,OWNTEMPO,TECHNICIAN,MOODY,Field,,Fast,45,88
SMEARGLEX,0,Smeargle,,FAIRY,,55,20,35,20,45,75,250,SWEETVEIL,MISTYSURGE,TECHNICIAN,Xenoverse,,Fast,45,88
SMOLIV,0,Smoliv,,GRASS,NORMAL,41,35,45,58,51,30,260,EARLYBIRD,,HARVEST,Grass,,Parabolic,255,52
SMOOCHUM,0,Smoochum,,ICE,PSYCHIC,45,30,15,85,65,65,305,OBLIVIOUS,FOREWARN,HYDRATION,Undiscovered,,Medium,45,61
SNEASEL,0,Sneasel,,DARK,ICE,55,95,55,35,75,115,430,INNERFOCUS,KEENEYE,PICKPOCKET,Field,,Parabolic,60,86
SNEASEL_1,1,Sneasel,,FIGHTING,POISON,55,95,55,35,75,115,430,INNERFOCUS,KEENEYE,PICKPOCKET,Field,,Parabolic,60,86
SNEASLER,0,Sneasler,,FIGHTING,POISON,80,130,60,40,80,120,510,PRESSURE,UNBURDEN,POISONTOUCH,Field,,Parabolic,20,102
SNIVY,0,Snivy,,GRASS,,45,45,55,45,55,63,308,OVERGROW,,CONTRARY,Field,Grass,Parabolic,45,62
SNOM,0,Snom,,ICE,BUG,30,25,35,45,30,20,185,SHIELDDUST,,ICESCALES,Bug,,Medium,190,37
SNORLAX,0,Snorlax,,NORMAL,,160,110,65,65,110,30,540,IMMUNITY,THICKFAT,GLUTTONY,Monster,,Slow,25,189
SNORUNT,0,Snorunt,,ICE,,50,50,50,50,50,50,300,INNERFOCUS,ICEBODY,MOODY,Fairy,Mineral,Medium,190,60
SNORUNT_1,1,Snorunt,,GHOST,,50,50,50,50,50,50,300,FRISK,RATTLED,FLASHFIRE,Fairy,Mineral,Medium,190,60
SNOVER,0,Snover,,GRASS,ICE,70,62,55,62,65,30,344,SNOWWARNING,SOUNDPROOF,GRASSYSURGE,Monster,Grass,Slow,120,67
SNUBBULL,0,Snubbull,,FAIRY,NORMAL,60,80,50,40,40,30,300,INTIMIDATE,RUNAWAY,RATTLED,Field,Fairy,Fast,190,60
SOBBLE,0,Sobble,,WATER,,50,40,40,70,40,70,310,TORRENT,,SNIPER,Water1,Field,Parabolic,45,62
SOLGALEO,0,Solgaleo,,PSYCHIC,STEEL,137,137,107,113,89,97,680,FULLMETALBODY,,,Undiscovered,,Slow,45,340
SOLOSIS,0,Solosis,,PSYCHIC,,45,30,40,105,50,20,290,OVERCOAT,MAGICGUARD,REGENERATOR,Amorphous,,Parabolic,200,58
SOLROCK,0,Solrock,,ROCK,PSYCHIC,90,95,85,55,65,70,460,LEVITATE,,,Mineral,,Fast,45,161
SOSQWATCH,0,Sosqwatch,,FIRE,ICE,72,93,67,93,61,118,504,SLUSHRUSH,THERMALEXCHANGE,UNAWARE,Humanlike,Field,Parabolic,45,381
SPARKOWL,0,Sparkowl,,ELECTRIC,FLYING,40,33,34,41,38,58,244,BIGPECKS,STATIC,MOTORDRIVE,Flying,,Parabolic,255,50
SPEAROW,0,Spearow,,NORMAL,FLYING,40,60,30,31,31,70,262,KEENEYE,,SNIPER,Flying,,Medium,255,52
SPECTRIER,0,Spectrier,,GHOST,,100,65,60,145,80,130,580,GRIMNEIGH,,,Undiscovered,,Slow,3,290
SPEWPA,0,Spewpa,,BUG,,45,22,60,27,30,29,213,SHEDSKIN,,FRIENDGUARD,Bug,,Medium,120,75
SPHEAL,0,Spheal,,ICE,WATER,60,50,50,55,50,25,290,THICKFAT,ICEBODY,OBLIVIOUS,Water1,Field,Parabolic,255,58
SPIDOPS,0,Spidops,,BUG,NORMAL,90,99,102,46,96,35,468,INSOMNIA,SILKSURGE,STAKEOUT,Bug,,Erratic,120,141
SPINARAK,0,Spinarak,,BUG,POISON,40,60,40,40,40,30,250,INSOMNIA,SWARM,SNIPER,Bug,,Fast,255,50
SPINDA,0,Spinda,,NORMAL,,60,60,60,60,60,60,360,OWNTEMPO,TANGLEDFEET,CONTRARY,Field,Humanlike,Fast,255,126
SPIRITOMB,0,Spiritomb,,GHOST,DARK,50,92,108,92,108,35,485,PRESSURE,,INFILTRATOR,Amorphous,,Medium,100,170
SPIRITOMBX,0,Spiritomb,,GHOST,GRASS,80,108,92,108,92,5,485,LEAFGUARD,SOLARPOWER,GRASSYSURGE,Xenoverse,,Medium,255,100
SPOINK,0,Spoink,,PSYCHIC,,60,25,35,70,80,60,330,THICKFAT,OWNTEMPO,GLUTTONY,Field,,Fast,255,66
SPRIGATITO,0,Sprigatito,,GRASS,,40,61,54,45,45,65,310,OVERGROW,,PROTEAN,Field,Grass,Parabolic,45,62
SPRITZEE,0,Spritzee,,FAIRY,,78,52,60,63,65,23,341,HEALER,,AROMAVEIL,Fairy,,Medium,200,68
SPUTNINK,0,Sputnink,,ROCK,PSYCHIC,60,40,70,70,80,45,365,LEVITATE,,ANALYTIC,Amorphous,Water2,Medium,45,75
SQUAWKABILLY,0,Squawkabilly,,NORMAL,FLYING,82,96,51,45,51,92,417,INTIMIDATE,HUSTLE,GUTS,Flying,,Erratic,190,146
SQUAWKABILLY_1,1,Squawkabilly,,NORMAL,FLYING,82,96,51,45,51,92,417,INTIMIDATE,HUSTLE,GUTS,Flying,,Erratic,190,146
SQUAWKABILLY_2,2,Squawkabilly,,NORMAL,FLYING,82,96,51,45,51,92,417,INTIMIDATE,HUSTLE,SHEERFORCE,Flying,,Erratic,190,146
SQUAWKABILLY_3,3,Squawkabilly,,NORMAL,FLYING,82,96,51,45,51,92,417,INTIMIDATE,HUSTLE,SHEERFORCE,Flying,,Erratic,190,146
SQUIRTLE,0,Squirtle,,WATER,,44,48,65,50,64,43,314,TORRENT,,RAINDISH,Monster,Water1,Parabolic,45,63
STAKATAKA,0,Stakataka,,ROCK,STEEL,61,131,211,53,101,13,570,BEASTBOOST,,,Undiscovered,,Slow,30,285
STANTLER,0,Stantler,,NORMAL,,73,95,62,85,65,85,465,INTIMIDATE,FRISK,FOREWARN,Field,,Slow,45,163
STARAPTOR,0,Staraptor,,NORMAL,FLYING,85,120,70,50,60,100,485,INTIMIDATE,,RECKLESS,Flying,,Parabolic,45,243
STARAVIA,0,Staravia,,NORMAL,FLYING,55,75,50,40,40,80,340,INTIMIDATE,,RECKLESS,Flying,,Parabolic,120,119
STARLY,0,Starly,,NORMAL,FLYING,40,55,30,30,30,60,245,KEENEYE,,RECKLESS,Flying,,Parabolic,255,49
STARMIE,0,Starmie,,WATER,PSYCHIC,60,75,85,110,85,115,530,ILLUMINATE,NATURALCURE,ANALYTIC,Water3,,Slow,60,182
STARYU,0,Staryu,,WATER,,30,45,55,70,55,85,340,ILLUMINATE,NATURALCURE,ANALYTIC,Water3,,Slow,225,68
STEELIX,0,Steelix,,STEEL,GROUND,75,85,200,55,65,30,510,ROCKHEAD,STURDY,SHEERFORCE,Mineral,,Medium,25,179
STEELIX_1,1,Steelix,,STEEL,GROUND,75,125,230,55,95,30,610,SANDFORCE,,SANDFORCE,Mineral,,Medium,25,214
STEENEE,0,Steenee,,GRASS,,52,40,48,40,48,62,290,LEAFGUARD,OBLIVIOUS,SWEETVEIL,Grass,,Parabolic,120,102
STONJOURNER,0,Stonjourner,,ROCK,,100,125,135,20,20,70,470,POWERSPOT,,,Mineral,,Slow,60,165
STOUTLAND,0,Stoutland,,NORMAL,,85,110,90,45,90,80,500,INTIMIDATE,SANDRUSH,SCRAPPY,Field,,Parabolic,45,250
STUFFUL,0,Stufful,,NORMAL,FIGHTING,70,75,50,45,50,50,340,FLUFFY,KLUTZ,CUTECHARM,Field,,Medium,140,68
STUNFISK,0,Stunfisk,,GROUND,ELECTRIC,109,66,84,81,99,32,471,STATIC,LIMBER,SANDVEIL,Water1,Amorphous,Medium,75,165
STUNFISK_1,1,Stunfisk,,GROUND,STEEL,109,81,99,66,84,32,471,MIMICRY,,MIMICRY,Water1,Amorphous,Medium,75,165
STUNKY,0,Stunky,,POISON,DARK,63,63,47,41,41,74,329,STENCH,AFTERMATH,KEENEYE,Field,,Medium,225,66
SUDOWOODO,0,Sudowoodo,,ROCK,,85,100,115,30,75,30,435,MIMICRY,ROCKHEAD,RATTLED,Mineral,,Medium,65,144
SUICUNE,0,Suicune,,WATER,,100,75,115,90,115,85,580,PRESSURE,,INNERFOCUS,Undiscovered,,Slow,3,290
SUNFLORA,0,Sunflora,,GRASS,,75,75,55,105,85,30,425,CHLOROPHYLL,SOLARPOWER,EARLYBIRD,Grass,,Parabolic,120,149
SUNFLORA_1,1,Sunflora,,GRASS,WATER,90,75,75,75,75,35,425,RAINDISH,MIMICRY,CURIOUSMEDICINE,Grass,,Parabolic,120,149
SUNFOOLERY,0,Sunfoolery,,GRASS,WATER,105,85,85,85,105,30,495,RAINDISH,PRANKSTER,CURIOUSMEDICINE,Grass,,Parabolic,120,213
SUNKERN,0,Sunkern,,GRASS,,40,40,40,40,40,40,240,CHLOROPHYLL,MIMICRY,EARLYBIRD,Grass,,Parabolic,235,36
SUNNEE,0,WIP,,NORMAL,SOUND,1,1,1,1,1,1,6,RUNAWAY,,,Undiscovered,,Slow,1,100
SURSKIT,0,Surskit,,BUG,WATER,40,30,32,50,52,65,269,SWIFTSWIM,,RAINDISH,Water1,Bug,Medium,200,54
SWABLU,0,Swablu,,NORMAL,FLYING,45,40,60,40,75,50,310,NATURALCURE,CLOUDNINE,CUTECHARM,Flying,Dragon,Erratic,255,62
SWADLOON,0,Swadloon,,BUG,GRASS,55,63,90,50,80,42,380,LEAFGUARD,CHLOROPHYLL,SILKSURGE,Bug,,Parabolic,120,133
SWALOT,0,Swalot,,POISON,,100,73,83,73,83,55,467,LIQUIDOOZE,STICKYHOLD,GLUTTONY,Amorphous,,Fluctuating,75,163
SWAMPERT,0,Swampert,,WATER,GROUND,100,110,90,85,90,60,535,TORRENT,,DAMP,Monster,Water1,Parabolic,45,268
SWAMPERT_1,1,Swampert,,WATER,GROUND,100,150,110,95,110,70,635,SWIFTSWIM,,SWIFTSWIM,Monster,Water1,Parabolic,45,318
SWANNA,0,Swanna,,WATER,FLYING,75,87,63,87,63,98,473,KEENEYE,BIGPECKS,HYDRATION,Water1,Flying,Medium,45,166
SWELEPHANT,0,Swelephant,,WATER,FIGHTING,105,114,101,60,92,63,535,TORRENT,,PRESSURIZE,Water1,Monster,Parabolic,45,100
SWELLOW,0,Swellow,,SOUND,FLYING,60,85,60,85,50,125,465,GUTS,,AERILATE,Flying,,Parabolic,45,159
SWINUB,0,Swinub,,ICE,GROUND,50,50,40,30,30,50,250,OBLIVIOUS,SNOWCLOAK,THICKFAT,Field,,Slow,225,50
SWIRLIX,0,Swirlix,,FAIRY,,62,48,66,59,57,49,341,SWEETVEIL,,UNBURDEN,Fairy,,Medium,200,68
SWIRLIXX,0,WIP,,NORMAL,SOUND,1,1,1,1,1,1,6,RUNAWAY,,,Undiscovered,,Slow,1,100
SWOOBAT,0,Swoobat,,PSYCHIC,FLYING,67,57,55,77,55,114,425,UNAWARE,KLUTZ,SIMPLE,Field,Flying,Medium,45,149
SYLVEON,0,Sylveon,,FAIRY,,95,65,65,110,130,60,525,CUTECHARM,,PIXILATE,Field,,Medium,45,184
TADBULB,0,Tadbulb,,ELECTRIC,,61,31,41,59,35,45,272,OWNTEMPO,STATIC,DAMP,Water1,,Medium,190,54
TAILLOW,0,Taillow,,NORMAL,FLYING,40,55,30,30,30,85,270,GUTS,,SCRAPPY,Flying,,Parabolic,200,54
TALONFLAME,0,Talonflame,,FIRE,FLYING,78,81,71,74,69,126,499,FLAMEBODY,,GALEWINGS,Flying,,Parabolic,45,175
TANDEMAUS,0,Tandemaus,,NORMAL,,50,50,45,40,45,75,305,RUNAWAY,PICKUP,OWNTEMPO,Field,Fairy,Fast,150,61
TANGELA,0,Tangela,,GRASS,,65,55,115,100,40,60,435,CHLOROPHYLL,LEAFGUARD,REGENERATOR,Grass,,Medium,45,87
TANGROWTH,0,Tangrowth,,GRASS,,100,100,125,110,50,50,535,CHLOROPHYLL,LEAFGUARD,REGENERATOR,Grass,,Medium,30,187
TAPUBULU,0,Tapu Bulu,,GRASS,FAIRY,70,130,115,85,95,75,570,GRASSYSURGE,,TELEPATHY,Undiscovered,,Slow,3,285
TAPUBULUX,0,WIP,,NORMAL,SOUND,1,1,1,1,1,1,6,RUNAWAY,,,Undiscovered,,Slow,1,100
TAPUFINI,0,Tapu Fini,,WATER,FAIRY,70,75,115,95,130,85,570,MISTYSURGE,,TELEPATHY,Undiscovered,,Slow,3,285
TAPUFINIX,0,WIP,,NORMAL,SOUND,1,1,1,1,1,1,6,RUNAWAY,,,Undiscovered,,Slow,1,100
TAPUKOKO,0,Tapu Koko,,ELECTRIC,FAIRY,70,115,85,95,75,130,570,ELECTRICSURGE,,TELEPATHY,Undiscovered,,Slow,3,285
TAPUKOKOX,0,WIP,,NORMAL,SOUND,1,1,1,1,1,1,6,RUNAWAY,,,Undiscovered,,Slow,1,100
TAPULELE,0,Tapu Lele,,PSYCHIC,FAIRY,70,85,75,130,115,95,570,PSYCHICSURGE,,TELEPATHY,Undiscovered,,Slow,3,285
TAPULELEX,0,WIP,,NORMAL,SOUND,1,1,1,1,1,1,6,RUNAWAY,,,Undiscovered,,Slow,1,100
TAROUNTULA,0,Tarountula,,BUG,NORMAL,35,41,45,29,40,20,210,INSOMNIA,SILKSURGE,STAKEOUT,Bug,,Erratic,255,42
TATSUGIRI,0,Tatsugiri,,DRAGON,GRASS,78,60,90,90,105,52,475,STORMDRAIN,RAINDISH,CUDCHEW,Water2,,Parabolic,100,166
TAUROS,0,Tauros,,NORMAL,,85,105,95,30,70,115,500,RECKLESS,ANGERPOINT,INTIMIDATE,Field,,Slow,45,172
TAUROS_1,1,Tauros,,FIGHTING,,85,115,110,30,70,90,500,STAMINA,ANGERPOINT,INTIMIDATE,Field,,Slow,45,172
TAUROS_2,2,Tauros,,FIGHTING,FIRE,85,110,100,30,70,105,500,SHEERFORCE,ANGERPOINT,INTIMIDATE,Field,,Slow,45,172
TAUROS_3,3,Tauros,,FIGHTING,WATER,85,110,100,30,70,105,500,PROPELLERTAIL,ANGERPOINT,INTIMIDATE,Field,,Slow,45,172
TEDDIURSA,0,Teddiursa,,NORMAL,,60,80,50,50,50,40,330,PICKUP,QUICKFEET,HONEYGATHER,Field,,Medium,120,66
TENTACOOL,0,Tentacool,,WATER,POISON,40,40,35,50,100,70,335,CLEARBODY,LIQUIDOOZE,RAINDISH,Water3,,Slow,190,67
TENTACRUEL,0,Tentacruel,,WATER,POISON,80,70,65,80,120,100,515,CLEARBODY,LIQUIDOOZE,RAINDISH,Water3,,Slow,60,180
TEPIG,0,Tepig,,FIRE,,65,63,45,45,45,45,308,BLAZE,,THICKFAT,Field,,Parabolic,45,62
TERAPAGOS,0,Terapagos,,NORMAL,,90,65,85,65,85,60,450,TERASHIFT,,,Undiscovered,,Slow,255,90
TERAPAGOS_1,1,Terapagos,,NORMAL,,95,95,110,105,110,85,600,TERASHELL,,,Undiscovered,,Slow,255,90
TERAPAGOS_2,2,Terapagos,,NORMAL,,160,105,110,130,110,85,700,TERAFORMZERO,,,Undiscovered,,Slow,255,90
TERRAKION,0,Terrakion,,ROCK,FIGHTING,91,129,90,72,90,108,580,JUSTIFIED,,,Undiscovered,,Slow,3,290
THIEVUL,0,Thievul,,DARK,,70,58,58,87,92,90,455,RUNAWAY,UNBURDEN,STAKEOUT,Field,,Fast,127,159
THROH,0,Throh,,FIGHTING,,120,100,85,30,85,45,465,GUTS,INNERFOCUS,MOLDBREAKER,Humanlike,,Medium,45,163
THUNDURUS,0,Thundurus,,ELECTRIC,FLYING,79,115,70,125,80,111,580,PRANKSTER,,DEFIANT,Undiscovered,,Slow,3,290
THUNDURUS_1,1,Thundurus,,ELECTRIC,FLYING,79,105,70,145,80,101,580,VOLTABSORB,,VOLTABSORB,Undiscovered,,Slow,3,290
THWACKEY,0,Thwackey,,GRASS,,70,85,70,55,60,80,420,OVERGROW,,GRASSYSURGE,Field,Grass,Parabolic,45,147
TIMBURR,0,Timburr,,FIGHTING,,75,80,55,25,35,35,305,GUTS,SHEERFORCE,IRONFIST,Humanlike,,Parabolic,180,61
TINGLU,0,Ting-Lu,,DARK,GROUND,155,110,125,55,80,45,570,VESSELOFRUIN,,,Undiscovered,,Slow,6,285
TINKATINK,0,Tinkatink,,FAIRY,STEEL,50,45,45,35,64,58,297,MOLDBREAKER,OWNTEMPO,PICKPOCKET,Fairy,,Parabolic,190,59
TINKATON,0,Tinkaton,,FAIRY,STEEL,85,75,77,70,105,94,506,MOLDBREAKER,OWNTEMPO,PICKPOCKET,Fairy,,Parabolic,45,253
TINKATUFF,0,Tinkatuff,,FAIRY,STEEL,65,55,55,45,82,78,380,MOLDBREAKER,OWNTEMPO,PICKPOCKET,Fairy,,Parabolic,90,133
TIRTOUGA,0,Tirtouga,,WATER,ROCK,54,78,103,53,45,22,355,SOLIDROCK,STURDY,SWIFTSWIM,Water1,Water3,Medium,45,71
TOEDSCOOL,0,Toedscool,,GROUND,GRASS,40,40,35,50,100,70,335,MYCELIUMMIGHT,,,Grass,,Parabolic,190,67
TOEDSCRUEL,0,Toedscruel,,GROUND,GRASS,80,70,65,80,120,100,515,MYCELIUMMIGHT,,,Grass,,Parabolic,90,180
TOGEDEMARU,0,Togedemaru,,ELECTRIC,STEEL,65,98,63,40,73,96,435,IRONBARBS,LIGHTNINGROD,STURDY,Field,Fairy,Medium,180,152
TOGEKISS,0,Togekiss,,FAIRY,FLYING,85,50,95,120,115,80,545,HEALER,SERENEGRACE,SUPERLUCK,Flying,Fairy,Fast,30,273
TOGEPI,0,Togepi,,FAIRY,,35,20,65,40,65,20,245,HUSTLE,SERENEGRACE,SUPERLUCK,Undiscovered,,Fast,190,49
TOGETIC,0,Togetic,,FAIRY,FLYING,55,40,85,80,105,40,405,HEALER,SERENEGRACE,SUPERLUCK,Flying,Fairy,Fast,75,142
TOKAKLE,0,Tokakle,,SOUND,,66,99,77,66,77,99,484,SIMPLE,PRANKSTER,PROTEAN,Amorphous,,Fast,200,149
TORCHIC,0,Torchic,,FIRE,,45,60,40,70,50,45,310,BLAZE,,SPEEDBOOST,Field,,Parabolic,45,62
TORKOAL,0,Torkoal,,FIRE,,70,85,140,85,70,20,470,WHITESMOKE,DROUGHT,SHELLARMOR,Field,,Medium,90,165
TORNADUS,0,Tornadus,,FLYING,,79,115,70,125,80,111,580,PRANKSTER,,DEFIANT,Undiscovered,,Slow,3,290
TORNADUS_1,1,Tornadus,,FLYING,,79,100,80,110,90,121,580,REGENERATOR,,REGENERATOR,Undiscovered,,Slow,3,290
TORRACAT,0,Torracat,,FIRE,,65,85,50,80,50,90,420,BLAZE,,INTIMIDATE,Field,,Parabolic,45,147
TORTERRA,0,Torterra,,GRASS,GROUND,95,109,105,75,85,56,525,OVERGROW,,SHELLARMOR,Monster,Grass,Parabolic,45,263
TOTODILE,0,Totodile,,WATER,,50,65,64,44,48,43,314,TORRENT,,SHEERFORCE,Monster,Water1,Parabolic,45,63
TOUCANNON,0,Toucannon,,NORMAL,FLYING,80,120,75,75,75,60,485,KEENEYE,SKILLLINK,SHEERFORCE,Flying,,Medium,45,243
TOXAPEX,0,Toxapex,,POISON,WATER,50,63,152,53,142,35,495,MERCILESS,LIMBER,REGENERATOR,Water1,,Medium,75,173
TOXAPEXX,0,WIP,,NORMAL,SOUND,1,1,1,1,1,1,6,RUNAWAY,,,Undiscovered,,Slow,1,100
TOXEL,0,Toxel,,ELECTRIC,POISON,40,38,35,54,35,40,242,RATTLED,STATIC,KLUTZ,Undiscovered,,Parabolic,75,48
TOXICROAK,0,Toxicroak,,POISON,FIGHTING,83,106,65,96,65,85,500,POISONTOUCH,DRYSKIN,COMPETITIVE,Humanlike,,Medium,75,172
TOXTRICITY,0,Toxtricity,,ELECTRIC,SOUND,75,98,70,114,70,75,502,PUNKROCK,PLUS,TECHNICIAN,Humanlike,,Parabolic,45,176
TOXTRICITY_1,1,Toxtricity,,SOUND,POISON,75,98,70,114,70,75,502,PUNKROCK,MINUS,TECHNICIAN,Humanlike,,Parabolic,45,176
TRANQUILL,0,Tranquill,,NORMAL,FLYING,62,77,62,50,42,65,358,BIGPECKS,SUPERLUCK,RIVALRY,Flying,,Parabolic,120,125
TRAPINCH,0,Trapinch,,GROUND,,45,100,45,45,45,10,290,HYPERCUTTER,ARENATRAP,SHEERFORCE,Bug,Dragon,Parabolic,255,58
TREECKO,0,Treecko,,GRASS,,40,45,35,65,55,70,310,OVERGROW,,UNBURDEN,Monster,Dragon,Parabolic,45,62
TREVENANT,0,Trevenant,,GHOST,GRASS,85,120,82,65,82,56,490,NATURALCURE,DISHEARTEN,HARVEST,Grass,Amorphous,Medium,60,166
TRIFOX,0,WIP,,NORMAL,SOUND,1,1,1,1,1,1,6,RUNAWAY,,,Undiscovered,,Slow,1,100
TRISHOUT,0,Trishout,,FIRE,SOUND,58,75,55,48,49,65,350,KEENEYE,,ASTRALRISING,Undiscovered,,Slow,45,100
TRISHOUTX,0,Trishout,,FIRE,SOUND,88,54,105,95,69,89,500,CACOPHONY,,,Undiscovered,,Slow,45,100
TRISHOUT_1,1,Trishout,,FIRE,SOUND,88,105,60,55,54,88,450,GUTS,,SOLARPOWER,Undiscovered,,Slow,45,100
TRISHOUT_2,2,Trishout,,FIRE,SOUND,118,120,74,60,74,104,550,CACOPHONY,,SOLARPOWER,Undiscovered,,Slow,45,100
TRISHOUT_3,3,Trishout,,FIRE,SOUND,133,140,100,95,85,127,680,ASTRALRISING,,ASTRALRISING,Undiscovered,,Slow,45,100
TROGLOLITH,0,Troglolith,,NORMAL,ROCK,95,105,95,50,60,90,495,DEFIANT,,PRIMALPOWER,Humanlike,Field,Medium,75,181
TROGLOLITH_1,1,Troglolith,,NORMAL,ROCK,95,90,105,40,80,75,485,DEFIANT,,PRIMALPOWER,Humanlike,Field,Medium,75,181
TROPIUS,0,Tropius,,GRASS,FLYING,99,68,83,72,87,51,460,CHLOROPHYLL,SOLARPOWER,HARVEST,Monster,Grass,Slow,200,161
TRUBBISH,0,Trubbish,,POISON,,50,50,62,40,62,65,329,STENCH,STICKYHOLD,TOXICDEBRIS,Mineral,,Medium,190,66
TRUMBEAK,0,Trumbeak,,NORMAL,FLYING,55,85,50,40,50,75,355,KEENEYE,SKILLLINK,PICKUP,Flying,,Medium,120,124
TSAREENA,0,Tsareena,,GRASS,,72,120,98,50,98,72,510,LEAFGUARD,QUEENLYMAJESTY,SWEETVEIL,Grass,,Parabolic,45,255
TURTONATOR,0,Turtonator,,FIRE,DRAGON,125,60,91,94,85,30,485,ANGERSHELL,SHELLARMOR,CONFLAGRATE,Monster,Dragon,Medium,70,170
TURTWIG,0,Turtwig,,GRASS,,55,68,64,45,55,31,318,OVERGROW,,SHELLARMOR,Monster,Grass,Parabolic,45,64
TWINZ,0,WIP,,NORMAL,SOUND,1,1,1,1,1,1,6,RUNAWAY,,,Undiscovered,,Slow,1,100
TYMPOLE,0,Tympole,,WATER,SOUND,50,50,40,50,40,64,294,SWIFTSWIM,HYDRATION,WATERABSORB,Water1,,Parabolic,255,59
TYNAMO,0,Tynamo,,ELECTRIC,,35,55,40,45,40,60,275,LEVITATE,,,Amorphous,,Slow,190,55
TYPENULL,0,Type: Null,,NORMAL,,95,95,95,95,95,59,534,BATTLEARMOR,,,Undiscovered,,Slow,3,107
TYPHLOSION,0,Typhlosion,,FIRE,NORMAL,80,90,85,100,70,110,535,BLAZE,,COMPETITIVE,Field,,Parabolic,45,267
TYPHLOSION_1,1,Typhlosion,,FIRE,GHOST,80,77,78,120,85,95,535,BLAZE,,SERENEGRACE,Field,,Parabolic,45,267
TYRANITAR,0,Tyranitar,,ROCK,DARK,100,134,110,95,100,61,600,SANDSTREAM,,UNNERVE,Monster,,Slow,45,300
TYRANITARX,0,WIP,,NORMAL,SOUND,1,1,1,1,1,1,6,RUNAWAY,,,Undiscovered,,Slow,1,100
TYRANITAR_1,1,Tyranitar,,ROCK,DARK,100,164,150,95,120,71,700,SANDSTREAM,,SANDSTREAM,Monster,,Slow,45,350
TYRANTRUM,0,Tyrantrum,,ROCK,DRAGON,82,121,119,69,59,71,521,STRONGJAW,,ROCKHEAD,Monster,Dragon,Medium,45,182
TYROGUE,0,Tyrogue,,FIGHTING,,40,55,55,35,55,55,295,GUTS,STEADFAST,SCRAPPY,Undiscovered,,Medium,75,42
TYRUNT,0,Tyrunt,,ROCK,DRAGON,58,89,77,45,45,48,362,STRONGJAW,,STURDY,Monster,Dragon,Medium,45,72
UMBREON,0,Umbreon,,DARK,,95,65,110,60,130,65,525,SYNCHRONIZE,,INNERFOCUS,Field,,Medium,45,184
UNFEZANT,0,Unfezant,,NORMAL,FLYING,80,115,80,65,55,93,488,BIGPECKS,SUPERLUCK,RIVALRY,Flying,,Parabolic,45,244
UNOWN,0,Unown,,PSYCHIC,,48,72,48,72,48,48,336,LEVITATE,,,Undiscovered,,Medium,225,118
UNOWN_1,1,Unown,,PSYCHIC,,48,72,48,72,48,48,336,LEVITATE,,,Undiscovered,,Medium,225,118
UNOWN_10,10,Unown,,PSYCHIC,,48,72,48,72,48,48,336,LEVITATE,,,Undiscovered,,Medium,225,118
UNOWN_11,11,Unown,,PSYCHIC,,48,72,48,72,48,48,336,LEVITATE,,,Undiscovered,,Medium,225,118
UNOWN_12,12,Unown,,PSYCHIC,,48,72,48,72,48,48,336,LEVITATE,,,Undiscovered,,Medium,225,118
UNOWN_13,13,Unown,,PSYCHIC,,48,72,48,72,48,48,336,LEVITATE,,,Undiscovered,,Medium,225,118
UNOWN_14,14,Unown,,PSYCHIC,,48,72,48,72,48,48,336,LEVITATE,,,Undiscovered,,Medium,225,118
UNOWN_15,15,Unown,,PSYCHIC,,48,72,48,72,48,48,336,LEVITATE,,,Undiscovered,,Medium,225,118
UNOWN_16,16,Unown,,PSYCHIC,,48,72,48,72,48,48,336,LEVITATE,,,Undiscovered,,Medium,225,118
UNOWN_17,17,Unown,,PSYCHIC,,48,72,48,72,48,48,336,LEVITATE,,,Undiscovered,,Medium,225,118
UNOWN_18,18,Unown,,PSYCHIC,,48,72,48,72,48,48,336,LEVITATE,,,Undiscovered,,Medium,225,118
UNOWN_19,19,Unown,,PSYCHIC,,48,72,48,72,48,48,336,LEVITATE,,,Undiscovered,,Medium,225,118
UNOWN_2,2,Unown,,PSYCHIC,,48,72,48,72,48,48,336,LEVITATE,,,Undiscovered,,Medium,225,118
UNOWN_20,20,Unown,,PSYCHIC,,48,72,48,72,48,48,336,LEVITATE,,,Undiscovered,,Medium,225,118
UNOWN_21,21,Unown,,PSYCHIC,,48,72,48,72,48,48,336,LEVITATE,,,Undiscovered,,Medium,225,118
UNOWN_22,22,Unown,,PSYCHIC,,48,72,48,72,48,48,336,LEVITATE,,,Undiscovered,,Medium,225,118
UNOWN_23,23,Unown,,PSYCHIC,,48,72,48,72,48,48,336,LEVITATE,,,Undiscovered,,Medium,225,118
UNOWN_24,24,Unown,,PSYCHIC,,48,72,48,72,48,48,336,LEVITATE,,,Undiscovered,,Medium,225,118
UNOWN_25,25,Unown,,PSYCHIC,,48,72,48,72,48,48,336,LEVITATE,,,Undiscovered,,Medium,225,118
UNOWN_26,26,Unown,,PSYCHIC,,48,72,48,72,48,48,336,LEVITATE,,,Undiscovered,,Medium,225,118
UNOWN_27,27,Unown,,PSYCHIC,,48,72,48,72,48,48,336,LEVITATE,,,Undiscovered,,Medium,225,118
UNOWN_28,28,Unown,,PSYCHIC,,48,72,48,108,48,72,396,LIBERO,,PUREPOWER,Undiscovered,,Medium,225,118
UNOWN_29,29,Unown,,PSYCHIC,,48,108,48,72,48,72,396,PROTEAN,,MYSTICFORCE,Undiscovered,,Medium,225,118
UNOWN_3,3,Unown,,PSYCHIC,,48,72,48,72,48,48,336,LEVITATE,,,Undiscovered,,Medium,225,118
UNOWN_4,4,Unown,,PSYCHIC,,48,72,48,72,48,48,336,LEVITATE,,,Undiscovered,,Medium,225,118
UNOWN_5,5,Unown,,PSYCHIC,,48,72,48,72,48,48,336,LEVITATE,,,Undiscovered,,Medium,225,118
UNOWN_6,6,Unown,,PSYCHIC,,48,72,48,72,48,48,336,LEVITATE,,,Undiscovered,,Medium,225,118
UNOWN_7,7,Unown,,PSYCHIC,,48,72,48,72,48,48,336,LEVITATE,,,Undiscovered,,Medium,225,118
UNOWN_8,8,Unown,,PSYCHIC,,48,72,48,72,48,48,336,LEVITATE,,,Undiscovered,,Medium,225,118
UNOWN_9,9,Unown,,PSYCHIC,,48,72,48,72,48,48,336,LEVITATE,,,Undiscovered,,Medium,225,118
URSALUNA,0,Ursaluna,,GROUND,NORMAL,130,140,105,45,80,50,550,GUTS,BULLETPROOF,UNNERVE,Field,,Medium,20,275
URSALUNA_1,1,Ursaluna,,GROUND,NORMAL,113,70,120,135,65,52,555,MINDSEYE,,UNNERVE,Field,,Medium,20,275
URSARING,0,Ursaring,,NORMAL,,90,130,75,75,75,55,500,GUTS,QUICKFEET,UNNERVE,Field,,Medium,60,175
URSHIFU,0,Urshifu,,FIGHTING,DARK,100,130,100,63,60,97,550,UNSEENFIST,,,Undiscovered,,Slow,3,275
URSHIFU_1,1,Urshifu,,FIGHTING,WATER,100,130,100,63,60,97,550,UNSEENFIST,,,Undiscovered,,Slow,3,275
UXIE,0,Uxie,,PSYCHIC,,75,75,130,75,130,95,580,LEVITATE,,,Undiscovered,,Slow,3,290
VANILLISH,0,Vanillish,,ICE,,51,65,65,80,75,59,395,ICEBODY,SNOWCLOAK,WEAKARMOR,Mineral,,Slow,120,138
VANILLITE,0,Vanillite,,ICE,,36,50,50,65,60,44,305,ICEBODY,SNOWCLOAK,WEAKARMOR,Mineral,,Slow,255,61
VANILLUXE,0,Vanilluxe,,ICE,,71,95,85,110,95,79,535,ICEBODY,SNOWWARNING,WEAKARMOR,Mineral,,Slow,45,268
VAPOREON,0,Vaporeon,,WATER,,130,65,60,110,95,65,525,WATERABSORB,,HYDRATION,Field,,Medium,45,184
VAROOM,0,Varoom,,STEEL,POISON,45,70,63,30,45,47,300,OVERCOAT,,SLOWSTART,Mineral,,Medium,190,60
VELUZA,0,Veluza,,WATER,PSYCHIC,90,102,73,78,65,70,478,MOLDBREAKER,,SHARPNESS,Water2,,Fast,100,167
VENIPEDE,0,Venipede,,BUG,POISON,30,45,59,30,39,57,260,POISONPOINT,SWARM,SPEEDBOOST,Bug,,Parabolic,255,52
VENOMOTH,0,Venomoth,,BUG,POISON,70,65,60,90,75,90,450,SHIELDDUST,TINTEDLENS,WONDERSKIN,Bug,,Medium,75,158
VENONAT,0,Venonat,,BUG,POISON,60,55,50,40,55,45,305,COMPOUNDEYES,TINTEDLENS,RUNAWAY,Bug,,Medium,190,61
VENUSAUR,0,Venusaur,,GRASS,POISON,80,82,83,100,100,80,525,OVERGROW,,CHLOROPHYLL,Monster,Grass,Parabolic,45,263
VENUSAUR_1,1,Venusaur,,GRASS,POISON,80,100,123,122,120,80,625,THICKFAT,,THICKFAT,Monster,Grass,Parabolic,45,313
VESPERFUM,0,Vesperfum,,GRASS,DARK,85,72,75,118,75,110,535,OVERGROW,,UNBURDEN,Grass,Flying,Parabolic,45,100
VESPIQUEN,0,Vespiquen,,BUG,,102,80,102,80,102,40,506,QUEENLYMAJESTY,,HIVESHIELD,Bug,,Parabolic,45,166
VIBRAVA,0,Vibrava,,GROUND,DRAGON,50,70,50,50,50,70,340,LEVITATE,DUSTDEVIL,COMPOUNDEYES,Bug,Dragon,Parabolic,120,119
VICTINI,0,Victini,,PSYCHIC,FIRE,100,100,100,100,100,100,600,VICTORYSTAR,,,Undiscovered,,Slow,3,300
VICTREEBEL,0,Victreebel,,GRASS,POISON,80,105,65,100,70,70,490,CHLOROPHYLL,,GLUTTONY,Grass,,Parabolic,45,245
VIGOROTH,0,Vigoroth,,NORMAL,,80,80,80,55,55,90,440,VITALSPIRIT,,,Field,,Slow,120,154
VIKAVOLT,0,Vikavolt,,BUG,ELECTRIC,77,70,90,145,75,43,500,LEVITATE,,ELECTROMORPHOSIS,Bug,,Medium,45,250
VILEPLUME,0,Vileplume,,GRASS,POISON,75,80,85,110,90,50,490,EFFECTSPORE,AROMAVEIL,CORROSION,Grass,,Parabolic,45,245
VIRIZION,0,Virizion,,GRASS,FIGHTING,91,90,72,90,129,108,580,JUSTIFIED,,,Undiscovered,,Slow,3,290
VIVILLON,0,Vivillon,,BUG,FLYING,80,52,50,90,50,89,411,SHIELDDUST,COMPOUNDEYES,FRIENDGUARD,Bug,,Medium,45,206
VIVILLON_1,1,Vivillon,,BUG,FLYING,80,52,50,90,50,89,411,SHIELDDUST,COMPOUNDEYES,FRIENDGUARD,Bug,,Medium,45,206
VIVILLON_10,10,Vivillon,,BUG,FLYING,80,52,50,90,50,89,411,SHIELDDUST,COMPOUNDEYES,FRIENDGUARD,Bug,,Medium,45,206
VIVILLON_11,11,Vivillon,,BUG,FLYING,80,52,50,90,50,89,411,SHIELDDUST,COMPOUNDEYES,FRIENDGUARD,Bug,,Medium,45,206
VIVILLON_12,12,Vivillon,,BUG,FLYING,80,52,50,90,50,89,411,SHIELDDUST,COMPOUNDEYES,FRIENDGUARD,Bug,,Medium,45,206
VIVILLON_13,13,Vivillon,,BUG,FLYING,80,52,50,90,50,89,411,SHIELDDUST,COMPOUNDEYES,FRIENDGUARD,Bug,,Medium,45,206
VIVILLON_14,14,Vivillon,,BUG,FLYING,80,52,50,90,50,89,411,SHIELDDUST,COMPOUNDEYES,FRIENDGUARD,Bug,,Medium,45,206
VIVILLON_15,15,Vivillon,,BUG,FLYING,80,52,50,90,50,89,411,SHIELDDUST,COMPOUNDEYES,FRIENDGUARD,Bug,,Medium,45,206
VIVILLON_16,16,Vivillon,,BUG,FLYING,80,52,50,90,50,89,411,SHIELDDUST,COMPOUNDEYES,FRIENDGUARD,Bug,,Medium,45,206
VIVILLON_17,17,Vivillon,,BUG,FLYING,80,52,50,90,50,89,411,SHIELDDUST,COMPOUNDEYES,FRIENDGUARD,Bug,,Medium,45,206
VIVILLON_18,18,Vivillon,,BUG,FLYING,80,52,50,90,50,89,411,SHIELDDUST,COMPOUNDEYES,FRIENDGUARD,Bug,,Medium,45,206
VIVILLON_19,19,Vivillon,,BUG,FLYING,80,52,50,90,50,89,411,SHIELDDUST,COMPOUNDEYES,FRIENDGUARD,Bug,,Medium,45,206
VIVILLON_2,2,Vivillon,,BUG,FLYING,80,52,50,90,50,89,411,SHIELDDUST,COMPOUNDEYES,FRIENDGUARD,Bug,,Medium,45,206
VIVILLON_3,3,Vivillon,,BUG,FLYING,80,52,50,90,50,89,411,SHIELDDUST,COMPOUNDEYES,FRIENDGUARD,Bug,,Medium,45,206
VIVILLON_4,4,Vivillon,,BUG,FLYING,80,52,50,90,50,89,411,SHIELDDUST,COMPOUNDEYES,FRIENDGUARD,Bug,,Medium,45,206
VIVILLON_5,5,Vivillon,,BUG,FLYING,80,52,50,90,50,89,411,SHIELDDUST,COMPOUNDEYES,FRIENDGUARD,Bug,,Medium,45,206
VIVILLON_6,6,Vivillon,,BUG,FLYING,80,52,50,90,50,89,411,SHIELDDUST,COMPOUNDEYES,FRIENDGUARD,Bug,,Medium,45,206
VIVILLON_7,7,Vivillon,,BUG,FLYING,80,52,50,90,50,89,411,SHIELDDUST,COMPOUNDEYES,FRIENDGUARD,Bug,,Medium,45,206
VIVILLON_8,8,Vivillon,,BUG,FLYING,80,52,50,90,50,89,411,SHIELDDUST,COMPOUNDEYES,FRIENDGUARD,Bug,,Medium,45,206
VIVILLON_9,9,Vivillon,,BUG,FLYING,80,52,50,90,50,89,411,SHIELDDUST,COMPOUNDEYES,FRIENDGUARD,Bug,,Medium,45,206
VOLBEAT,0,Volbeat,,BUG,,65,73,75,47,85,85,430,ILLUMINATE,SWARM,PRANKSTER,Bug,Humanlike,Erratic,150,151
VOLCANION,0,Volcanion,,FIRE,WATER,80,110,120,130,90,70,600,WATERABSORB,,,Undiscovered,,Slow,3,300
VOLCARONA,0,Volcarona,,BUG,FIRE,85,60,65,135,105,100,550,FLAMEBODY,,SWARM,Bug,,Slow,15,275
VOLTORB,0,Voltorb,,ELECTRIC,,40,30,50,55,55,100,330,SOUNDPROOF,STATIC,AFTERMATH,Mineral,,Medium,190,66
VOLTORB_1,1,Voltorb,,ELECTRIC,GRASS,40,30,50,55,55,100,330,STATIC,SOLARPOWER,AFTERMATH,Mineral,,Medium,190,66
VROOMBUG,0,Vroombug,,BUG,SOUND,50,65,55,40,40,90,340,AFTERMATH,SPEEDBOOST,FILTER,Bug,Mineral,Medium,255,63
VULLABY,0,Vullaby,,DARK,FLYING,70,55,75,45,65,60,370,BIGPECKS,OVERCOAT,WEAKARMOR,Flying,,Slow,190,74
VULPIX,0,Vulpix,,FIRE,,38,41,40,50,65,65,299,DROUGHT,FLASHFIRE,ILLUSION,Field,,Medium,190,60
VULPIX_1,1,Vulpix,,ICE,,38,41,40,50,65,65,299,SNOWWARNING,SNOWCLOAK,ILLUSION,Field,,Medium,190,60
VYELLOR,0,Vyellor,,BUG,SOUND,70,120,60,45,80,120,495,SWARM,XENOMELODY,SHIELDDUST,Bug,,Medium,1,175
WAILMER,0,Wailmer,,WATER,,130,70,35,70,35,60,400,WATERVEIL,OBLIVIOUS,PRESSURE,Field,Water2,Fluctuating,125,80
WAILORD,0,Wailord,,WATER,,170,90,45,90,45,60,500,WATERVEIL,OBLIVIOUS,PRESSURE,Field,Water2,Fluctuating,60,175
WALKINGWAKE,0,Walking Wake,,WATER,DRAGON,99,83,91,125,83,109,590,PROTOSYNTHESIS,,,Undiscovered,,Slow,5,295
WALREIN,0,Walrein,,ICE,WATER,110,90,90,95,90,55,530,THICKFAT,ICEBODY,OBLIVIOUS,Water1,Field,Parabolic,45,265
WARTORTLE,0,Wartortle,,WATER,,59,63,80,65,80,58,405,TORRENT,,RAINDISH,Monster,Water1,Parabolic,45,142
WARWOLF,0,Warwolf,,ICE,FIGHTING,90,110,85,50,95,70,500,ICEBODY,FURCOAT,SLUSHRUSH,Field,Humanlike,Slow,75,160
WATCHOG,0,Watchog,,NORMAL,,60,85,69,60,69,77,420,ILLUMINATE,KEENEYE,ANALYTIC,Field,,Medium,255,147
WATTREL,0,Wattrel,,ELECTRIC,FLYING,40,40,35,55,40,70,280,WINDPOWER,VOLTABSORB,COMPETITIVE,Water1,Flying,Parabolic,180,56
WEAVILE,0,Weavile,,DARK,ICE,70,120,65,45,85,125,510,PRESSURE,KEENEYE,PICKPOCKET,Field,,Parabolic,45,179
WEEDLE,0,Weedle,,BUG,POISON,40,35,30,20,20,50,195,SHIELDDUST,,RUNAWAY,Bug,,Medium,255,39
WEEPINBELL,0,Weepinbell,,GRASS,POISON,65,90,50,85,45,55,390,CHLOROPHYLL,,GLUTTONY,Grass,,Parabolic,120,137
WEEZING,0,Weezing,,POISON,,65,90,120,90,70,60,495,LEVITATE,CAUSTICFUMES,NEUTRALIZINGGAS,Amorphous,,Medium,60,172
WEEZING_1,1,Weezing,,POISON,FAIRY,65,95,90,120,70,65,505,LEVITATE,NEUTRALIZINGGAS,MISTYSURGE,Amorphous,,Medium,60,172
WHIMSICOTT,0,Whimsicott,,GRASS,FAIRY,60,67,85,77,75,116,480,PRANKSTER,INFILTRATOR,CHLOROPHYLL,Grass,Fairy,Medium,75,168
WHIRLIPEDE,0,Whirlipede,,BUG,POISON,40,55,99,40,79,47,360,POISONPOINT,SWARM,SPEEDBOOST,Bug,,Parabolic,120,126
WHISCASH,0,Whiscash,,WATER,GROUND,110,78,73,76,71,60,468,OBLIVIOUS,ANTICIPATION,HYDRATION,Water2,,Medium,75,164
WHISMUR,0,Whismur,,SOUND,,64,51,28,51,28,18,240,SOUNDPROOF,RATTLED,CACOPHONY,Monster,Field,Parabolic,190,48
WHISTERACT,0,Whisteract,,GHOST,FAIRY,95,52,90,90,95,43,465,SPIRITFEAST,,LEVITATE,Amorphous,Fairy,Medium,45,168
WIGGLYTUFF,0,Wigglytuff,,SOUND,FAIRY,140,65,70,85,75,30,465,CUTECHARM,COMPETITIVE,HUGEPOWER,Fairy,,Fast,50,218
WIGLETT,0,Wiglett,,WATER,,10,55,25,35,25,95,245,GOOEY,RATTLED,SANDVEIL,Water3,,Medium,255,49
WIMPOD,0,Wimpod,,BUG,WATER,25,35,40,20,30,80,230,WIMPOUT,,SHELLARMOR,Bug,Water3,Medium,90,46
WINGULL,0,Wingull,,WATER,FLYING,40,30,30,55,30,85,270,KEENEYE,HYDRATION,RAINDISH,Water1,Flying,Medium,190,54
WISHIWASHI,0,Wishiwashi,,WATER,,45,20,20,25,25,40,175,SCHOOLING,,,Water2,,Fast,60,61
WISHIWASHI_1,1,Wishiwashi,,WATER,,45,140,130,140,135,30,620,SCHOOLING,,,Water2,,Fast,60,217
WOBBUFFET,0,Wobbuffet,,PSYCHIC,,190,33,58,33,58,33,405,SHADOWTAG,,TELEPATHY,Amorphous,,Medium,45,142
WOCHIEN,0,Wo-Chien,,DARK,GRASS,85,85,100,95,135,70,570,TABLETSOFRUIN,,,Undiscovered,,Slow,6,285
WOLFMAN,0,Wolfman,,ICE,,60,65,50,45,60,45,325,ICEBODY,FURCOAT,SLUSHRUSH,Field,Humanlike,Slow,120,100
WOOBAT,0,Woobat,,PSYCHIC,FLYING,65,45,43,55,43,72,323,UNAWARE,KLUTZ,SIMPLE,Field,Flying,Medium,190,65
WOOLOO,0,Wooloo,,NORMAL,,42,40,55,40,45,48,270,FLUFFY,RUNAWAY,BULLETPROOF,Field,,Medium,255,122
WOOPER,0,Wooper,,WATER,GROUND,80,45,45,25,35,15,245,DAMP,WATERABSORB,UNAWARE,Water1,Field,Medium,255,42
WOOPER_1,1,Wooper,,POISON,GROUND,80,45,45,25,35,15,245,POISONPOINT,WATERABSORB,UNAWARE,Water1,Field,Medium,255,42
WORMADAM,0,Wormadam,,BUG,GRASS,60,59,85,79,105,36,424,ANTICIPATION,,OVERCOAT,Bug,,Medium,45,148
WORMADAM_1,1,Wormadam,,BUG,GROUND,60,79,105,59,85,36,424,ANTICIPATION,,OVERCOAT,Bug,,Medium,45,148
WORMADAM_2,2,Wormadam,,BUG,STEEL,60,69,95,69,95,36,424,ANTICIPATION,,OVERCOAT,Bug,,Medium,45,148
WUGTRIO,0,Wugtrio,,WATER,,35,100,50,50,70,120,425,GOOEY,RATTLED,SANDVEIL,Water3,,Medium,50,149
WURMPLE,0,Wurmple,,BUG,,45,45,35,20,30,20,195,SHIELDDUST,,RUNAWAY,Bug,,Medium,255,56
WYNAUT,0,Wynaut,,PSYCHIC,,95,23,48,23,48,23,260,SHADOWTAG,,TELEPATHY,Undiscovered,,Medium,125,52
WYRDEER,0,Wyrdeer,,NORMAL,PSYCHIC,103,105,72,105,75,65,525,INTIMIDATE,FLUFFY,OPPORTUNIST,Field,,Slow,45,263
WYSTEARIA,0,Wystearia,,GRASS,SOUND,95,54,86,120,121,20,496,REVERB,,GRASSYSURGE,Grass,Fairy,Medium,120,179
XATU,0,Xatu,,PSYCHIC,FLYING,80,60,90,105,75,95,505,POWERSPOT,EARLYBIRD,MAGICBOUNCE,Flying,,Medium,75,165
XERNEAS,0,Xerneas,,FAIRY,,126,131,95,131,98,99,680,FAIRYAURA,,,Undiscovered,,Slow,45,340
XERNEAS_1,1,Xerneas,,FAIRY,,126,131,95,131,98,99,680,FAIRYAURA,,,Undiscovered,,Slow,45,340
XURKITREE,0,Xurkitree,,ELECTRIC,,83,89,71,173,71,83,570,BEASTBOOST,,,Undiscovered,,Slow,45,285
YAMASK,0,Yamask,,GHOST,,38,30,85,55,65,30,303,MUMMY,,OVERCOAT,Mineral,Amorphous,Medium,190,61
YAMASKX,0,Yamask,,WATER,ROCK,85,30,38,65,55,30,303,STORMDRAIN,HEALER,WATERBUBBLE,Xenoverse,,Medium,190,161
YAMASK_1,1,Yamask,,GROUND,GHOST,38,55,85,30,65,30,303,WANDERINGSPIRIT,,OVERCOAT,Mineral,Amorphous,Medium,190,61
YAMPER,0,Yamper,,ELECTRIC,,59,45,50,40,50,26,270,BALLFETCH,,RATTLED,Field,,Fast,255,54
YANMA,0,Yanma,,BUG,FLYING,65,65,45,75,45,95,390,SPEEDBOOST,TINTEDLENS,COMPOUNDEYES,Bug,,Medium,75,78
YANMEGA,0,Yanmega,,BUG,FLYING,86,76,86,116,56,105,525,SPEEDBOOST,TINTEDLENS,FRISK,Bug,,Medium,30,180
YARDREAVUS,0,Yardreavus,,DARK,POISON,85,85,85,60,60,60,435,WATERABSORB,WINDRIDER,LEVITATE,Amorphous,,Fast,45,87
YARMAGIUS,0,Yarmagius,,DARK,POISON,105,105,105,60,60,60,495,WATERABSORB,WINDRIDER,LEVITATE,Amorphous,,Fast,45,173
YEMIN,0,Yemin,,NORMAL,FIGHTING,30,40,35,30,30,55,220,INNERFOCUS,TECHNICIAN,GUTS,Field,Humanlike,Medium,255,100
YUNGOOS,0,Yungoos,,NORMAL,,48,70,30,30,30,45,253,STAKEOUT,STRONGJAW,ADAPTABILITY,Field,,Medium,255,51
YVELTAL,0,Yveltal,,DARK,FLYING,126,131,95,131,98,99,680,DARKAURA,,,Undiscovered,,Slow,45,340
ZACIAN,0,Zacian,,FAIRY,,92,130,115,80,115,138,670,INTREPIDSWORD,,,Undiscovered,,Slow,10,335
ZACIAN_1,1,Zacian,,FAIRY,STEEL,92,170,115,80,115,148,720,INTREPIDSWORD,,,Undiscovered,,Slow,10,360
ZAMAZENTA,0,Zamazenta,,FIGHTING,,92,130,115,80,115,138,670,DAUNTLESSSHIELD,,,Undiscovered,,Slow,10,335
ZAMAZENTA_1,1,Zamazenta,,FIGHTING,STEEL,92,130,145,80,145,128,720,DAUNTLESSSHIELD,,,Undiscovered,,Slow,10,360
ZANGOOSE,0,Zangoose,,NORMAL,,73,115,60,60,60,90,458,IMMUNITY,,TOXICBOOST,Field,,Erratic,90,160
ZAPDOS,0,Zapdos,,ELECTRIC,FLYING,90,90,85,125,90,100,580,PRESSURE,,STATIC,Undiscovered,,Slow,3,290
ZAPDOS_1,1,Zapdos,,FIGHTING,FLYING,90,125,90,85,90,100,580,DEFIANT,,DEFIANT,Undiscovered,,Slow,3,290
ZARUDE,0,Zarude,,DARK,GRASS,105,120,105,70,95,105,600,LEAFGUARD,,,Undiscovered,,Slow,3,300
ZEBSTRIKA,0,Zebstrika,,ELECTRIC,,75,105,63,70,63,121,497,MOTORDRIVE,STRIKER,GUTS,Field,,Medium,75,174
ZEKROM,0,Zekrom,,DRAGON,ELECTRIC,100,150,120,120,100,90,680,TERAVOLT,,,Undiscovered,,Slow,3,340
ZERAORA,0,Zeraora,,ELECTRIC,,88,112,75,102,80,143,600,VOLTABSORB,,,Undiscovered,,Slow,3,300
ZIGZAGOON,0,Zigzagoon,,NORMAL,,38,30,41,30,41,60,240,PICKUP,GLUTTONY,QUICKFEET,Field,,Medium,255,56
ZIGZAGOON_1,1,Zigzagoon,,DARK,NORMAL,38,30,41,30,41,60,240,PICKUP,GLUTTONY,QUICKFEET,Field,,Medium,255,56
ZOROARK,0,Zoroark,,DARK,,60,105,60,120,60,105,510,ILLUSION,,,Field,,Parabolic,45,179
ZOROARK_1,1,Zoroark,,NORMAL,GHOST,55,100,60,125,60,110,510,ILLUSION,,,Field,,Parabolic,45,179
ZORUA,0,Zorua,,DARK,,40,65,40,80,40,65,330,ILLUSION,,,Field,,Parabolic,75,66
ZORUA_1,1,Zorua,,NORMAL,GHOST,35,60,40,85,40,70,330,ILLUSION,,,Field,,Parabolic,75,66
ZUBAT,0,Zubat,,POISON,FLYING,40,45,35,30,40,55,245,INNERFOCUS,,INFILTRATOR,Flying,,Medium,255,49
ZWEILOUS,0,Zweilous,,DARK,DRAGON,72,85,70,65,70,58,420,HUSTLE,,,Dragon,,Slow,45,147
ZYGARDE,0,Zygarde,,DRAGON,GROUND,108,100,121,81,95,95,600,AURABREAK,POWERCONSTRUCT,,Undiscovered,,Slow,3,300
ZYGARDE_1,1,Zygarde,,DRAGON,GROUND,54,100,71,61,85,115,486,AURABREAK,POWERCONSTRUCT,,Undiscovered,,Slow,3,243
ZYGARDE_2,2,Zygarde,,DRAGON,GROUND,216,100,121,91,95,85,708,POWERCONSTRUCT,,POWERCONSTRUCT,Undiscovered,,Slow,3,354
ZYGARDE_3,3,Zygarde,,DRAGON,GROUND,216,100,121,91,95,85,708,POWERCONSTRUCT,,POWERCONSTRUCT,Undiscovered,,Slow,3,354